"Campagna","CodStaz","codice_aziendale","Reg","Prov_","Stazione","cod_istat","Comune","Linea fisica","Saliti7-9","Discesi7-9","Corse7-9","Saliti24H","Corse24H","Saliti_S","Saliti_R","Saliti_RE","Corse_S","Corse_R","Corse_RE","Anno","tipo_giorno","Calendario","POINT_X","POINT_Y","Location"
"C_Luglio2023","272","S01844","LO","BS","VISANO","17203","Visano","BRESCIA-PARMA","40","30","4","140","25","0","140","0","0","25","0","2023","Feriale","estivo","10.363129196","45.315389802","POINT (10.363129196 45.315389802)"
"C_nov 2020","166","S01451","LO","CO","CANTU'","13041","Cantu'","ALBATE-MOLTENO","0","10","3","10","13","0","10","0","0","13","0","2020","Feriale","Invernale","9.130350159","45.752397871","POINT (9.130350159 45.752397871)"
"C_nov 2018","83","S01037","LO","MI","RHO","15182","Rho","TORINO-MILANO","1790","1080","20","7150","176","7150","0","0","176","0","0","2018","Fer","Invernale","9.043583998","45.523927896","POINT (9.043583998 45.523927896)"
"C_nov 2019","328","S01951","EM","PC","S.NICOLO'","33039","Rottofreno","ALESS.-PIACENZA","0","0","0","20","15","0","20","0","0","15","0","2019","Fer","Invernale","9.606551575","4.505875181","POINT (9.606551575 45.05875181)"
"C_nov 2016","2.785","S01726","LO","CO","Mozzate","13159","Mozzate","Saronno - Varese Nord","410","60","8","900","57","0","900","0","0","57","0","2016","Fer","Invernale","8.955224279","45.677788011","POINT (8.955224279 45.677788011)"
"C_Luglio2023","109","S01200","LO","VA","PORTO CERESIO","12113","Porto Ceresio","PORTO C.-GALLARATE","100","70","4","620","34","0","0","620","0","0","34","2023","Feriale","estivo","8.900389083","45.903750516","POINT (8.900389083 45.903750516)"
"C_nov 2018","112","S01204","LO","VA","INDUNO OLONA","12083","Induno Olona","PORTO C.-GALLARATE","270","70","12","790","103","500","0","300","69","0","34","2018","Fer","Invernale","8.838391122","45.846513143","POINT (8.838391122 45.846513143)"
"C_nov 2017","2.765","S01093","LO","CO","Inverigo","13118","Inverigo","Seveso - Asso","260","60","6","560","50","0","560","0","0","50","0","2017","Fer","Invernale","9.224441129","45.740269966","POINT (9.224441129 45.740269966)"
"C_nov 2017","2.795","S01014","LO","BS","Pisogne","17143","Pisogne","Iseo - Pisogne","150","40","4","400","34","0","250","160","0","21","13","2017","Fer","Invernale","10.105622584","45.806591032","POINT (10.105622584 45.806591032)"
"C_nov 2016","42","S00400","LO","PV","SAIRANO-ZINASCO","18190","Zinasco","CAVA C.-TORREBER","30","10","5","60","26","0","60","0","0","26","0","2016","Fer","Invernale","9.030186913","45.133877321","POINT (9.030186913 45.133877321)"
"C_nov 2021","5.919","S01146","LO","VA","Malpensa Aeroporto T2","12140","Vizzola Ticino","Busto Arsizio - Malpensa","0","0","8","0","51","0","0","0","14","24","13","2021","Feriale","Invernale","8.721967232","4.565058598","POINT (8.721967232 45.65058598)"
"C_Luglio2023","2.862","S01650","LO","MI","MILANO DATEO","15146","Milano","PASSANTE","850","1720","39","5480","332","5480","0","0","332","0","0","2023","Feriale","estivo","9.217309375","45.467669611","POINT (9.217309375 45.467669611)"
"C_nov 2022","188","S01491","LO","LC","COSTA MASNAGA","97026","Costa Masnaga","MONZA-LECCO","280","60","10","420","38","420","0","0","38","0","0","2022","Feriale","Invernale","0.928526064","45.763506456","POINT (9.28526064 45.763506456)"
"C_nov 2018","196","S01512","LO","LC","OSNAGO","97061","Osnago","TIRANO-MILANO Mz-Lc","480","60","8","1000","68","1000","0","0","68","0","0","2018","Fer","Invernale","9.387021835","45.678609287","POINT (9.387021835 45.678609287)"
"C_nov 2016","250","S01803","LO","PV","CERTOSA DI PAVIA","18046","Certosa di Pavia","MILANO-GENOVA","430","70","8","970","74","970","0","0","72","0","2","2016","Fer","Invernale","9.154491353","45.257008002","POINT (9.154491353 45.257008002)"
"C_nov 2019","2.854","S00023","PI","NO","Novara FN","3106","Novara","Saronno - Novara","230","560","6","1300","38","0","1300","0","0","38","0","2019","Fer","Invernale","8.627061488","45.452334846","POINT (8.627061488 45.452334846)"
"C_nov 2016","2.808","S01770","LO","BS","Sellero","17176","Sellero","Breno - Edolo","0","0","1","0","2","0","0","0","0","2","0","2016","Fer","Invernale","10.346597177","46.046262075","POINT (10.346597177 46.046262075)"
"C_nov 2020","95","S01117","LO","VA","CALDE'","12045","Castelveccana","LUINO-GALLARATE","10","10","2","20","28","0","20","0","0","28","0","2020","Feriale","Invernale","8.663196767","45.945891984","POINT (8.663196767 45.945891984)"
"C_nov 2016","174","S01461","LO","LC","SALA AL BARRO-GALBIATE","97036","Galbiate","MONZA-LECCO","50","40","7","100","37","70","30","0","34","3","0","2016","Fer","Invernale","9.359251698","45.821167176","POINT (9.359251698 45.821167176)"
"C_Luglio2023","2.784","S01740","LO","VA","Morosolo-Casciago","12038","Casciago","Varese Nord - Laveno Momb","60","40","7","180","40","0","80","110","0","23","17","2023","Feriale","estivo","8.777403493","45.826573232","POINT (8.777403493 45.826573232)"
"C_nov 2019","158","S01434","LO","SO","PONTE IN VALTELLINA","14052","Ponte in Valtellina","TIRANO-MILANO So-Tir","10","10","1","40","14","0","40","10","0","8","6","2019","Fer","Invernale","9.975919439","46.162708899","POINT (9.975919439 46.162708899)"
"C_nov 2016","143","S01413","LO","LC","LIERNA","97043","Lierna","TIRANO-MILANO Lc-So","80","20","3","220","28","0","190","40","0","26","2","2016","Fer","Invernale","9.303109353","45.961043911","POINT (9.303109353 45.961043911)"
"C_nov 2018","2.715","S01778","LO","BS","Boario Terme","17065","Darfo Boario Terme","Pisogne - Breno","40","30","3","220","32","0","120","110","0","19","13","2018","Fer","Invernale","10.190958686","45.892043214","POINT (10.190958686 45.892043214)"
"C_Luglio2023","217","S01600","LO","BG","VERDELLO DALMINE","16233","Verdello","BERGAMO-CREMONA","690","230","18","2440","100","0","620","1820","0","46","54","2023","Feriale","estivo","0.961982632","45.605792605","POINT (9.61982632 45.605792605)"
"C_Novembre2023","2.800","S01069","LO","MI","Milano Quarto Oggiaro","15146","Milano","Milano Nord Cadorna - Sar","720","750","16","3280","133","3280","0","0","133","0","0","2023","Feriale","Invernale","9.145253109","45.519239088","POINT (9.145253109 45.519239088)"
"C_nov 2017","274","S01846","LO","BS","REMEDELLO SOTTO","17160","Remedello","BRESCIA-PARMA","10","10","3","40","24","0","40","0","0","24","0","2017","Fer","Invernale","1.038843093","45.257552358","POINT (10.38843093 45.257552358)"
"C_nov 2015","5.852","S01927","LO","MI","Ceriano L. Groane","108018","Ceriano Laghetto","Saronno - Seregno","50","30","8","250","68","250","0","0","68","0","0","2015","Fer","Invernale","0.009099863","45.627200546","POINT (9.099863 45.627200546)"
"C_nov 2019","121","S01312","LO","CO","CUCCIAGO","13084","Cucciago","CHIASSO-MILANO","120","40","9","250","72","250","0","0","72","0","0","2019","Fer","Invernale","9.082243395","45.740890259","POINT (9.082243395 45.740890259)"
"C_nov 2022","2.785","S01726","LO","CO","Mozzate","13159","Mozzate","Saronno - Varese Nord","490","100","8","1020","59","0","1020","0","0","59","0","2022","Feriale","Invernale","8.955224279","45.677788011","POINT (8.955224279 45.677788011)"
"C_nov 2020","2.799","S01787","LO","BS","Provaglio-Timoline","17156","Provaglio d'Iseo","Brescia - Iseo","10","10","5","30","36","0","30","0","0","36","0","2020","Feriale","Invernale","10.035246585","45.635075228","POINT (10.035246585 45.635075228)"
"C_nov 2021","5.854","S01109","LO","MI","Cormano-Cusano Milanino","15098","Cusano Milanino","Milano Nord Bovisa - Seve","840","320","20","2260","123","2260","0","0","123","0","0","2021","Feriale","Invernale","9.173714792","45.545195079","POINT (9.173714792 45.545195079)"
"C_nov 2021","2.865","S01624","LO","MI","SAN DONATO MILANESE","15192","San Donato Milanese","MILANO-BOLOGNA","70","130","6","440","65","440","0","0","65","0","0","2021","Feriale","Invernale","9.253900071","45.417940908","POINT (9.253900071 45.417940908)"
"C_nov 2017","165","S01450","LO","CO","ALBATE TRECALLO","13075","Como","ALBATE-MOLTENO","10","30","4","40","22","0","40","0","0","22","0","2017","Fer","Invernale","9.095790373","45.777467374","POINT (9.095790373 45.777467374)"
"C_nov 2016","177","S01480","LO","MI","MONZA SOBBORGHI","108033","Monza","MONZA-LECCO","260","70","6","510","40","510","0","0","40","0","0","2016","Fer","Invernale","9.284488422","45.582043348","POINT (9.284488422 45.582043348)"
"C_nov 2019","275","S01847","LO","MN","ASOLA","20002","Asola","BRESCIA-PARMA","60","30","4","170","22","0","170","0","0","22","0","2019","Fer","Invernale","10.402333601","45.220534843","POINT (10.402333601 45.220534843)"
"C_nov 2015","178","S01481","LO","MI","VILLASANTA","108049","Villasanta","MONZA-LECCO","340","60","6","590","41","590","0","0","41","0","0","2015","FER","Invernale","9.305121962","45.603443796","POINT (9.305121962 45.603443796)"
"C_nov 2022","212","S01536","LO","BG","CHIUDUNO","16073","Chiuduno","LECCO-BRESCIA","80","40","4","320","32","0","320","0","0","32","0","2022","Feriale","Invernale","9.846952911","45.650526953","POINT (9.846952911 45.650526953)"
"C_nov 2015","267","S01830","LO","MI","BORGOLOMBARDO","15192","San Donato Milanese","MILANO-BOLOGNA","290","130","8","880","75","880","0","0","75","0","0","2015","Fer","Invernale","9.271012475","4.540385926","POINT (9.271012475 45.40385926)"
"C_nov 2015","2.811","S01925","LO","MI","Seveso","108040","Seveso","Milano Nord Bovisa - Seve","1430","640","24","3560","189","1810","1760","0","137","52","0","2015","Fer","Invernale","0.914058178","45.647945743","POINT (9.14058178 45.647945743)"
"C_nov 2020","88","S01061","LO","PV","VIGEVANO","18177","Vigevano","MILANO-MORTARA-AL","480","170","7","1930","45","0","1930","0","0","45","0","2020","Feriale","Invernale","8.862008085","45.312797339","POINT (8.862008085 45.312797339)"
"C_nov 2019","314","S01924","LO","MN","S.MICHELE IN BOSCO","20031","Marcaria","CODOGNO-MANTOVA","10","0","1","10","6","0","10","0","0","6","0","2019","Fer","Invernale","10.573308108","45.122485012","POINT (10.573308108 45.122485012)"
"C_nov 2016","167","S01452","LO","CO","BRENNA-ALZATE","13029","Brenna","ALBATE-MOLTENO","10","10","3","10","20","0","10","0","0","20","0","2016","Fer","Invernale","9.183346262","4.575412075","POINT (9.183346262 45.75412075)"
"C_nov 2019","155","S01429","LO","SO","CASTIONE ANDEVENNO","14015","Castione Andevenno","TIRANO-MILANO Lc-So","0","0","1","0","1","0","0","0","0","1","0","2019","Fer","Invernale","9.806179088","46.161737068","POINT (9.806179088 46.161737068)"
"C_nov 2022","260","S01823","LO","MI","S.ZENONE AL LAMBRO","15202","San Zenone al Lambro","MILANO-BOLOGNA","480","100","8","1090","69","1090","0","0","69","0","0","2022","Feriale","Invernale","9.361288898","45.337904599","POINT (9.361288898 45.337904599)"
"C_nov 2015","166","S01451","LO","CO","CANTU'","13041","Cantu'","ALBATE-MOLTENO","10","20","4","50","20","0","50","0","0","20","0","2015","Fer","Invernale","9.130350159","45.752397871","POINT (9.130350159 45.752397871)"
"C_nov 2017","320","S01942","LO","PV","CASTEGGIO","18037","Casteggio","ALESS.-PIACENZA","10","10","1","90","15","0","90","0","0","15","0","2017","Fer","Invernale","9.124623708","4.501745237","POINT (9.124623708 45.01745237)"
"C_Luglio2023","183","S01486","LO","MI","CARATE-CALO'","108015","Carate Brianza","MONZA-LECCO","20","10","7","40","44","40","10","0","41","1","2","2023","Feriale","estivo","9.252340508","4.567652894","POINT (9.252340508 45.67652894)"
"C_nov 2021","32","S00252","PI","NO","TRECATE","3149","Trecate","TORINO-MILANO","400","120","8","1670","67","1670","0","0","67","0","0","2021","Feriale","Invernale","8.739372114","4.542852569","POINT (8.739372114 45.42852569)"
"C_nov 2017","224","S01607","LO","CR","SORESINA","19098","Soresina","BERGAMO-CREMONA","140","40","5","360","36","0","360","0","0","36","0","2017","Fer","Invernale","9.856662219","45.283167819","POINT (9.856662219 45.283167819)"
"C_Luglio2023","3","S00031","PI","NO","VESPOLATE","3158","Vespolate","NOVARA-MORTARA","20","10","3","30","10","0","30","0","0","10","0","2023","Feriale","estivo","8.672069059","4.535153791","POINT (8.672069059 45.35153791)"
"C_nov 2021","5.840","S01722","LO","MI","POZZUOLO MART.","15178","Pozzuolo Martesana","MILANO-VENEZIA","330","120","16","770","93","770","10","0","92","1","0","2021","Feriale","Invernale","9.465176435","45.510126551","POINT (9.465176435 45.510126551)"
"C_Luglio2023","2.823","S01782","LO","BS","Vello","17106","Marone","Iseo - Pisogne","10","10","3","450","19","0","450","0","0","19","0","2023","Feriale","estivo","10.083908147","45.752417679","POINT (10.083908147 45.752417679)"
"C_nov 2015","123","S01315","LO","CO","CARIMATE","13046","Carimate","CHIASSO-MILANO","280","70","8","680","65","680","0","0","65","0","0","2015","Fer","Invernale","9.107220464","45.697171053","POINT (9.107220464 45.697171053)"
"C_nov 2017","2.801","S01135","LO","MI","Rescaldina","15181","Rescaldina","Saronno - Novara","840","120","10","1630","74","0","1630","0","0","74","0","2017","Fer","Invernale","8.946679489","45.622159013","POINT (8.946679489 45.622159013)"
"C_nov 2019","287","S01865","LO","PV","CORTEOLONA","18056","Corteolona","PAVIA-CASALPUST.","100","10","5","140","22","0","140","0","0","22","0","2019","Fer","Invernale","9.375508787","45.159782769","POINT (9.375508787 45.159782769)"
"C_nov 2017","135","S01404","LO","SO","VERCEIA","14075","Verceia","CHIAVENNA-COLICO","50","10","3","110","30","0","110","0","0","30","0","2017","Fer","Invernale","9.458448611","46.202905061","POINT (9.458448611 46.202905061)"
"C_nov 2020","194","S01510","LO","MI","ARCORE","108004","Arcore","TIRANO-MILANO Mz-Lc","310","140","14","1230","107","800","430","0","67","40","0","2020","Feriale","Invernale","9.322824319","45.623570636","POINT (9.322824319 45.623570636)"
"C_Luglio2023","2.709","S01092","LO","CO","Arosio","13012","Arosio","Seveso - Asso","220","50","8","440","49","0","440","0","0","49","0","2023","Feriale","estivo","9.210246869","4.571835634","POINT (9.210246869 45.71835634)"
"C_nov 2022","5.839","S01058","LO","MI","PREGNANA MIL.","15179","Pregnana Milanese","TORINO-MILANO","360","120","8","1020","69","1020","0","0","69","0","0","2022","Feriale","Invernale","8.983574748","45.503547665","POINT (8.983574748 45.503547665)"
"C_Luglio2023","71","S01020","PI","NO","ARONA","3008","Arona","DOMODOSSOLA-MILANO","240","130","7","1240","50","0","640","600","0","32","18","2023","Feriale","estivo","8.559107617","4.575531295","POINT (8.559107617 45.75531295)"
"C_nov 2016","129","S01325","LO","MI","SESTO S. GIOVANNI","15209","Sesto San Giovanni","CHIASSO-MILANO","1410","3420","40","10440","310","8370","2080","0","246","64","0","2016","Fer","Invernale","9.239294385","45.541170043","POINT (9.239294385 45.541170043)"
"C_nov 2016","2.745","S01744","LO","VA","Cocquio-Trevisago","12053","Cocquio-Trevisago","Varese Nord - Laveno Momb","170","40","7","460","42","0","170","300","0","21","21","2016","Fer","Invernale","8.690075387","45.860132463","POINT (8.690075387 45.860132463)"
"C_nov 2015","2.861","S01639","LO","MI","MILANO VILLAPIZZONE","15146","Milano","PASSANTE","730","1320","25","3720","196","3140","200","390","178","5","13","2015","Fer","Invernale","9.150254378","45.502301332","POINT (9.150254378 45.502301332)"
"C_nov 2017","179","S01482","LO","MI","BUTTAFAVA","108049","Villasanta","MONZA-LECCO","80","20","6","150","40","150","0","0","40","0","0","2017","Fer","Invernale","9.301221362","45.621491933","POINT (9.301221362 45.621491933)"
"C_Novembre2023","2.810","S01073","LO","MI","Garbagnate Parco Groane","15105","Garbagnate Milanese","Milano Nord Cadorna - Sar","580","130","16","1260","133","1260","0","0","133","0","0","2023","Feriale","Invernale","9.091157698","45.571158456","POINT (9.091157698 45.571158456)"
"C_nov 2019","85","S01041","LO","MI","CORBETTA-S.STEFANO TIC.","15200","Santo Stefano Ticino","TORINO-MILANO","690","200","8","1890","74","1890","0","0","74","0","0","2019","Fer","Invernale","8.917496093","45.480908343","POINT (8.917496093 45.480908343)"
"C_Novembre2023","2.817","S01751","LO","MI","Turbigo","15226","Turbigo","Saronno - Novara","390","80","6","790","36","0","790","0","0","36","0","2023","Feriale","Invernale","8.738913891","45.528044364","POINT (8.738913891 45.528044364)"
"C_nov 2016","34","S00272","LO","PV","ROBBIO","18123","Robbio","VERCELLI-PAVIA","150","20","5","240","28","0","240","0","0","28","0","2016","Fer","Invernale","8.597086609","45.293627181","POINT (8.597086609 45.293627181)"
"C_nov 2018","2.794","S01786","LO","BS","Pilzone","17085","Iseo","Iseo - Pisogne","30","10","4","50","20","0","50","0","0","20","0","2018","Fer","Invernale","10.079163075","45.674416503","POINT (10.079163075 45.674416503)"
"C_nov 2020","313","S01923","LO","MN","CASTELLUCCHIO","20016","Castellucchio","CODOGNO-MANTOVA","20","10","4","40","28","0","20","30","0","7","21","2020","Feriale","Invernale","10.647514805","45.144370088","POINT (10.647514805 45.144370088)"
"C_Luglio2023","256","S01810","PI","AL","TORTONA","6174","Tortona","MILANO-GENOVA","200","40","3","580","20","0","0","580","0","0","20","2023","Feriale","estivo","0.886181929","4.490006568","POINT (8.86181929 44.90006568)"
"C_nov 2022","36","S00274","LO","PV","GAMBOLO'-REMONDO'","18068","Gambolo'","VERCELLI-PAVIA","10","10","3","40","25","0","40","0","0","25","0","2022","Feriale","Invernale","8.797608181","45.235955245","POINT (8.797608181 45.235955245)"
"C_nov 2017","76","S01029","LO","VA","CASORATE SEMPIONE","12039","Casorate Sempione","DOMODOSSOLA-MILANO","170","50","6","390","33","0","390","0","0","33","0","2017","Fer","Invernale","8.743986914","45.675152648","POINT (8.743986914 45.675152648)"
"C_nov 2017","39","S00277","LO","PV","GROPELLO CAIROLI","18076","Gropello Cairoli","VERCELLI-PAVIA","120","10","4","200","28","0","200","0","0","28","0","2017","Fer","Invernale","8.991656466","4.517318205","POINT (8.991656466 45.17318205)"
"C_nov 2021","205","S01526","LO","BG","PONTIDA","16171","Pontida","LECCO-BRESCIA","80","20","4","190","31","0","190","0","0","31","0","2021","Feriale","Invernale","9.511662206","45.730161398","POINT (9.511662206 45.730161398)"
"C_nov 2019","2.717","S01072","LO","MI","Bollate Nord","15027","Bollate","Milano Nord Cadorna - Sar","650","190","17","1480","140","1480","0","0","140","0","0","2019","Fer","Invernale","9.112398385","45.552681567","POINT (9.112398385 45.552681567)"
"C_nov 2015","89","S01062","LO","MI","ABBIATEGRASSO","15002","Abbiategrasso","MILANO-MORTARA-AL","1440","290","9","3330","51","0","3330","0","0","51","0","2015","FER","Invernale","8.921337035","45.400715222","POINT (8.921337035 45.400715222)"
"C_nov 2021","2.979","S01530","LO","BG","Bergamo Ospedale","16024","Bergamo","LECCO-BRESCIA","40","50","4","290","40","0","290","0","0","40","0","2021","Feriale","Invernale","9.638900819","45.688275861","POINT (9.638900819 45.688275861)"
"C_nov 2018","2.865","S01624","LO","MI","SAN DONATO MILANESE","15192","San Donato Milanese","MILANO-BOLOGNA","110","500","9","840","79","840","0","0","79","0","0","2018","Fer","Invernale","9.253900071","45.417940908","POINT (9.253900071 45.417940908)"
"C_Luglio2023","285","S01863","LO","PV","ALBUZZANO","18004","Albuzzano","PAVIA-CASALPUST.","10","20","4","20","22","0","20","0","0","22","0","2023","Feriale","estivo","9.261661322","4.517259006","POINT (9.261661322 45.17259006)"
"C_nov 2020","2.767","S01094","LO","CO","Lambrugo-Lurago","13121","Lambrugo","Seveso - Asso","20","10","6","60","43","0","60","0","0","43","0","2020","Feriale","Invernale","9.238491713","45.761639869","POINT (9.238491713 45.761639869)"
"C_nov 2022","2.731","S01758","LO","CO","Caslino al Piano","13036","Cadorago","Saronno - Como","220","60","8","500","62","0","500","0","0","62","0","2022","Feriale","Invernale","9.040174552","45.711047814","POINT (9.040174552 45.711047814)"
"C_nov 2020","2.793","S01780","LO","BS","Piancamuno-Gratacasolo","17142","Pian Camuno","Pisogne - Breno","10","10","3","30","17","0","30","0","0","17","0","2020","Feriale","Invernale","10.138337016","45.839909876","POINT (10.138337016 45.839909876)"
"C_nov 2020","44","S00402","LO","PV","PIEVE ALBIGNOLA","18112","Pieve Albignola","CAVA C.-TORREBER","10","10","4","30","23","0","30","0","0","23","0","2020","Feriale","Invernale","8.959758126","45.116329989","POINT (8.959758126 45.116329989)"
"C_nov 2020","2.979","S01530","LO","BG","Bergamo Ospedale","16024","Bergamo","LECCO-BRESCIA","10","20","4","80","40","0","80","0","0","40","0","2020","Feriale","Invernale","9.638900819","45.688275861","POINT (9.638900819 45.688275861)"
"C_nov 2021","2.756","S01760","LO","CO","Fino Mornasco","13102","Fino Mornasco","Saronno - Como","340","90","8","950","62","0","950","0","0","62","0","2021","Feriale","Invernale","9.047021129","45.746532082","POINT (9.047021129 45.746532082)"
"C_nov 2016","803","S02083","LO","BS","LONATO","17092","Lonato","MILANO-VENEZIA","10","10","1","10","2","0","10","0","0","2","0","2016","Fer","Invernale","10.486740042","45.457282784","POINT (10.486740042 45.457282784)"
"C_nov 2018","2.853","S01748","PI","NO","Galliate","3068","Galliate","Saronno - Novara","270","90","6","610","38","0","610","0","0","38","0","2018","Fer","Invernale","8.691135844","45.481138261","POINT (8.691135844 45.481138261)"
"C_nov 2018","74","S01027","LO","VA","VERGIATE","12138","Vergiate","DOMODOSSOLA-MILANO","190","60","6","440","33","0","440","0","0","33","0","2018","Fer","Invernale","8.693230518","45.717200688","POINT (8.693230518 45.717200688)"
"C_nov 2022","5.837","S01611","LO","BG","LEVATE","16126","Levate","BERGAMO-CREMONA","130","40","8","300","47","0","300","0","0","46","1","2022","Feriale","Invernale","0.962785005","45.622899995","POINT (9.62785005 45.622899995)"
"C_Novembre2023","303","S01913","LO","CR","ACQUANEGRA CREMONESE","19001","Acquanegra Cremonese","CODOGNO-MANTOVA","20","20","3","30","11","0","30","0","0","11","0","2023","Feriale","Invernale","9.888484165","45.172179192","POINT (9.888484165 45.172179192)"
"C_nov 2021","220","S01603","LO","CR","CAPRALBA","19015","Capralba","BERGAMO-CREMONA","90","20","5","170","35","0","170","0","0","35","0","2021","Feriale","Invernale","9.640048136","45.443945977","POINT (9.640048136 45.443945977)"
"C_nov 2015","271","S01843","LO","BS","CALVISANO","17034","Calvisano","BRESCIA-PARMA","60","10","4","150","24","0","150","0","0","24","0","2015","Fer","Invernale","10.349435029","45.346652138","POINT (10.349435029 45.346652138)"
"C_nov 2019","239","S01708","LO","BG","TREVIGLIO","16219","Treviglio","MILANO-VENEZIA","3140","1920","41","9010","252","2470","4490","2060","96","121","35","2019","Fer","Invernale","9.587945358","45.515141265","POINT (9.587945358 45.515141265)"
"C_nov 2022","129","S01325","LO","MI","SESTO S. GIOVANNI","15209","Sesto San Giovanni","CHIASSO-MILANO","1470","3270","36","9860","283","8480","1320","70","239","40","4","2022","Feriale","Invernale","9.239294385","45.541170043","POINT (9.239294385 45.541170043)"
"C_nov 2021","204","S01525","LO","BG","CISANO-CAPRINO BERGAM.","16074","Cisano Bergamasco","LECCO-BRESCIA","180","40","4","460","31","0","460","0","0","31","0","2021","Feriale","Invernale","9.474295043","45.739683366","POINT (9.474295043 45.739683366)"
"C_nov 2018","2.818","S01753","LO","MI","Vanzaghello","15249","Vanzaghello","Saronno - Novara","440","70","6","860","38","0","860","0","0","38","0","2018","Fer","Invernale","8.787492635","4.557757515","POINT (8.787492635 45.57757515)"
"C_nov 2021","268","S01840","LO","BS","MONTIRONE","17114","Montirone","BRESCIA-PARMA","20","10","4","50","25","0","50","0","0","25","0","2021","Feriale","Invernale","10.239507594","45.451430581","POINT (10.239507594 45.451430581)"
"C_nov 2015","268","S01840","LO","BS","MONTIRONE","17114","Montirone","BRESCIA-PARMA","20","10","4","60","24","0","60","0","0","24","0","2015","Fer","Invernale","10.239507594","45.451430581","POINT (10.239507594 45.451430581)"
"C_nov 2022","2.803","S01756","LO","CO","Rovellasca-Manera","13201","Rovellasca","Saronno - Como","470","90","8","950","62","0","950","0","0","62","0","2022","Feriale","Invernale","9.038331172","0.456656699","POINT (9.038331172 45.6656699)"
"C_nov 2017","321","S01943","LO","PV","S.GIULETTA","18140","Santa Giuletta","ALESS.-PIACENZA","10","10","1","30","15","0","30","0","0","15","0","2017","Fer","Invernale","9.179278043","45.035797363","POINT (9.179278043 45.035797363)"
"C_nov 2015","129","S01325","LO","MI","SESTO S. GIOVANNI","15209","Sesto San Giovanni","CHIASSO-MILANO","1380","3750","40","10340","302","8380","1950","20","236","65","1","2015","Fer","Invernale","9.239294385","45.541170043","POINT (9.239294385 45.541170043)"
"C_nov 2022","230","S01640","LO","MI","MILANO CERTOSA","15146","Milano","TORINO-MILANO","1300","1110","22","5930","172","5900","40","0","167","3","2","2022","Feriale","Invernale","0.913393857","45.507007737","POINT (9.13393857 45.507007737)"
"C_nov 2020","2.759","S01742","LO","VA","Gavirate","12072","Gavirate","Varese Nord - Laveno Momb","40","30","6","190","37","0","110","90","0","23","14","2020","Feriale","Invernale","8.714805048","4.584561142","POINT (8.714805048 45.84561142)"
"C_nov 2015","156","S01430","LO","SO","SONDRIO","14061","Sondrio","TIRANO-MILANO Lc-So","180","930","7","2330","67","0","1180","1150","0","40","27","2015","FER","Invernale","0.987296139","46.167141595","POINT (9.87296139 46.167141595)"
"C_nov 2020","86","S01042","LO","MI","VITTUONE-ARLUNO","15243","Vittuone","TORINO-MILANO","190","100","8","650","69","650","0","0","69","0","0","2020","Feriale","Invernale","8.947336756","45.491137732","POINT (8.947336756 45.491137732)"
"C_nov 2017","2.771","S01757","LO","CO","Lomazzo","13133","Lomazzo","Saronno - Como","1050","220","11","2230","70","0","1840","400","0","60","10","2017","Fer","Invernale","9.036101686","45.698756116","POINT (9.036101686 45.698756116)"
"C_nov 2019","307","S01917","LO","CR","GAZZO-PIEVE S.GIACOMO","19075","Pieve San Giacomo","CODOGNO-MANTOVA","50","10","1","70","9","0","70","10","0","8","1","2019","Fer","Invernale","1.018994286","45.137237048","POINT (10.18994286 45.137237048)"
"C_nov 2015","83","S01037","LO","MI","RHO","15182","Rho","TORINO-MILANO","1780","770","19","6250","176","6250","0","0","176","0","0","2015","Fer","Invernale","9.043583998","45.523927896","POINT (9.043583998 45.523927896)"
"C_nov 2021","286","S01864","LO","PV","BELGIOIOSO","18013","Belgioioso","PAVIA-CASALPUST.","130","20","4","190","22","0","190","0","0","22","0","2021","Feriale","Invernale","9.316907213","45.164645746","POINT (9.316907213 45.164645746)"
"C_nov 2022","226","S01610","LO","CR","MADIGNANO","19055","Madignano","BERGAMO-CREMONA","30","10","4","80","34","0","80","0","0","34","0","2022","Feriale","Invernale","9.730205146","45.343905446","POINT (9.730205146 45.343905446)"
"C_Novembre2023","2.859","S01139","LO","VA","Malpensa Aeroporto T1","12140","Vizzola Ticino","Busto Arsizio - Malpensa","630","1340","19","6640","172","570","2090","3980","26","44","102","2023","Feriale","Invernale","8.711317166","45.626885232","POINT (8.711317166 45.626885232)"
"C_nov 2021","160","S01436","LO","SO","S.GIACOMO DI TEGLIO","14065","Teglio","TIRANO-MILANO So-Tir","20","0","1","20","4","0","10","20","0","3","1","2021","Feriale","Invernale","10.027439647","46.159795887","POINT (10.027439647 46.159795887)"
"C_nov 2017","2.822","S01736","LO","VA","Vedano Olona","12134","Vedano Olona","Saronno - Varese Nord","270","70","8","600","57","0","600","0","0","57","0","2017","Fer","Invernale","8.887080675","45.777359271","POINT (8.887080675 45.777359271)"
"C_nov 2018","104","S01141","LO","VA","BESOZZO","12013","Besozzo","LUINO-GALLARATE","130","40","4","310","31","0","310","0","0","31","0","2018","Fer","Invernale","0.866303949","45.842264864","POINT (8.66303949 45.842264864)"
"C_Luglio2023","90","S01063","LO","MI","GAGGIANO","15103","Gaggiano","MILANO-MORTARA-AL","0","0","0","10","2","0","10","0","0","2","0","2023","Feriale","estivo","9.031152518","45.408906664","POINT (9.031152518 45.408906664)"
"C_Novembre2023","2.793","S01780","LO","BS","Piancamuno-Gratacasolo","17142","Pian Camuno","Pisogne - Breno","10","10","3","40","11","0","40","0","0","11","0","2023","Feriale","Invernale","10.138337016","45.839909876","POINT (10.138337016 45.839909876)"
"C_nov 2017","198","S01514","LO","LC","OLGIATE CALCO-BRIVIO","97058","Olgiate Molgora","TIRANO-MILANO Mz-Lc","670","80","8","1480","68","1480","0","0","68","0","0","2017","Fer","Invernale","0.940379608","45.729243447","POINT (9.40379608 45.729243447)"
"C_nov 2019","2.859","S01139","LO","VA","Malpensa Aeroporto T1","12140","Vizzola Ticino","Busto Arsizio - Malpensa","810","1250","20","6410","182","350","1570","4500","36","37","109","2019","Fer","Invernale","8.711317166","45.626885232","POINT (8.711317166 45.626885232)"
"C_nov 2015","78","S01031","LO","VA","BUSTO ARSIZIO","12026","Busto Arsizio","DOMODOSSOLA-MILANO","1650","860","23","5340","167","2670","1020","1670","74","42","51","2015","Fer","Invernale","8.865063882","45.616237821","POINT (8.865063882 45.616237821)"
"C_nov 2018","164","S01440","LO","SO","TIRANO","14066","Tirano","TIRANO-MILANO So-Tir","250","110","4","700","30","0","80","620","0","9","21","2018","Fer","Invernale","10.166987267","46.215458161","POINT (10.166987267 46.215458161)"
"C_nov 2022","42","S00400","LO","PV","SAIRANO-ZINASCO","18190","Zinasco","CAVA C.-TORREBER","20","10","5","50","24","0","50","0","0","24","0","2022","Feriale","Invernale","9.030186913","45.133877321","POINT (9.030186913 45.133877321)"
"C_nov 2021","2.732","S01098","LO","CO","Caslino d'Erba","13052","Caslino d'Erba","Seveso - Asso","30","10","2","70","28","0","70","0","0","28","0","2021","Feriale","Invernale","9.232326937","45.835130456","POINT (9.232326937 45.835130456)"
"C_nov 2020","46","S00404","LO","PV","FERRERA LOMELLINA","18062","Ferrera Erbognone","CAVA C.-TORREBER","10","10","4","30","23","0","30","0","0","23","0","2020","Feriale","Invernale","8.862842274","45.111893407","POINT (8.862842274 45.111893407)"
"C_Luglio2023","2.820","S01738","LO","VA","Varese Nord","12133","Varese","Saronno - Varese Nord","540","660","12","2910","78","0","1940","970","0","61","17","2023","Feriale","estivo","8.834307422","4.581847437","POINT (8.834307422 45.81847437)"
"C_nov 2015","203","S01524","LO","LC","CALOLZIOCORTE-OLGINATE","97013","Calolziocorte","TIRANO-MILANO Mz-Lc","1130","220","14","2440","105","1340","730","390","62","32","11","2015","Fer","Invernale","9.427005558","4.580169532","POINT (9.427005558 45.80169532)"
"C_Luglio2023","328","S01951","EM","PC","S.NICOLO'","33039","Rottofreno","ALESS.-PIACENZA","0","0","0","40","11","0","40","0","0","11","0","2023","Feriale","estivo","9.606551575","4.505875181","POINT (9.606551575 45.05875181)"
"C_nov 2017","2.767","S01094","LO","CO","Lambrugo-Lurago","13121","Lambrugo","Seveso - Asso","130","40","6","290","50","0","290","0","0","50","0","2017","Fer","Invernale","9.238491713","45.761639869","POINT (9.238491713 45.761639869)"
"C_nov 2016","2.782","S01642","LO","MI","MILANO NORD BOVISA","15146","Milano","Milano Nord Cadorna - Sar","5410","6870","95","28400","747","15050","9470","3890","369","238","140","2016","Fer","Invernale","9.158986972","4.550377781","POINT (9.158986972 45.50377781)"
"C_nov 2018","229","S01632","LO","MI","MILANO PORTA ROMANA","15146","Milano","MILANO-MORTARA-AL","330","740","8","1800","69","1800","0","0","69","0","0","2018","Fer","Invernale","0.921316275","45.445922893","POINT (9.21316275 45.445922893)"
"C_nov 2018","2.813","S01785","LO","BS","Sulzano","17182","Sulzano","Iseo - Pisogne","80","20","5","180","34","0","120","70","0","21","13","2018","Fer","Invernale","10.100657593","45.689468948","POINT (10.100657593 45.689468948)"
"C_nov 2022","111","S01203","LO","VA","ARCISATE","12004","Arcisate","PORTO C.-GALLARATE","410","120","11","1010","101","720","0","300","67","0","34","2022","Feriale","Invernale","8.862448264","4.585865032","POINT (8.862448264 45.85865032)"
"C_nov 2017","2.910","S01112","LO","MI","Cesano Boscone","15074","Cesano Boscone","MILANO-MORTARA-AL","180","90","8","510","70","500","10","0","69","1","0","2017","Fer","Invernale","0.909119676","45.430270342","POINT (9.09119676 45.430270342)"
"C_Novembre2023","144","S01414","LO","LC","OLCIO","97046","Mandello del Lario","TIRANO-MILANO Lc-So","10","10","3","30","26","0","30","0","0","25","1","2023","Feriale","Invernale","9.313931929","45.938086276","POINT (9.313931929 45.938086276)"
"C_nov 2020","327","S01950","EM","PC","ROTTOFRENO","33039","Rottofreno","ALESS.-PIACENZA","0","0","0","10","11","0","10","0","0","11","0","2020","Feriale","Invernale","9.549300156","4.506050732","POINT (9.549300156 45.06050732)"
"C_nov 2021","314","S01924","LO","MN","S.MICHELE IN BOSCO","20031","Marcaria","CODOGNO-MANTOVA","0","0","1","0","6","0","0","0","0","6","0","2021","Feriale","Invernale","10.573308108","45.122485012","POINT (10.573308108 45.122485012)"
"C_nov 2022","286","S01864","LO","PV","BELGIOIOSO","18013","Belgioioso","PAVIA-CASALPUST.","130","30","4","210","22","0","210","0","0","22","0","2022","Feriale","Invernale","9.316907213","45.164645746","POINT (9.316907213 45.164645746)"
"C_nov 2017","5","S00033","LO","PV","ALBONESE","18003","Albonese","NOVARA-MORTARA","20","10","3","20","10","0","20","0","0","10","0","2017","Fer","Invernale","8.714636963","45.297869975","POINT (8.714636963 45.297869975)"
"C_nov 2019","293","S01871","LO","LO","OSPEDALETTO LODIGIANO","98043","Ospedaletto Lodigiano","PAVIA-CASALPUST.","40","10","2","120","22","0","120","0","0","22","0","2019","Fer","Invernale","9.575189061","45.169411515","POINT (9.575189061 45.169411515)"
"C_nov 2016","92","S01065","LO","MI","TREZZANO S.N.","15220","Trezzano sul Naviglio","MILANO-MORTARA-AL","250","150","8","860","71","840","30","0","69","2","0","2016","Fer","Invernale","0.907123474","45.422282484","POINT (9.07123474 45.422282484)"
"C_nov 2022","301","S01911","LO","CR","PIZZIGHETTONE","19076","Pizzighettone","CODOGNO-MANTOVA","10","0","4","10","13","0","10","0","0","10","3","2022","Feriale","Invernale","9.777166532","45.181857545","POINT (9.777166532 45.181857545)"
"C_nov 2019","194","S01510","LO","MI","ARCORE","108004","Arcore","TIRANO-MILANO Mz-Lc","1740","430","17","4070","114","2530","1550","0","68","46","0","2019","Fer","Invernale","9.322824319","45.623570636","POINT (9.322824319 45.623570636)"
"C_nov 2016","2.737","S01769","LO","BS","Cedegolo","17047","Cedegolo","Breno - Edolo","50","10","4","70","17","0","50","30","0","4","13","2016","Fer","Invernale","10.350009092","46.072304074","POINT (10.350009092 46.072304074)"
"C_nov 2016","2.760","S01743","LO","VA","Gavirate-Verbano","12072","Gavirate","Varese Nord - Laveno Momb","40","190","4","240","14","0","130","110","0","10","4","2016","Fer","Invernale","8.706523665","45.851178857","POINT (8.706523665 45.851178857)"
"C_nov 2018","227","S01630","LO","MI","MILANO S. CRISTOFORO","15146","Milano","MILANO-MORTARA-AL","450","930","14","3010","113","1620","1400","0","69","44","0","2018","Fer","Invernale","9.130288258","45.442478529","POINT (9.130288258 45.442478529)"
"C_nov 2016","297","S01903","LO","BS","VEROLANUOVA","17195","Verolanuova","BRESCIA-CREMONA","180","50","4","360","33","0","360","0","0","33","0","2016","Fer","Invernale","10.083906145","45.325064899","POINT (10.083906145 45.325064899)"
"C_nov 2018","278","S01850","LO","CR","CASALMAGGIORE","19021","Casalmaggiore","BRESCIA-PARMA","220","50","4","620","38","0","620","0","0","38","0","2018","Fer","Invernale","10.425041217","44.993222003","POINT (10.425041217 44.993222003)"
"C_Luglio2023","73","S01026","LO","VA","SESTO CALENDE","12120","Sesto Calende","DOMODOSSOLA-MILANO","340","110","8","1140","50","0","630","510","0","32","18","2023","Feriale","estivo","0.862816964","45.726314213","POINT (8.62816964 45.726314213)"
"C_nov 2019","202","S01523","LO","LC","VERCURAGO-S.GIROLAMO","97086","Vercurago","TIRANO-MILANO Mz-Lc","30","10","4","40","13","0","40","0","0","13","0","2019","Fer","Invernale","9.422384671","4.581219368","POINT (9.422384671 45.81219368)"
"C_nov 2018","193","S01504","LO","BG","TERNO","16213","Terno d'Isola","SEREGNO-BERGAMO","320","50","6","620","39","0","620","0","0","39","0","2018","Fer","Invernale","9.536197341","45.688730968","POINT (9.536197341 45.688730968)"
"C_Novembre2023","107","S01144","LO","VA","MORNAGO CIMBRO","12106","Mornago","LUINO-GALLARATE","70","20","5","130","26","40","90","0","11","15","0","2023","Feriale","Invernale","8.734232423","45.729818919","POINT (8.734232423 45.729818919)"
"C_Luglio2023","204","S01525","LO","BG","CISANO-CAPRINO BERGAM.","16074","Cisano Bergamasco","LECCO-BRESCIA","120","50","4","400","32","0","400","0","0","32","0","2023","Feriale","estivo","9.474295043","45.739683366","POINT (9.474295043 45.739683366)"
"C_nov 2018","2.717","S01072","LO","MI","Bollate Nord","15027","Bollate","Milano Nord Cadorna - Sar","850","170","18","1710","140","1710","0","0","140","0","0","2018","Fer","Invernale","9.112398385","45.552681567","POINT (9.112398385 45.552681567)"
"C_Luglio2023","195","S01511","LO","MI","CARNATE USMATE","108016","Carnate","TIRANO-MILANO Mz-Lc","1040","280","19","3060","115","1980","850","250","70","39","6","2023","Feriale","estivo","9.375117342","45.653149706","POINT (9.375117342 45.653149706)"
"C_nov 2021","313","S01923","LO","MN","CASTELLUCCHIO","20016","Castellucchio","CODOGNO-MANTOVA","40","10","4","100","28","0","40","60","0","7","21","2021","Feriale","Invernale","10.647514805","45.144370088","POINT (10.647514805 45.144370088)"
"C_nov 2016","205","S01526","LO","BG","PONTIDA","16171","Pontida","LECCO-BRESCIA","140","20","4","270","32","0","270","0","0","32","0","2016","Fer","Invernale","9.511662206","45.730161398","POINT (9.511662206 45.730161398)"
"C_nov 2015","2.863","S01633","LO","MI","MILANO P.VITTORIA PASS.","15146","Milano","PASSANTE","1030","1580","37","5990","356","5990","0","0","356","0","0","2015","Fer","Invernale","9.225193061","45.459475193","POINT (9.225193061 45.459475193)"
"C_nov 2022","249","S01802","LO","MI","VILLAMAGGIORE","15115","Lacchiarella","MILANO-GENOVA","430","150","8","1080","71","1080","0","0","70","0","1","2022","Feriale","Invernale","9.190704857","45.320530164","POINT (9.190704857 45.320530164)"
"C_nov 2017","199","S01515","LO","LC","AIRUNO","97002","Airuno","TIRANO-MILANO Mz-Lc","330","40","8","720","68","720","0","0","68","0","0","2017","Fer","Invernale","9.422096968","45.754167715","POINT (9.422096968 45.754167715)"
"C_Luglio2023","2.765","S01093","LO","CO","Inverigo","13118","Inverigo","Seveso - Asso","140","40","7","400","49","0","400","0","0","49","0","2023","Feriale","estivo","9.224441129","45.740269966","POINT (9.224441129 45.740269966)"
"C_Luglio2023","110","S01202","LO","VA","BISUSCHIO-VIGGIU'","12015","Bisuschio","PORTO C.-GALLARATE","50","40","4","260","34","0","0","260","0","0","34","2023","Feriale","estivo","8.887580152","45.870733966","POINT (8.887580152 45.870733966)"
"C_nov 2021","2.815","S01729","LO","VA","Tradate","12127","Tradate","Saronno - Varese Nord","700","290","13","1730","73","0","1140","590","0","58","15","2021","Feriale","Invernale","8.906902965","45.710305004","POINT (8.906902965 45.710305004)"
"C_Novembre2023","111","S01203","LO","VA","ARCISATE","12004","Arcisate","PORTO C.-GALLARATE","350","110","10","1100","90","640","0","470","56","0","34","2023","Feriale","Invernale","8.862448264","4.585865032","POINT (8.862448264 45.85865032)"
"C_Luglio2023","2.763","S01762","LO","CO","Grandate-Breccia","13110","Grandate","Saronno - Como","270","160","9","840","67","0","710","130","0","63","4","2023","Feriale","estivo","0.009055656","45.781300073","POINT (9.055656 45.781300073)"
"C_Luglio2023","46","S00404","LO","PV","FERRERA LOMELLINA","18062","Ferrera Erbognone","CAVA C.-TORREBER","10","10","4","70","24","0","70","0","0","24","0","2023","Feriale","estivo","8.862842274","45.111893407","POINT (8.862842274 45.111893407)"
"C_nov 2015","80","S01034","LO","MI","CANEGRATE","15046","Canegrate","DOMODOSSOLA-MILANO","790","140","9","1780","75","1710","80","0","74","1","0","2015","Fer","Invernale","8.926634655","45.569313656","POINT (8.926634655 45.569313656)"
"C_nov 2018","192","S01503","LO","BG","CALUSCO","16046","Calusco d'Adda","SEREGNO-BERGAMO","250","110","6","620","39","0","620","0","0","39","0","2018","Fer","Invernale","9.470679691","45.684190766","POINT (9.470679691 45.684190766)"
"C_nov 2022","191","S01502","LO","LC","PADERNO-ROBBIATE","97062","Paderno d'Adda","SEREGNO-BERGAMO","320","90","5","900","40","0","900","0","0","40","0","2022","Feriale","Invernale","9.439232645","4.567838448","POINT (9.439232645 45.67838448)"
"C_nov 2017","250","S01803","LO","PV","CERTOSA DI PAVIA","18046","Certosa di Pavia","MILANO-GENOVA","430","80","8","900","74","900","0","0","72","0","2","2017","Fer","Invernale","9.154491353","45.257008002","POINT (9.154491353 45.257008002)"
"C_nov 2016","190","S01501","LO","MI","LESMO","108026","Lesmo","SEREGNO-BERGAMO","20","10","4","40","28","0","40","0","0","28","0","2016","Fer","Invernale","9.309350305","45.644827436","POINT (9.309350305 45.644827436)"
"C_nov 2018","2.747","S01764","LO","CO","Como Nord Borghi","13075","Como","Saronno - Como","590","940","10","2580","70","0","2220","370","0","60","10","2018","Fer","Invernale","0.909095794","45.804910086","POINT (9.09095794 45.804910086)"
"C_nov 2015","240","S01709","LO","BG","VIDALENGO","16053","Caravaggio","MILANO-VENEZIA","70","10","5","190","33","0","190","0","0","32","1","2015","FER","Invernale","0.963970536","45.517936977","POINT (9.63970536 45.517936977)"
"C_nov 2022","158","S01434","LO","SO","PONTE IN VALTELLINA","14052","Ponte in Valtellina","TIRANO-MILANO So-Tir","30","10","1","30","11","0","10","30","0","4","7","2022","Feriale","Invernale","9.975919439","46.162708899","POINT (9.975919439 46.162708899)"
"C_nov 2016","2.758","S01074","LO","MI","Garbagnate Milanese","15105","Garbagnate Milanese","Milano Nord Cadorna - Sar","1360","450","18","3240","141","3240","0","0","141","0","0","2016","Fer","Invernale","0.908029848","45.579923026","POINT (9.08029848 45.579923026)"
"C_nov 2020","2.815","S01729","LO","VA","Tradate","12127","Tradate","Saronno - Varese Nord","210","70","12","620","66","0","500","120","0","54","12","2020","Feriale","Invernale","8.906902965","45.710305004","POINT (8.906902965 45.710305004)"
"C_Novembre2023","268","S01840","LO","BS","MONTIRONE","17114","Montirone","BRESCIA-PARMA","40","40","4","170","31","0","170","0","0","31","0","2023","Feriale","Invernale","10.239507594","45.451430581","POINT (10.239507594 45.451430581)"
"C_nov 2022","161","S01437","LO","SO","TRESENDA-APRICA-TEGLIO","14065","Teglio","TIRANO-MILANO So-Tir","20","10","2","120","27","0","10","110","0","4","23","2022","Feriale","Invernale","10.083777059","46.162155619","POINT (10.083777059 46.162155619)"
"C_nov 2017","2.770","S01727","LO","CO","Locate Varesino-Carbonate","13045","Carbonate","Saronno - Varese Nord","270","50","8","520","57","0","520","0","0","57","0","2017","Fer","Invernale","8.936075743","45.689931017","POINT (8.936075743 45.689931017)"
"C_Luglio2023","2.975","S01206","LO","VA","Cantello Gaggiolo","12030","Cantello","Mendrisio-Varese","120","50","5","430","43","430","0","0","43","0","0","2023","Feriale","estivo","8.906974756","45.837723396","POINT (8.906974756 45.837723396)"
"C_nov 2021","2.777","S01087","LO","MI","Meda","108030","Meda","Seveso - Asso","480","380","9","1400","57","60","1340","0","9","48","0","2021","Feriale","Invernale","9.159047744","4.566230355","POINT (9.159047744 45.66230355)"
"C_nov 2020","2","S00030","PI","AL","GARBAGNA","6079","Garbagna","NOVARA-MORTARA","10","0","3","10","10","0","10","0","0","10","0","2020","Feriale","Invernale","8.666334325","4.538567409","POINT (8.666334325 45.38567409)"
"C_nov 2020","2.711","S01101","LO","CO","Asso","13013","Asso","Seveso - Asso","30","0","2","110","34","0","110","0","0","34","0","2020","Feriale","Invernale","9.269120449","45.854922626","POINT (9.269120449 45.854922626)"
"C_nov 2021","112","S01204","LO","VA","INDUNO OLONA","12083","Induno Olona","PORTO C.-GALLARATE","230","60","13","640","100","380","0","260","67","0","33","2021","Feriale","Invernale","8.838391122","45.846513143","POINT (8.838391122 45.846513143)"
"C_nov 2018","2.788","S01794","LO","BS","Paderno (Franciacorta)","17130","Paderno Franciacorta","Brescia - Iseo","160","20","7","250","37","0","250","0","0","37","0","2018","Fer","Invernale","10.087064635","45.586766511","POINT (10.087064635 45.586766511)"
"C_nov 2015","312","S01922","LO","MN","OSPITALETTO MANTOV.","20031","Marcaria","CODOGNO-MANTOVA","10","0","3","10","18","0","10","0","0","18","0","2015","FER","Invernale","10.604427864","45.129824898","POINT (10.604427864 45.129824898)"
"C_nov 2021","31","S00248","PI","NO","NOVARA","3106","Novara","TORINO-MILANO","420","510","8","3000","69","2960","50","0","67","2","0","2021","Feriale","Invernale","0.086249717","4.545129662","POINT (8.6249717 45.45129662)"
"C_nov 2016","2.732","S01098","LO","CO","Caslino d'Erba","13052","Caslino d'Erba","Seveso - Asso","40","10","6","80","39","0","80","0","0","39","0","2016","Fer","Invernale","9.232326937","45.835130456","POINT (9.232326937 45.835130456)"
"C_nov 2022","215","S01539","LO","BS","COLOGNE","17059","Cologne","LECCO-BRESCIA","70","30","4","260","31","0","260","0","0","31","0","2022","Feriale","Invernale","9.935343868","45.576709508","POINT (9.935343868 45.576709508)"
"C_nov 2021","5.836","S01608","LO","BG","ARCENE","16011","Arcene","BERGAMO-CREMONA","140","40","8","310","47","0","310","0","0","46","1","2021","Feriale","Invernale","9.606556547","45.577555908","POINT (9.606556547 45.577555908)"
"C_nov 2021","223","S01606","LO","CR","CASTELLEONE","19025","Castelleone","BERGAMO-CREMONA","110","30","5","340","36","0","340","0","0","36","0","2021","Feriale","Invernale","9.767822253","45.301905969","POINT (9.767822253 45.301905969)"
"C_nov 2015","307","S01917","LO","CR","GAZZO-PIEVE S.GIACOMO","19075","Pieve San Giacomo","CODOGNO-MANTOVA","50","10","2","70","24","0","60","10","0","23","1","2015","FER","Invernale","1.018994286","45.137237048","POINT (10.18994286 45.137237048)"
"C_nov 2019","262","S01825","LO","LO","LODI","98031","Lodi","MILANO-BOLOGNA","2180","1880","19","7200","136","2940","2960","1310","75","41","20","2019","Fer","Invernale","9.497612624","45.309042271","POINT (9.497612624 45.309042271)"
"C_nov 2021","123","S01315","LO","CO","CARIMATE","13046","Carimate","CHIASSO-MILANO","130","70","8","420","71","420","0","0","71","0","0","2021","Feriale","Invernale","9.107220464","45.697171053","POINT (9.107220464 45.697171053)"
"C_Luglio2023","5.839","S01058","LO","MI","PREGNANA MIL.","15179","Pregnana Milanese","TORINO-MILANO","180","100","8","660","69","660","0","0","69","0","0","2023","Feriale","estivo","8.983574748","45.503547665","POINT (8.983574748 45.503547665)"
"C_nov 2021","198","S01514","LO","LC","OLGIATE CALCO-BRIVIO","97058","Olgiate Molgora","TIRANO-MILANO Mz-Lc","490","80","8","1080","65","1080","0","0","65","0","0","2021","Feriale","Invernale","0.940379608","45.729243447","POINT (9.40379608 45.729243447)"
"C_Novembre2023","2.805","S01784","LO","BS","Sale Marasino","17169","Sale Marasino","Iseo - Pisogne","50","20","4","200","27","0","170","30","0","18","9","2023","Feriale","Invernale","10.111830104","4.571279216","POINT (10.111830104 45.71279216)"
"C_Novembre2023","2.754","S01096","LO","CO","Erba","13095","Erba","Seveso - Asso","170","310","6","990","51","0","990","0","0","51","0","2023","Feriale","Invernale","9.230305963","45.813198114","POINT (9.230305963 45.813198114)"
"C_nov 2017","2.757","S01768","LO","BS","Forno d'Allione","17016","Berzo Demo","Breno - Edolo","0","0","1","0","2","0","0","0","0","2","0","2017","Fer","Invernale","10.314929012","46.090120179","POINT (10.314929012 46.090120179)"
"C_Luglio2023","89","S01062","LO","MI","ABBIATEGRASSO","15002","Abbiategrasso","MILANO-MORTARA-AL","570","180","7","1810","46","0","1810","0","0","46","0","2023","Feriale","estivo","8.921337035","45.400715222","POINT (8.921337035 45.400715222)"
"C_nov 2016","137","S01406","LO","LC","PIONA","97023","Colico","TIRANO-MILANO Lc-So","10","10","3","60","27","0","60","10","0","26","1","2016","Fer","Invernale","0.935079332","46.124769888","POINT (9.35079332 46.124769888)"
"C_nov 2017","5.919","S01146","LO","VA","Malpensa Aeroporto T2","12140","Vizzola Ticino","Busto Arsizio - Malpensa","100","240","18","1030","150","0","280","760","0","41","109","2017","Fer","Invernale","8.721967232","4.565058598","POINT (8.721967232 45.65058598)"
"C_Novembre2023","77","S01030","LO","VA","GALLARATE","12070","Gallarate","DOMODOSSOLA-MILANO","1960","1610","30","7660","209","3150","1950","2560","106","49","54","2023","Feriale","Invernale","0.879828248","45.659901549","POINT (8.79828248 45.659901549)"
"C_nov 2019","96","S01118","LO","VA","LAVENO MOMBELLO","12087","Laveno-Mombello","LUINO-GALLARATE","70","40","3","240","29","0","240","0","0","29","0","2019","Fer","Invernale","8.624617825","45.903348381","POINT (8.624617825 45.903348381)"
"C_Novembre2023","2.719","S01788","LO","BS","Borgonato Adro","17062","Corte Franca","Brescia - Iseo","30","20","5","130","34","0","130","0","0","34","0","2023","Feriale","Invernale","10.020113024","45.622225521","POINT (10.020113024 45.622225521)"
"C_nov 2019","165","S01450","LO","CO","ALBATE TRECALLO","13075","Como","ALBATE-MOLTENO","20","30","4","50","22","0","50","0","0","22","0","2019","Fer","Invernale","9.095790373","45.777467374","POINT (9.095790373 45.777467374)"
"C_nov 2016","230","S01640","LO","MI","MILANO CERTOSA","15146","Milano","TORINO-MILANO","1140","1320","24","5680","186","5580","70","50","179","4","3","2016","Fer","Invernale","0.913393857","45.507007737","POINT (9.13393857 45.507007737)"
"C_nov 2016","310","S01920","LO","MN","BOZZOLO","20007","Bozzolo","CODOGNO-MANTOVA","70","20","3","180","23","0","100","90","0","17","6","2016","Fer","Invernale","10.472685666","45.107331585","POINT (10.472685666 45.107331585)"
"C_nov 2018","2.757","S01768","LO","BS","Forno d'Allione","17016","Berzo Demo","Breno - Edolo","0","0","1","0","2","0","0","0","0","2","0","2018","Fer","Invernale","10.314929012","46.090120179","POINT (10.314929012 46.090120179)"
"C_nov 2015","2.783","S01066","LO","MI","Milano Nord Cadorna","15146","Milano","Milano Nord Cadorna - Sar","2710","18410","61","42920","468","13250","21870","7810","160","198","110","2015","Fer","Invernale","9.175179183","45.468514231","POINT (9.175179183 45.468514231)"
"C_nov 2019","36","S00274","LO","PV","GAMBOLO'-REMONDO'","18068","Gambolo'","VERCELLI-PAVIA","30","10","4","50","20","0","50","0","0","20","0","2019","Fer","Invernale","8.797608181","45.235955245","POINT (8.797608181 45.235955245)"
"C_nov 2021","2.823","S01782","LO","BS","Vello","17106","Marone","Iseo - Pisogne","10","10","3","10","20","0","10","0","0","20","0","2021","Feriale","Invernale","10.083908147","45.752417679","POINT (10.083908147 45.752417679)"
"C_nov 2018","163","S01439","LO","SO","VILLA DI TIRANO","14078","Villa di Tirano","TIRANO-MILANO So-Tir","10","10","1","20","7","0","20","0","0","7","0","2018","Fer","Invernale","10.130361703","46.196242159","POINT (10.130361703 46.196242159)"
"C_nov 2020","5.835","S01032","LO","MI","Milano Romolo","15146","Milano","MILANO-MORTARA-AL","90","160","7","440","55","440","0","0","55","0","0","2020","Feriale","Invernale","9.159273436","4.544587573","POINT (9.159273436 45.44587573)"
"C_nov 2022","160","S01436","LO","SO","S.GIACOMO DI TEGLIO","14065","Teglio","TIRANO-MILANO So-Tir","10","0","1","10","4","0","10","10","0","3","1","2022","Feriale","Invernale","10.027439647","46.159795887","POINT (10.027439647 46.159795887)"
"C_Novembre2023","275","S01847","LO","MN","ASOLA","20002","Asola","BRESCIA-PARMA","80","40","4","290","32","0","290","0","0","32","0","2023","Feriale","Invernale","10.402333601","45.220534843","POINT (10.402333601 45.220534843)"
"C_nov 2015","253","S01806","LO","PV","PIZZALE-LUNGAVILLA","18084","Lungavilla","MILANO-GENOVA","170","30","7","270","43","0","70","210","0","16","27","2015","FER","Invernale","9.069006681","45.049924012","POINT (9.069006681 45.049924012)"
"C_Luglio2023","91","S01064","LO","MI","CORSICO","15093","Corsico","MILANO-MORTARA-AL","0","0","0","10","2","0","10","0","0","2","0","2023","Feriale","estivo","9.105184247","45.434772406","POINT (9.105184247 45.434772406)"
"C_Novembre2023","310","S01920","LO","MN","BOZZOLO","20007","Bozzolo","CODOGNO-MANTOVA","70","20","3","260","28","0","80","190","0","7","21","2023","Feriale","Invernale","10.472685666","45.107331585","POINT (10.472685666 45.107331585)"
"C_Luglio2023","144","S01414","LO","LC","OLCIO","97046","Mandello del Lario","TIRANO-MILANO Lc-So","20","10","4","90","42","0","50","50","0","26","16","2023","Feriale","estivo","9.313931929","45.938086276","POINT (9.313931929 45.938086276)"
"C_Novembre2023","138","S01407","LO","LC","DORIO","97032","Dorio","TIRANO-MILANO Lc-So","10","0","2","30","27","0","30","0","0","26","1","2023","Feriale","Invernale","9.319096567","46.102830519","POINT (9.319096567 46.102830519)"
"C_Luglio2023","188","S01491","LO","LC","COSTA MASNAGA","97026","Costa Masnaga","MONZA-LECCO","50","40","8","210","42","200","0","10","39","1","2","2023","Feriale","estivo","0.928526064","45.763506456","POINT (9.28526064 45.763506456)"
"C_nov 2019","254","S01807","LO","PV","VOGHERA","18182","Voghera","MILANO-GENOVA","800","80","4","2220","42","0","410","1820","0","14","28","2019","Fer","Invernale","9.007971677","44.997878065","POINT (9.007971677 44.997878065)"
"C_nov 2020","74","S01027","LO","VA","VERGIATE","12138","Vergiate","DOMODOSSOLA-MILANO","60","30","6","140","33","0","140","0","0","33","0","2020","Feriale","Invernale","8.693230518","45.717200688","POINT (8.693230518 45.717200688)"
"C_nov 2021","2.863","S01633","LO","MI","MILANO P.VITTORIA PASS.","15146","Milano","PASSANTE","880","1200","37","4850","309","4850","0","0","309","0","0","2021","Feriale","Invernale","9.225193061","45.459475193","POINT (9.225193061 45.459475193)"
"C_nov 2019","88","S01061","LO","PV","VIGEVANO","18177","Vigevano","MILANO-MORTARA-AL","1410","420","8","4010","46","0","4010","0","0","46","0","2019","Fer","Invernale","8.862008085","45.312797339","POINT (8.862008085 45.312797339)"
"C_nov 2016","235","S01704","LO","MI","VIGNATE","15237","Vignate","MILANO-VENEZIA","640","220","16","1520","98","1510","10","0","96","1","1","2016","Fer","Invernale","0.937411303","45.494025151","POINT (9.37411303 45.494025151)"
"C_nov 2021","2.712","S01741","LO","VA","Barasso-Comerio","12008","Barasso","Varese Nord - Laveno Momb","100","30","6","250","38","0","100","160","0","23","15","2021","Feriale","Invernale","8.751273836","45.835130751","POINT (8.751273836 45.835130751)"
"C_nov 2021","261","S01824","LO","LO","TAVAZZANO","98056","Tavazzano con Villavesco","MILANO-BOLOGNA","360","60","7","1060","65","1060","0","0","65","0","0","2021","Feriale","Invernale","9.402775545","45.326370144","POINT (9.402775545 45.326370144)"
"C_nov 2016","2.726","S01759","LO","CO","Cadorago","13036","Cadorago","Saronno - Como","260","50","7","600","59","0","600","10","0","58","1","2016","Fer","Invernale","9.041099041","45.729810407","POINT (9.041099041 45.729810407)"
"C_nov 2018","217","S01600","LO","BG","VERDELLO DALMINE","16233","Verdello","BERGAMO-CREMONA","1220","320","17","2960","104","0","810","2160","0","52","52","2018","Fer","Invernale","0.961982632","45.605792605","POINT (9.61982632 45.605792605)"
"C_Luglio2023","277","S01849","LO","CR","S.GIOVANNI IN CROCE","19090","San Giovanni in Croce","BRESCIA-PARMA","40","40","4","200","32","0","200","0","0","32","0","2023","Feriale","estivo","1.037754875","45.075865263","POINT (10.37754875 45.075865263)"
"C_nov 2020","2.754","S01096","LO","CO","Erba","13095","Erba","Seveso - Asso","50","50","7","360","44","0","360","0","0","44","0","2020","Feriale","Invernale","9.230305963","45.813198114","POINT (9.230305963 45.813198114)"
"C_Novembre2023","311","S01921","LO","MN","MARCARIA","20031","Marcaria","CODOGNO-MANTOVA","40","20","4","100","27","0","40","70","0","7","20","2023","Feriale","Invernale","10.533674343","45.124599549","POINT (10.533674343 45.124599549)"
"C_Novembre2023","2.720","S01789","LO","BS","Bornato Calino","17046","Cazzago San Martino","Brescia - Iseo","120","60","7","480","37","0","460","30","0","34","3","2023","Feriale","Invernale","10.033113278","45.590424717","POINT (10.033113278 45.590424717)"
"C_nov 2017","2.820","S01738","LO","VA","Varese Nord","12133","Varese","Saronno - Varese Nord","1000","990","12","4140","78","0","2450","1690","0","57","21","2017","Fer","Invernale","8.834307422","4.581847437","POINT (8.834307422 45.81847437)"
"C_nov 2020","276","S01848","LO","MN","CANNETO SULL'OGLIO","20008","Canneto sull'Oglio","BRESCIA-PARMA","20","10","5","40","23","0","40","0","0","23","0","2020","Feriale","Invernale","10.371498908","45.150287495","POINT (10.371498908 45.150287495)"
"C_Novembre2023","147","S01417","LO","SO","PRATA-CAMPORTACCIO","14054","Prata Camportaccio","CHIAVENNA-COLICO","20","10","4","60","29","0","60","0","0","29","0","2023","Feriale","Invernale","9.396817599","46.307723227","POINT (9.396817599 46.307723227)"
"C_nov 2015","187","S01490","LO","LC","CASSAGO-NIBIONNO-BULC.","97017","Cassago Brianza","MONZA-LECCO","150","30","5","330","36","330","0","0","36","0","0","2015","Fer","Invernale","9.279864449","45.746319529","POINT (9.279864449 45.746319529)"
"C_nov 2022","145","S01415","LO","LC","MANDELLO DEL LARIO","97046","Mandello del Lario","TIRANO-MILANO Lc-So","500","110","7","940","52","0","400","540","0","23","29","2022","Feriale","Invernale","9.322094648","45.915283559","POINT (9.322094648 45.915283559)"
"C_Luglio2023","157","S01433","LO","SO","POGGIRIDENTI-TRESIVIO","14051","Poggiridenti","TIRANO-MILANO So-Tir","10","10","1","10","3","0","10","10","0","2","1","2023","Feriale","estivo","9.933843175","46.166961926","POINT (9.933843175 46.166961926)"
"C_nov 2022","2.794","S01786","LO","BS","Pilzone","17085","Iseo","Iseo - Pisogne","20","10","4","30","20","0","30","0","0","20","0","2022","Feriale","Invernale","10.079163075","45.674416503","POINT (10.079163075 45.674416503)"
"C_nov 2019","204","S01525","LO","BG","CISANO-CAPRINO BERGAM.","16074","Cisano Bergamasco","LECCO-BRESCIA","260","40","4","610","32","0","610","0","0","32","0","2019","Fer","Invernale","9.474295043","45.739683366","POINT (9.474295043 45.739683366)"
"C_nov 2019","2.787","S01070","LO","MI","Novate Milanese","15157","Novate Milanese","Milano Nord Cadorna - Sar","1110","440","17","3480","140","3480","0","0","140","0","0","2019","Fer","Invernale","9.132723827","45.533079873","POINT (9.132723827 45.533079873)"
"C_nov 2018","195","S01511","LO","MI","CARNATE USMATE","108016","Carnate","TIRANO-MILANO Mz-Lc","1960","490","21","4230","122","2310","1500","430","70","46","6","2018","Fer","Invernale","9.375117342","45.653149706","POINT (9.375117342 45.653149706)"
"C_nov 2015","146","S01416","LO","LC","ABBADIA LARIANA","97001","Abbadia Lariana","TIRANO-MILANO Lc-So","110","20","5","210","29","0","180","30","0","27","2","2015","Fer","Invernale","9.335204987","45.895939932","POINT (9.335204987 45.895939932)"
"C_nov 2019","120","S01310","LO","CO","ALBATE-CAMERLATA","13075","Como","CHIASSO-MILANO","140","90","12","520","99","420","100","0","76","23","0","2019","Fer","Invernale","0.907349887","45.777443385","POINT (9.07349887 45.777443385)"
"C_nov 2015","186","S01489","LO","MI","RENATE VEDUGGIO","108037","Renate","MONZA-LECCO","260","40","5","530","36","530","0","0","36","0","0","2015","Fer","Invernale","0.927986722","4.572838114","POINT (9.27986722 45.72838114)"
"C_nov 2022","5.844","S01059","LO","MI","ALBAIRATE-VERMEZZO","15005","Albairate","MILANO-MORTARA-AL","480","250","13","1450","114","730","730","0","67","47","0","2022","Feriale","Invernale","8.957371048","45.404429355","POINT (8.957371048 45.404429355)"
"C_nov 2020","5.839","S01058","LO","MI","PREGNANA MIL.","15179","Pregnana Milanese","TORINO-MILANO","110","60","8","380","69","380","0","0","69","0","0","2020","Feriale","Invernale","8.983574748","45.503547665","POINT (8.983574748 45.503547665)"
"C_nov 2017","182","S01485","LO","MI","TRIUGGIO-PONTE ALBIATE","108043","Triuggio","MONZA-LECCO","290","20","6","470","40","470","0","0","40","0","0","2017","Fer","Invernale","9.266989378","45.659034087","POINT (9.266989378 45.659034087)"
"C_nov 2016","2.729","S01076","LO","VA","Caronno Pertusella","12034","Caronno Pertusella","Milano Nord Cadorna - Sar","790","160","16","1750","139","1750","0","0","139","0","0","2016","Fer","Invernale","9.058328414","45.598187372","POINT (9.058328414 45.598187372)"
"C_nov 2018","314","S01924","LO","MN","S.MICHELE IN BOSCO","20031","Marcaria","CODOGNO-MANTOVA","10","10","2","10","9","0","10","0","0","9","0","2018","Fer","Invernale","10.573308108","45.122485012","POINT (10.573308108 45.122485012)"
"C_nov 2018","147","S01417","LO","SO","PRATA-CAMPORTACCIO","14054","Prata Camportaccio","CHIAVENNA-COLICO","40","10","3","70","30","0","70","0","0","30","0","2018","Fer","Invernale","9.396817599","46.307723227","POINT (9.396817599 46.307723227)"
"C_Luglio2023","248","S01801","LO","MI","LOCATE TRIULZI","15125","Locate di Triulzi","MILANO-GENOVA","490","190","8","1880","71","1880","0","10","70","0","1","2023","Feriale","estivo","9.221434768","45.359805985","POINT (9.221434768 45.359805985)"
"C_nov 2017","105","S01142","LO","VA","TRAVEDONA-BIANDRONNO","12128","Travedona-Monate","LUINO-GALLARATE","40","10","2","80","18","0","80","0","0","18","0","2017","Fer","Invernale","8.696358289","4.580968175","POINT (8.696358289 45.80968175)"
"C_Novembre2023","215","S01539","LO","BS","COLOGNE","17059","Cologne","LECCO-BRESCIA","40","20","4","150","35","0","150","0","0","35","0","2023","Feriale","Invernale","9.935343868","45.576709508","POINT (9.935343868 45.576709508)"
"C_Novembre2023","7","S00036","LO","PV","OLEVANO","18104","Olevano di Lomellina","MILANO-MORTARA-AL","10","10","1","30","11","0","30","0","0","11","0","2023","Feriale","Invernale","0.871185336","4.521219615","POINT (8.71185336 45.21219615)"
"C_Novembre2023","283","S01861","LO","PV","PAVIA PORTA GARIBALDI","18110","Pavia","PAVIA-CASALPUST.","30","170","4","230","22","0","230","0","0","22","0","2023","Feriale","Invernale","9.167359084","45.184073158","POINT (9.167359084 45.184073158)"
"C_nov 2022","162","S01438","LO","SO","BIANZONE","14008","Bianzone","TIRANO-MILANO So-Tir","30","0","1","30","5","0","0","30","0","4","1","2022","Feriale","Invernale","1.011252885","46.179456527","POINT (10.11252885 46.179456527)"
"C_nov 2018","2.856","S01648","LO","MI","MILANO REPUBBLICA","15146","Milano","PASSANTE","1860","5400","40","15130","361","15130","0","0","361","0","0","2018","Fer","Invernale","9.198815201","45.480365497","POINT (9.198815201 45.480365497)"
"C_nov 2015","2.812","S01766","LO","BS","Sonico","17181","Sonico","Breno - Edolo","0","0","1","0","2","0","0","0","0","2","0","2015","Fer","Invernale","10.351165528","46.163878231","POINT (10.351165528 46.163878231)"
"C_nov 2019","117","S01210","LO","VA","CAVARIA-OGGIONA IERAGO","12048","Cavaria con Premezzo","PORTO C.-GALLARATE","260","100","8","880","73","850","0","40","72","0","1","2019","Fer","Invernale","0.880353632","45.698222542","POINT (8.80353632 45.698222542)"
"C_nov 2021","118","S01301","LO","CO","CHIASSO","13075","Como","CHIASSO-MILANO","170","780","17","1790","129","700","0","1100","98","0","31","2021","Feriale","Invernale","9.031333374","4.583194478","POINT (9.031333374 45.83194478)"
"C_nov 2018","327","S01950","EM","PC","ROTTOFRENO","33039","Rottofreno","ALESS.-PIACENZA","0","0","0","20","14","0","20","0","0","14","0","2018","Fer","Invernale","9.549300156","4.506050732","POINT (9.549300156 45.06050732)"
"C_nov 2018","2.816","S01728","LO","VA","Tradate Abbiate Guazzone","12127","Tradate","Saronno - Varese Nord","190","70","8","500","58","0","490","10","0","57","1","2018","Fer","Invernale","8.918610359","45.701903031","POINT (8.918610359 45.701903031)"
"C_nov 2020","320","S01942","LO","PV","CASTEGGIO","18037","Casteggio","ALESS.-PIACENZA","0","0","0","20","6","0","20","0","0","6","0","2020","Feriale","Invernale","9.124623708","4.501745237","POINT (9.124623708 45.01745237)"
"C_Novembre2023","199","S01515","LO","LC","AIRUNO","97002","Airuno","TIRANO-MILANO Mz-Lc","410","90","8","1100","72","1100","0","0","72","0","0","2023","Feriale","Invernale","9.422096968","45.754167715","POINT (9.422096968 45.754167715)"
"C_nov 2015","2.824","S01734","LO","VA","Venegono Inferiore","12136","Venegono Inferiore","Saronno - Varese Nord","250","190","8","780","61","0","780","0","0","61","0","2015","Fer","Invernale","8.895091616","45.736654968","POINT (8.895091616 45.736654968)"
"C_nov 2016","39","S00277","LO","PV","GROPELLO CAIROLI","18076","Gropello Cairoli","VERCELLI-PAVIA","130","10","4","200","28","0","200","0","0","28","0","2016","Fer","Invernale","8.991656466","4.517318205","POINT (8.991656466 45.17318205)"
"C_nov 2021","2.746","S01775","LO","BS","Cogno-Esine","17206","Piancogno","Pisogne - Breno","20","10","2","50","13","0","50","0","0","13","0","2021","Feriale","Invernale","10.241034794","45.929174261","POINT (10.241034794 45.929174261)"
"C_nov 2022","224","S01607","LO","CR","SORESINA","19098","Soresina","BERGAMO-CREMONA","100","40","5","350","36","0","350","0","0","36","0","2022","Feriale","Invernale","9.856662219","45.283167819","POINT (9.856662219 45.283167819)"
"C_nov 2015","191","S01502","LO","LC","PADERNO-ROBBIATE","97062","Paderno d'Adda","SEREGNO-BERGAMO","730","100","9","1300","49","0","1300","0","0","49","0","2015","Fer","Invernale","9.439232645","4.567838448","POINT (9.439232645 45.67838448)"
"C_Luglio2023","2.979","S01530","LO","BG","Bergamo Ospedale","16024","Bergamo","LECCO-BRESCIA","50","50","4","280","39","0","280","0","0","39","0","2023","Feriale","estivo","9.638900819","45.688275861","POINT (9.638900819 45.688275861)"
"C_nov 2015","5.842","S01039","LO","MI","RHO FIERA MILANO","15182","Rho","TORINO-MILANO","960","1830","34","6040","263","4350","530","1170","176","35","52","2015","Fer","Invernale","9.088380294","4.552123731","POINT (9.088380294 45.52123731)"
"C_nov 2015","2.754","S01096","LO","CO","Erba","13095","Erba","Seveso - Asso","300","450","9","1220","57","0","1220","0","0","57","0","2015","FER","Invernale","9.230305963","45.813198114","POINT (9.230305963 45.813198114)"
"C_nov 2022","2.765","S01093","LO","CO","Inverigo","13118","Inverigo","Seveso - Asso","210","60","7","600","50","0","600","0","0","50","0","2022","Feriale","Invernale","9.224441129","45.740269966","POINT (9.224441129 45.740269966)"
"C_nov 2018","250","S01803","LO","PV","CERTOSA DI PAVIA","18046","Certosa di Pavia","MILANO-GENOVA","460","130","8","1040","74","1040","0","10","72","0","2","2018","Fer","Invernale","9.154491353","45.257008002","POINT (9.154491353 45.257008002)"
"C_nov 2015","304","S01914","LO","CR","CAVA TIGOZZI","19095","Sesto ed Uniti","CODOGNO-MANTOVA","10","10","3","10","23","0","10","0","0","23","0","2015","Fer","Invernale","0.995584963","45.156899589","POINT (9.95584963 45.156899589)"
"C_nov 2018","266","S01829","LO","LO","S.STEFANO LODIGIANO","98051","Santo Stefano Lodigiano","MILANO-BOLOGNA","40","10","4","90","36","0","90","0","0","36","0","2018","Fer","Invernale","9.723640779","45.122172959","POINT (9.723640779 45.122172959)"
"C_nov 2019","277","S01849","LO","CR","S.GIOVANNI IN CROCE","19090","San Giovanni in Croce","BRESCIA-PARMA","60","30","8","120","36","0","120","0","0","36","0","2019","Fer","Invernale","1.037754875","45.075865263","POINT (10.37754875 45.075865263)"
"C_nov 2018","285","S01863","LO","PV","ALBUZZANO","18004","Albuzzano","PAVIA-CASALPUST.","20","10","5","30","27","0","30","0","0","27","0","2018","Fer","Invernale","9.261661322","4.517259006","POINT (9.261661322 45.17259006)"
"C_Novembre2023","84","S01040","LO","MI","MAGENTA","15130","Magenta","TORINO-MILANO","850","520","8","2430","69","2430","0","0","69","0","0","2023","Feriale","Invernale","8.880674725","45.468283265","POINT (8.880674725 45.468283265)"
"C_nov 2015","262","S01825","LO","LO","LODI","98031","Lodi","MILANO-BOLOGNA","1930","1110","19","6260","143","2220","3010","1050","75","49","19","2015","FER","Invernale","9.497612624","45.309042271","POINT (9.497612624 45.309042271)"
"C_nov 2015","2.790","S01083","LO","MI","Palazzolo Milanese","15166","Paderno Dugnano","Milano Nord Bovisa - Seve","1190","180","16","2460","131","2460","0","0","131","0","0","2015","Fer","Invernale","9.156496054","45.580997631","POINT (9.156496054 45.580997631)"
"C_nov 2021","2.752","S01006","LO","BS","Darfo-Corna","17065","Darfo Boario Terme","Pisogne - Breno","50","60","4","270","32","0","150","120","0","19","13","2021","Feriale","Invernale","10.181314081","45.884311375","POINT (10.181314081 45.884311375)"
"C_Novembre2023","253","S01806","LO","PV","PIZZALE-LUNGAVILLA","18084","Lungavilla","MILANO-GENOVA","150","20","5","230","27","0","0","230","0","0","27","2023","Feriale","Invernale","9.069006681","45.049924012","POINT (9.069006681 45.049924012)"
"C_Novembre2023","244","S01713","LO","BS","CHIARI","17052","Chiari","MILANO-VENEZIA","880","220","9","2320","68","0","1090","1230","0","32","36","2023","Feriale","Invernale","9.926507709","45.540192478","POINT (9.926507709 45.540192478)"
"C_nov 2018","2.742","S01725","LO","VA","Cislago","12050","Cislago","Saronno - Varese Nord","580","70","8","1080","58","0","1070","10","0","57","1","2018","Fer","Invernale","8.977690608","4.566104502","POINT (8.977690608 45.66104502)"
"C_nov 2018","282","S01860","LO","PV","PAVIA","18110","Pavia","MILANO-GENOVA","2400","3600","31","12710","213","4190","5460","3070","72","113","28","2018","Fer","Invernale","9.144713646","45.188924433","POINT (9.144713646 45.188924433)"
"C_nov 2015","105","S01142","LO","VA","TRAVEDONA-BIANDRONNO","12128","Travedona-Monate","LUINO-GALLARATE","30","10","3","120","34","0","120","0","0","34","0","2015","FER","Invernale","8.696358289","4.580968175","POINT (8.696358289 45.80968175)"
"C_nov 2017","2.797","S01097","LO","CO","Pontelambro-Castelmarte","13188","Ponte Lambro","Seveso - Asso","90","40","6","250","39","0","250","0","0","39","0","2017","Fer","Invernale","9.225759459","45.829181272","POINT (9.225759459 45.829181272)"
"C_nov 2015","2.745","S01744","LO","VA","Cocquio-Trevisago","12053","Cocquio-Trevisago","Varese Nord - Laveno Momb","180","60","8","490","45","0","170","320","0","24","21","2015","Fer","Invernale","8.690075387","45.860132463","POINT (8.690075387 45.860132463)"
"C_Novembre2023","2.857","S01647","LO","MI","MILANO P.G. PASS.","15146","Milano","PASSANTE","3120","5750","40","19290","342","19290","0","0","342","0","0","2023","Feriale","Invernale","9.185954917","45.484354097","POINT (9.185954917 45.484354097)"
"C_Novembre2023","2.801","S01135","LO","MI","Rescaldina","15181","Rescaldina","Saronno - Novara","920","130","12","1740","80","0","1740","0","0","80","0","2023","Feriale","Invernale","8.946679489","45.622159013","POINT (8.946679489 45.622159013)"
"C_Novembre2023","159","S01435","LO","SO","CHIURO","14020","Chiuro","TIRANO-MILANO So-Tir","10","10","1","20","4","0","10","10","0","3","1","2023","Feriale","Invernale","9.992350444","46.164731947","POINT (9.992350444 46.164731947)"
"C_Luglio2023","82","S01036","LO","MI","VANZAGO POGLIANO","15229","Vanzago","DOMODOSSOLA-MILANO","520","130","10","1090","68","980","60","50","66","1","1","2023","Feriale","estivo","8.995565824","4.552529528","POINT (8.995565824 45.52529528)"
"C_nov 2016","231","S01645","LO","MI","MILANO PORTA GARIBALDI","15146","Milano","TORINO-MILANO","3210","14580","60","34560","400","16810","11180","6580","187","133","80","2016","Fer","Invernale","9.186422092","45.485345292","POINT (9.186422092 45.485345292)"
"C_nov 2018","2.725","S01088","LO","CO","Cabiate","13035","Cabiate","Seveso - Asso","250","60","10","610","55","40","570","0","4","51","0","2018","Fer","Invernale","9.168578192","45.675909631","POINT (9.168578192 45.675909631)"
"C_nov 2022","44","S00402","LO","PV","PIEVE ALBIGNOLA","18112","Pieve Albignola","CAVA C.-TORREBER","20","10","4","50","24","0","50","0","0","24","0","2022","Feriale","Invernale","8.959758126","45.116329989","POINT (8.959758126 45.116329989)"
"C_nov 2018","8","S00037","LO","PV","VALLE LOMELLINA","18168","Valle Lomellina","MILANO-MORTARA-AL","30","10","2","80","10","0","80","0","0","10","0","2018","Fer","Invernale","8.685911785","45.150674037","POINT (8.685911785 45.150674037)"
"C_nov 2018","252","S01805","LO","PV","BRESSANA BOTTARONE","18023","Bressana Bottarone","MILANO-GENOVA","160","110","8","320","39","0","260","70","0","33","6","2018","Fer","Invernale","0.911063508","45.086379858","POINT (9.11063508 45.086379858)"
"C_nov 2020","2.975","S01206","LO","VA","Cantello Gaggiolo","12030","Cantello","Mendrisio-Varese","80","20","7","280","61","280","0","0","61","0","0","2020","Feriale","Invernale","8.906974756","45.837723396","POINT (8.906974756 45.837723396)"
"C_nov 2021","2.822","S01736","LO","VA","Vedano Olona","12134","Vedano Olona","Saronno - Varese Nord","180","60","8","500","58","0","500","0","0","58","0","2021","Feriale","Invernale","8.887080675","45.777359271","POINT (8.887080675 45.777359271)"
"C_nov 2021","2.717","S01072","LO","MI","Bollate Nord","15027","Bollate","Milano Nord Cadorna - Sar","530","150","14","1100","114","1100","0","0","114","0","0","2021","Feriale","Invernale","9.112398385","45.552681567","POINT (9.112398385 45.552681567)"
"C_Luglio2023","72","S01025","PI","NO","DORMELLETTO","3062","Dormelletto","DOMODOSSOLA-MILANO","20","20","5","200","32","0","200","0","0","32","0","2023","Feriale","estivo","0.857439962","4.573009066","POINT (8.57439962 45.73009066)"
"C_Novembre2023","2.807","S01077","LO","VA","Saronno Sud","12119","Saronno","Milano Nord Cadorna - Sar","280","130","23","750","193","750","0","0","193","0","0","2023","Feriale","Invernale","9.045593579","45.611839478","POINT (9.045593579 45.611839478)"
"C_Luglio2023","43","S00401","LO","PV","ZINASCO NUOVO","18190","Zinasco","CAVA C.-TORREBER","20","0","5","30","24","0","30","0","0","24","0","2023","Feriale","estivo","8.999696096","45.124641115","POINT (8.999696096 45.124641115)"
"C_nov 2018","95","S01117","LO","VA","CALDE'","12045","Castelveccana","LUINO-GALLARATE","10","10","2","40","30","0","40","0","0","30","0","2018","Fer","Invernale","8.663196767","45.945891984","POINT (8.663196767 45.945891984)"
"C_nov 2022","149","S01422","LO","SO","DELEBIO","14026","Delebio","TIRANO-MILANO Lc-So","70","40","3","270","20","0","270","0","0","20","0","2022","Feriale","Invernale","9.461205764","46.138723845","POINT (9.461205764 46.138723845)"
"C_nov 2019","2.792","S01776","LO","BS","Pian di Borno","17206","Piancogno","Pisogne - Breno","20","10","2","50","19","0","50","0","0","19","0","2019","Fer","Invernale","10.221581526","45.915836231","POINT (10.221581526 45.915836231)"
"C_Luglio2023","2.762","S01724","LO","VA","Gerenzano-Turate","12075","Gerenzano","Saronno - Varese Nord","450","90","8","1290","59","0","1290","0","0","59","0","2023","Feriale","estivo","9.001531027","45.645585349","POINT (9.001531027 45.645585349)"
"C_nov 2018","272","S01844","LO","BS","VISANO","17203","Visano","BRESCIA-PARMA","30","10","3","100","24","0","100","0","0","24","0","2018","Fer","Invernale","10.363129196","45.315389802","POINT (10.363129196 45.315389802)"
"C_Novembre2023","2.717","S01072","LO","MI","Bollate Nord","15027","Bollate","Milano Nord Cadorna - Sar","550","130","16","1150","133","1150","0","0","133","0","0","2023","Feriale","Invernale","9.112398385","45.552681567","POINT (9.112398385 45.552681567)"
"C_nov 2019","309","S01919","LO","CR","PIADENA","19071","Piadena","CODOGNO-MANTOVA","270","110","11","1020","66","0","410","610","0","45","21","2019","Fer","Invernale","10.369987543","45.127689005","POINT (10.369987543 45.127689005)"
"C_Luglio2023","4","S00032","PI","NO","BORGO LAVEZZARO","3023","Borgolavezzaro","NOVARA-MORTARA","20","10","3","30","10","0","30","0","0","10","0","2023","Feriale","estivo","8.703316141","0.453188806","POINT (8.703316141 45.3188806)"
"C_Luglio2023","130","S01326","LO","MI","MILANO GRECO PIRELLI","15146","Milano","CHIASSO-MILANO","800","1900","47","6280","329","3980","2280","20","194","132","3","2023","Feriale","estivo","9.214496679","45.512803065","POINT (9.214496679 45.512803065)"
"C_Novembre2023","108","S01145","LO","VA","BESNATE","12012","Besnate","LUINO-GALLARATE","60","20","5","130","26","50","80","0","11","15","0","2023","Feriale","Invernale","8.761109294","45.695486482","POINT (8.761109294 45.695486482)"
"C_nov 2018","2.743","S01746","LO","VA","Cittiglio","12051","Cittiglio","Varese Nord - Laveno Momb","200","60","7","530","43","0","190","350","0","21","22","2018","Fer","Invernale","8.667398533","45.892327453","POINT (8.667398533 45.892327453)"
"C_nov 2022","82","S01036","LO","MI","VANZAGO POGLIANO","15229","Vanzago","DOMODOSSOLA-MILANO","580","170","10","1510","68","1360","70","90","66","1","1","2022","Feriale","Invernale","8.995565824","4.552529528","POINT (8.995565824 45.52529528)"
"C_nov 2015","332","S02088","VE","VR","PESCHIERA DEL GARDA","23059","Peschiera del Garda","MILANO-VENEZIA","250","90","5","940","34","0","30","920","0","2","32","2015","Fer","Invernale","1.070247103","4.543838223","POINT (10.70247103 45.43838223)"
"C_nov 2017","2.735","S01136","LO","VA","Castellanza","12042","Castellanza","Saronno - Novara","780","240","10","1780","74","0","1780","0","0","74","0","2017","Fer","Invernale","8.875445238","45.610465237","POINT (8.875445238 45.610465237)"
"C_Luglio2023","224","S01607","LO","CR","SORESINA","19098","Soresina","BERGAMO-CREMONA","60","30","5","330","36","0","330","0","0","36","0","2023","Feriale","estivo","9.856662219","45.283167819","POINT (9.856662219 45.283167819)"
"C_Novembre2023","43","S00401","LO","PV","ZINASCO NUOVO","18190","Zinasco","CAVA C.-TORREBER","60","30","5","130","24","0","130","0","0","24","0","2023","Feriale","Invernale","8.999696096","45.124641115","POINT (8.999696096 45.124641115)"
"C_nov 2015","170","S01456","LO","CO","MOIANA","13147","Merone","ALBATE-MOLTENO","20","0","4","30","20","0","30","0","0","20","0","2015","Fer","Invernale","9.255642213","45.787158223","POINT (9.255642213 45.787158223)"
"C_nov 2017","80","S01034","LO","MI","CANEGRATE","15046","Canegrate","DOMODOSSOLA-MILANO","850","160","9","1950","75","1830","130","0","74","1","0","2017","Fer","Invernale","8.926634655","45.569313656","POINT (8.926634655 45.569313656)"
"C_nov 2020","260","S01823","LO","MI","S.ZENONE AL LAMBRO","15202","San Zenone al Lambro","MILANO-BOLOGNA","110","50","8","290","42","290","0","0","42","0","0","2020","Feriale","Invernale","9.361288898","45.337904599","POINT (9.361288898 45.337904599)"
"C_nov 2019","5.854","S01109","LO","MI","Cormano-Cusano Milanino","15098","Cusano Milanino","Milano Nord Bovisa - Seve","1370","320","17","3170","135","3170","0","0","135","0","0","2019","Fer","Invernale","9.173714792","45.545195079","POINT (9.173714792 45.545195079)"
"C_nov 2016","2.748","S01763","LO","CO","Como Camerlata (FN)","13075","Como","Saronno - Como","430","310","10","1390","68","0","1120","270","0","58","10","2016","Fer","Invernale","9.079423298","4.578441339","POINT (9.079423298 45.78441339)"
"C_Luglio2023","116","S01209","LO","VA","ALBIZZATE-SOLBIATE ARNO","12002","Albizzate","PORTO C.-GALLARATE","140","60","8","560","68","520","0","40","67","0","1","2023","Feriale","estivo","8.806241922","45.724198779","POINT (8.806241922 45.724198779)"
"C_nov 2015","2.860","S01138","LO","VA","Ferno-Lonate P.","12068","Ferno","Busto Arsizio - Malpensa","220","70","6","590","49","0","590","0","0","49","0","2015","Fer","Invernale","8.754982528","45.608628952","POINT (8.754982528 45.608628952)"
"C_Luglio2023","287","S01865","LO","PV","CORTEOLONA","18056","Corteolona","PAVIA-CASALPUST.","30","20","5","80","22","0","80","0","0","22","0","2023","Feriale","estivo","9.375508787","45.159782769","POINT (9.375508787 45.159782769)"
"C_nov 2015","114","S01207","LO","VA","GAZZADA-SCHIANNO-MORAZZ.","12073","Gazzada Schianno","PORTO C.-GALLARATE","270","160","8","780","75","730","0","50","74","0","1","2015","Fer","Invernale","8.824846806","45.778700868","POINT (8.824846806 45.778700868)"
"C_nov 2021","46","S00404","LO","PV","FERRERA LOMELLINA","18062","Ferrera Erbognone","CAVA C.-TORREBER","10","10","4","60","24","0","60","0","0","24","0","2021","Feriale","Invernale","8.862842274","45.111893407","POINT (8.862842274 45.111893407)"
"C_nov 2020","2.795","S01014","LO","BS","Pisogne","17143","Pisogne","Iseo - Pisogne","40","20","4","120","32","0","70","50","0","19","13","2020","Feriale","Invernale","10.105622584","45.806591032","POINT (10.105622584 45.806591032)"
"C_nov 2018","235","S01704","LO","MI","VIGNATE","15237","Vignate","MILANO-VENEZIA","700","250","16","1620","98","1610","10","0","96","1","1","2018","Fer","Invernale","0.937411303","45.494025151","POINT (9.37411303 45.494025151)"
"C_nov 2015","165","S01450","LO","CO","ALBATE TRECALLO","13075","Como","ALBATE-MOLTENO","10","20","4","20","20","0","20","0","0","20","0","2015","Fer","Invernale","9.095790373","45.777467374","POINT (9.095790373 45.777467374)"
"C_nov 2016","253","S01806","LO","PV","PIZZALE-LUNGAVILLA","18084","Lungavilla","MILANO-GENOVA","150","20","6","220","31","0","50","180","0","5","26","2016","Fer","Invernale","9.069006681","45.049924012","POINT (9.069006681 45.049924012)"
"C_nov 2021","234","S01703","LO","MI","PIOLTELLO-LIMITO","15175","Pioltello","MILANO-VENEZIA","1540","860","36","5590","249","3260","510","1830","134","29","86","2021","Feriale","Invernale","9.329349311","45.485909836","POINT (9.329349311 45.485909836)"
"C_nov 2020","2.716","S01071","LO","MI","Bollate Centro","15027","Bollate","Milano Nord Cadorna - Sar","340","180","12","1060","78","1060","0","0","78","0","0","2020","Feriale","Invernale","9.123062868","45.542718874","POINT (9.123062868 45.542718874)"
"C_nov 2020","123","S01315","LO","CO","CARIMATE","13046","Carimate","CHIASSO-MILANO","50","30","8","160","66","160","0","0","66","0","0","2020","Feriale","Invernale","9.107220464","45.697171053","POINT (9.107220464 45.697171053)"
"C_nov 2018","803","S02083","LO","BS","LONATO","17092","Lonato","MILANO-VENEZIA","10","10","1","10","2","0","10","0","0","2","0","2018","Fer","Invernale","10.486740042","45.457282784","POINT (10.486740042 45.457282784)"
"C_nov 2022","277","S01849","LO","CR","S.GIOVANNI IN CROCE","19090","San Giovanni in Croce","BRESCIA-PARMA","40","20","4","110","32","0","110","0","0","32","0","2022","Feriale","Invernale","1.037754875","45.075865263","POINT (10.37754875 45.075865263)"
"C_nov 2020","302","S01912","LO","CR","PONTE D'ADDA","19076","Pizzighettone","CODOGNO-MANTOVA","40","10","6","100","33","0","20","80","0","11","22","2020","Feriale","Invernale","9.790770435","45.184437624","POINT (9.790770435 45.184437624)"
"C_nov 2018","2.821","S01739","LO","VA","Varese-Casbeno","12133","Varese","Varese Nord - Laveno Momb","400","510","8","1140","43","0","440","710","0","21","22","2018","Fer","Invernale","8.811558243","45.814897655","POINT (8.811558243 45.814897655)"
"C_Luglio2023","2.814","S01781","LO","BS","Toline","17143","Pisogne","Iseo - Pisogne","10","10","3","50","19","0","50","0","0","19","0","2023","Feriale","estivo","10.088229762","45.787237456","POINT (10.088229762 45.787237456)"
"C_nov 2019","261","S01824","LO","LO","TAVAZZANO","98056","Tavazzano con Villavesco","MILANO-BOLOGNA","580","130","8","1460","75","1460","0","0","75","0","0","2019","Fer","Invernale","9.402775545","45.326370144","POINT (9.402775545 45.326370144)"
"C_nov 2019","186","S01489","LO","MI","RENATE VEDUGGIO","108037","Renate","MONZA-LECCO","210","40","6","530","38","530","0","0","38","0","0","2019","Fer","Invernale","0.927986722","4.572838114","POINT (9.27986722 45.72838114)"
"C_nov 2020","255","S01809","PI","AL","PONTECURONE","6132","Pontecurone","MILANO-GENOVA","10","10","2","20","7","0","0","20","0","0","7","2020","Feriale","Invernale","8.929891639","4.496201105","POINT (8.929891639 44.96201105)"
"C_nov 2021","2.810","S01073","LO","MI","Garbagnate Parco Groane","15105","Garbagnate Milanese","Milano Nord Cadorna - Sar","490","110","14","1100","114","1100","0","0","114","0","0","2021","Feriale","Invernale","9.091157698","45.571158456","POINT (9.091157698 45.571158456)"
"C_nov 2021","290","S01868","LO","PV","CHIGNOLO PO","18048","Chignolo Po","PAVIA-CASALPUST.","50","10","4","100","22","0","100","0","0","22","0","2021","Feriale","Invernale","9.494226195","45.161018526","POINT (9.494226195 45.161018526)"
"C_nov 2020","247","S01717","LO","BS","BRESCIA","17029","Brescia","MILANO-VENEZIA","390","610","23","2530","151","0","1220","1320","0","102","49","2020","Feriale","Invernale","10.212859202","4.553239364","POINT (10.212859202 45.53239364)"
"C_nov 2019","2.757","S01768","LO","BS","Forno d'Allione","17016","Berzo Demo","Breno - Edolo","0","0","1","0","2","0","0","0","0","2","0","2019","Fer","Invernale","10.314929012","46.090120179","POINT (10.314929012 46.090120179)"
"C_nov 2021","75","S01028","LO","VA","SOMMA LOMBARDO","12123","Somma Lombardo","DOMODOSSOLA-MILANO","160","110","5","580","32","0","580","0","0","32","0","2021","Feriale","Invernale","8.713033505","45.686501084","POINT (8.713033505 45.686501084)"
"C_nov 2022","205","S01526","LO","BG","PONTIDA","16171","Pontida","LECCO-BRESCIA","80","30","4","270","32","0","270","0","0","32","0","2022","Feriale","Invernale","9.511662206","45.730161398","POINT (9.511662206 45.730161398)"
"C_nov 2015","148","S01420","LO","LC","COLICO","97023","Colico","TIRANO-MILANO Lc-So","590","470","14","2250","91","0","1390","860","0","63","28","2015","Fer","Invernale","9.375255676","46.138093311","POINT (9.375255676 46.138093311)"
"C_nov 2016","5.853","S01798","LO","MI","Cesano M. Groane","108019","Cesano Maderno","Saronno - Seregno","120","70","8","410","68","410","0","0","68","0","0","2016","Fer","Invernale","0.912631598","45.630249423","POINT (9.12631598 45.630249423)"
"C_nov 2018","137","S01406","LO","LC","PIONA","97023","Colico","TIRANO-MILANO Lc-So","10","10","3","50","27","0","50","10","0","26","1","2018","Fer","Invernale","0.935079332","46.124769888","POINT (9.35079332 46.124769888)"
"C_nov 2016","50","S00408","LO","PV","SAIRANO","18190","Zinasco","CAVA C.-TORREBER","20","10","4","50","25","0","50","0","0","25","0","2016","Fer","Invernale","9.046900985","45.138935103","POINT (9.046900985 45.138935103)"
"C_nov 2017","85","S01041","LO","MI","CORBETTA-S.STEFANO TIC.","15200","Santo Stefano Ticino","TORINO-MILANO","610","180","8","1520","74","1520","0","0","74","0","0","2017","Fer","Invernale","8.917496093","45.480908343","POINT (8.917496093 45.480908343)"
"C_nov 2015","314","S01924","LO","MN","S.MICHELE IN BOSCO","20031","Marcaria","CODOGNO-MANTOVA","10","0","3","10","18","0","10","0","0","18","0","2015","FER","Invernale","10.573308108","45.122485012","POINT (10.573308108 45.122485012)"
"C_nov 2020","173","S01460","LO","LC","OGGIONO","97057","Oggiono","MONZA-LECCO","40","30","8","190","41","180","20","0","36","5","0","2020","Feriale","Invernale","9.337510786","45.789065364","POINT (9.337510786 45.789065364)"
"C_nov 2022","139","S01408","LO","LC","DERVIO","97030","Dervio","TIRANO-MILANO Lc-So","20","20","2","260","26","0","230","30","0","23","3","2022","Feriale","Invernale","9.305992528","46.077782965","POINT (9.305992528 46.077782965)"
"C_nov 2015","2.758","S01074","LO","MI","Garbagnate Milanese","15105","Garbagnate Milanese","Milano Nord Cadorna - Sar","1260","350","17","3180","143","3180","0","0","143","0","0","2015","Fer","Invernale","0.908029848","45.579923026","POINT (9.08029848 45.579923026)"
"C_nov 2022","135","S01404","LO","SO","VERCEIA","14075","Verceia","CHIAVENNA-COLICO","50","10","3","90","29","0","90","0","0","29","0","2022","Feriale","Invernale","9.458448611","46.202905061","POINT (9.458448611 46.202905061)"
"C_Luglio2023","107","S01144","LO","VA","MORNAGO CIMBRO","12106","Mornago","LUINO-GALLARATE","30","30","5","120","28","60","70","0","13","15","0","2023","Feriale","estivo","8.734232423","45.729818919","POINT (8.734232423 45.729818919)"
"C_Novembre2023","2.758","S01074","LO","MI","Garbagnate Milanese","15105","Garbagnate Milanese","Milano Nord Cadorna - Sar","1030","400","16","2350","133","2350","0","0","133","0","0","2023","Feriale","Invernale","0.908029848","45.579923026","POINT (9.08029848 45.579923026)"
"C_nov 2021","128","S01322","LO","MI","MONZA","108033","Monza","CHIASSO-MILANO","3980","3260","51","16220","346","11320","1620","3290","240","40","66","2021","Feriale","Invernale","9.273281444","45.577867268","POINT (9.273281444 45.577867268)"
"C_nov 2019","71","S01020","PI","NO","ARONA","3008","Arona","DOMODOSSOLA-MILANO","380","200","7","1630","50","0","970","670","0","33","17","2019","Fer","Invernale","8.559107617","4.575531295","POINT (8.559107617 45.75531295)"
"C_nov 2019","209","S01533","LO","BG","SERIATE","16198","Seriate","LECCO-BRESCIA","100","60","5","310","36","0","310","0","0","36","0","2019","Fer","Invernale","9.724660449","45.683226571","POINT (9.724660449 45.683226571)"
"C_nov 2015","150","S01424","LO","SO","COSIO-TRAONA","14024","Cosio Valtellino","TIRANO-MILANO Lc-So","20","10","4","110","28","0","110","0","0","28","0","2015","Fer","Invernale","9.525530191","46.135638189","POINT (9.525530191 46.135638189)"
"C_nov 2016","118","S01301","LO","CO","CHIASSO","13075","Como","CHIASSO-MILANO","490","1010","17","2600","109","1140","0","1460","90","0","19","2016","Fer","Invernale","9.031333374","4.583194478","POINT (9.031333374 45.83194478)"
"C_nov 2022","296","S01902","LO","BS","MANERBIO","17103","Manerbio","BRESCIA-CREMONA","110","30","3","320","29","0","320","0","0","29","0","2022","Feriale","Invernale","10.132373607","45.357291955","POINT (10.132373607 45.357291955)"
"C_nov 2016","286","S01864","LO","PV","BELGIOIOSO","18013","Belgioioso","PAVIA-CASALPUST.","140","20","5","270","28","0","270","0","0","28","0","2016","Fer","Invernale","9.316907213","45.164645746","POINT (9.316907213 45.164645746)"
"C_nov 2022","247","S01717","LO","BS","BRESCIA","17029","Brescia","MILANO-VENEZIA","1410","2870","30","10230","208","0","5580","4650","0","158","50","2022","Feriale","Invernale","10.212859202","4.553239364","POINT (10.212859202 45.53239364)"
"C_nov 2015","200","S01520","LO","LC","LECCO","97042","Lecco","TIRANO-MILANO Mz-Lc","1350","3490","25","9160","194","4280","2380","2510","98","64","32","2015","Fer","Invernale","0.939367574","45.856547373","POINT (9.39367574 45.856547373)"
"C_nov 2019","2.805","S01784","LO","BS","Sale Marasino","17169","Sale Marasino","Iseo - Pisogne","70","10","4","200","34","0","140","70","0","21","13","2019","Fer","Invernale","10.111830104","4.571279216","POINT (10.111830104 45.71279216)"
"C_nov 2021","2.727","S01099","LO","CO","Canzo","13042","Canzo","Seveso - Asso","110","20","3","240","33","0","240","0","0","33","0","2021","Feriale","Invernale","0.927022843","45.849100359","POINT (9.27022843 45.849100359)"
"C_nov 2016","242","S01711","LO","BG","ROMANO","16183","Romano di Lombardia","MILANO-VENEZIA","780","310","10","1960","64","0","1050","910","0","33","31","2016","Fer","Invernale","0.975343152","45.523917724","POINT (9.75343152 45.523917724)"
"C_Novembre2023","112","S01204","LO","VA","INDUNO OLONA","12083","Induno Olona","PORTO C.-GALLARATE","350","110","10","1050","90","550","0","510","56","0","34","2023","Feriale","Invernale","8.838391122","45.846513143","POINT (8.838391122 45.846513143)"
"C_nov 2016","2.742","S01725","LO","VA","Cislago","12050","Cislago","Saronno - Varese Nord","520","70","8","1050","57","0","1050","0","0","57","0","2016","Fer","Invernale","8.977690608","4.566104502","POINT (8.977690608 45.66104502)"
"C_Luglio2023","220","S01603","LO","CR","CAPRALBA","19015","Capralba","BERGAMO-CREMONA","30","10","5","110","35","0","110","0","0","35","0","2023","Feriale","estivo","9.640048136","45.443945977","POINT (9.640048136 45.443945977)"
"C_Novembre2023","2.797","S01097","LO","CO","Pontelambro-Castelmarte","13188","Ponte Lambro","Seveso - Asso","50","20","2","240","35","0","240","0","0","35","0","2023","Feriale","Invernale","9.225759459","45.829181272","POINT (9.225759459 45.829181272)"
"C_nov 2018","72","S01025","PI","NO","DORMELLETTO","3062","Dormelletto","DOMODOSSOLA-MILANO","30","20","5","160","33","0","160","0","0","33","0","2018","Fer","Invernale","0.857439962","4.573009066","POINT (8.57439962 45.73009066)"
"C_nov 2020","321","S01943","LO","PV","S.GIULETTA","18140","Santa Giuletta","ALESS.-PIACENZA","0","0","0","10","6","0","10","0","0","6","0","2020","Feriale","Invernale","9.179278043","45.035797363","POINT (9.179278043 45.035797363)"
"C_nov 2017","286","S01864","LO","PV","BELGIOIOSO","18013","Belgioioso","PAVIA-CASALPUST.","130","20","5","280","28","0","280","0","0","28","0","2017","Fer","Invernale","9.316907213","45.164645746","POINT (9.316907213 45.164645746)"
"C_nov 2015","215","S01539","LO","BS","COLOGNE","17059","Cologne","LECCO-BRESCIA","60","20","3","220","33","0","220","0","0","33","0","2015","FER","Invernale","9.935343868","45.576709508","POINT (9.935343868 45.576709508)"
"C_nov 2015","2.839","S01111","LO","VA","Colmegna","12092","Luino","LUINO-BELLINZONA","10","10","1","10","10","0","10","0","0","10","0","2015","Fer","Invernale","8.752167034","4.602472656","POINT (8.752167034 46.02472656)"
"C_nov 2017","328","S01951","EM","PC","S.NICOLO'","33039","Rottofreno","ALESS.-PIACENZA","10","0","1","40","14","0","40","0","0","14","0","2017","Fer","Invernale","9.606551575","4.505875181","POINT (9.606551575 45.05875181)"
"C_Novembre2023","2.711","S01101","LO","CO","Asso","13013","Asso","Seveso - Asso","90","0","1","320","35","0","320","0","0","35","0","2023","Feriale","Invernale","9.269120449","45.854922626","POINT (9.269120449 45.854922626)"
"C_nov 2022","2.975","S01206","LO","VA","Cantello Gaggiolo","12030","Cantello","Mendrisio-Varese","240","70","7","620","67","620","0","0","67","0","0","2022","Feriale","Invernale","8.906974756","45.837723396","POINT (8.906974756 45.837723396)"
"C_Luglio2023","150","S01424","LO","SO","COSIO-TRAONA","14024","Cosio Valtellino","TIRANO-MILANO Lc-So","10","10","4","70","35","0","50","20","0","30","5","2023","Feriale","estivo","9.525530191","46.135638189","POINT (9.525530191 46.135638189)"
"C_nov 2022","2.721","S01085","LO","MI","Bovisio Masciago - Mombello","108010","Bovisio-Masciago","Milano Nord Bovisa - Seve","720","310","16","1860","128","1860","0","0","128","0","0","2022","Feriale","Invernale","9.141581449","45.612055387","POINT (9.141581449 45.612055387)"
"C_Novembre2023","210","S01534","LO","BG","ALBANO S.ALESSANDRO","16003","Albano Sant'Alessandro","LECCO-BRESCIA","70","20","5","180","37","0","180","0","0","37","0","2023","Feriale","Invernale","9.768053847","45.682821561","POINT (9.768053847 45.682821561)"
"C_nov 2021","211","S01535","LO","BG","MONTELLO GORLAGO","16139","Montello","LECCO-BRESCIA","90","30","4","390","34","0","390","0","0","34","0","2021","Feriale","Invernale","0.980851611","45.670247257","POINT (9.80851611 45.670247257)"
"C_nov 2017","225","S01609","LO","CR","CASALBUTTANO","19016","Casalbuttano ed Uniti","BERGAMO-CREMONA","30","20","4","180","36","0","180","0","0","36","0","2017","Fer","Invernale","9.962387322","45.255479026","POINT (9.962387322 45.255479026)"
"C_Novembre2023","255","S01809","PI","AL","PONTECURONE","6132","Pontecurone","MILANO-GENOVA","50","10","2","70","7","0","0","70","0","0","7","2023","Feriale","Invernale","8.929891639","4.496201105","POINT (8.929891639 44.96201105)"
"C_nov 2017","189","S01500","LO","MI","MACHERIO-SOVICO","108029","Macherio","SEREGNO-BERGAMO","40","10","4","110","28","0","110","0","0","28","0","2017","Fer","Invernale","9.266922758","45.642562724","POINT (9.266922758 45.642562724)"
"C_nov 2017","142","S01412","LO","LC","FIUMELATTE","97084","Varenna","TIRANO-MILANO Lc-So","20","10","3","30","26","0","30","0","0","25","1","2017","Fer","Invernale","9.292892864","45.999092366","POINT (9.292892864 45.999092366)"
"C_nov 2019","2.752","S01006","LO","BS","Darfo-Corna","17065","Darfo Boario Terme","Pisogne - Breno","60","80","4","290","32","0","170","120","0","19","13","2019","Fer","Invernale","10.181314081","45.884311375","POINT (10.181314081 45.884311375)"
"C_Novembre2023","2.862","S01650","LO","MI","MILANO DATEO","15146","Milano","PASSANTE","1050","2340","40","6840","342","6840","0","0","342","0","0","2023","Feriale","Invernale","9.217309375","45.467669611","POINT (9.217309375 45.467669611)"
"C_nov 2015","125","S01318","LO","MI","SEREGNO","108039","Seregno","CHIASSO-MILANO","2540","850","26","6190","183","4480","140","1580","135","28","20","2015","Fer","Invernale","9.202885996","45.646087713","POINT (9.202885996 45.646087713)"
"C_nov 2015","243","S01712","LO","BG","CALCIO","16044","Calcio","MILANO-VENEZIA","30","10","5","140","32","0","140","0","0","31","1","2015","Fer","Invernale","9.841366587","45.533015966","POINT (9.841366587 45.533015966)"
"C_Novembre2023","103","S01140","LO","VA","SANGIANO","12141","Sangiano","LUINO-GALLARATE","20","10","3","90","26","40","50","0","11","15","0","2023","Feriale","Invernale","8.630805498","45.874544577","POINT (8.630805498 45.874544577)"
"C_nov 2019","89","S01062","LO","MI","ABBIATEGRASSO","15002","Abbiategrasso","MILANO-MORTARA-AL","1440","320","8","3350","46","0","3350","0","0","46","0","2019","Fer","Invernale","8.921337035","45.400715222","POINT (8.921337035 45.400715222)"
"C_nov 2022","136","S01405","LO","SO","DUBINO","14027","Dubino","CHIAVENNA-COLICO","60","20","3","120","29","0","120","0","0","29","0","2022","Feriale","Invernale","0.943221491","4.617287979","POINT (9.43221491 46.17287979)"
"C_nov 2016","127","S01321","LO","MI","LISSONE-MUGGIO'","108028","Lissone","CHIASSO-MILANO","1250","410","17","3520","139","3500","0","30","138","0","1","2016","Fer","Invernale","9.235404174","45.605998474","POINT (9.235404174 45.605998474)"
"C_nov 2015","2.782","S01642","LO","MI","MILANO NORD BOVISA","15146","Milano","Milano Nord Cadorna - Sar","5610","7410","92","28000","747","14690","9940","3380","371","236","140","2015","Fer","Invernale","9.158986972","4.550377781","POINT (9.158986972 45.50377781)"
"C_nov 2015","230","S01640","LO","MI","MILANO CERTOSA","15146","Milano","TORINO-MILANO","950","1240","24","4940","186","4870","60","30","178","4","4","2015","Fer","Invernale","0.913393857","45.507007737","POINT (9.13393857 45.507007737)"
"C_Novembre2023","75","S01028","LO","VA","SOMMA LOMBARDO","12123","Somma Lombardo","DOMODOSSOLA-MILANO","320","190","5","780","33","0","780","0","0","33","0","2023","Feriale","Invernale","8.713033505","45.686501084","POINT (8.713033505 45.686501084)"
"C_nov 2015","2.747","S01764","LO","CO","Como Nord Borghi","13075","Como","Saronno - Como","450","860","10","2190","71","0","1880","320","0","61","10","2015","Fer","Invernale","0.909095794","45.804910086","POINT (9.09095794 45.804910086)"
"C_nov 2019","168","S01453","LO","CO","ANZANO DEL PARCO","13009","Anzano del Parco","ALBATE-MOLTENO","20","10","4","60","22","0","60","0","0","22","0","2019","Fer","Invernale","9.202711127","45.765037334","POINT (9.202711127 45.765037334)"
"C_nov 2020","284","S01862","LO","PV","MOTTA S.DAMIANO","18110","Pavia","PAVIA-CASALPUST.","0","0","4","0","20","0","0","0","0","20","0","2020","Feriale","Invernale","9.219902925","45.178421105","POINT (9.219902925 45.178421105)"
"C_nov 2019","2.777","S01087","LO","MI","Meda","108030","Meda","Seveso - Asso","840","290","10","2110","61","250","1860","0","11","50","0","2019","Fer","Invernale","9.159047744","4.566230355","POINT (9.159047744 45.66230355)"
"C_Novembre2023","79","S01033","LO","MI","LEGNANO","15118","Legnano","DOMODOSSOLA-MILANO","1830","720","16","5410","108","3160","370","1900","66","6","36","2023","Feriale","Invernale","8.910667666","4.559373533","POINT (8.910667666 45.59373533)"
"C_Luglio2023","325","S01948","EM","PC","CASTEL S.GIOVANNI","33013","Castel San Giovanni","ALESS.-PIACENZA","20","20","1","140","14","0","140","0","0","14","0","2023","Feriale","estivo","9.436615112","4.506320024","POINT (9.436615112 45.06320024)"
"C_nov 2019","306","S01916","LO","CR","VILLETTA MALAGNINO","19056","Malagnino","CODOGNO-MANTOVA","40","10","1","40","9","0","40","10","0","8","1","2019","Fer","Invernale","10.111974549","45.137104731","POINT (10.111974549 45.137104731)"
"C_nov 2018","5.832","S01067","LO","MI","Milano Nord Domodossola","15146","Milano","Milano Nord Cadorna - Sar","1190","2760","54","8270","387","2920","4480","870","153","202","32","2018","Fer","Invernale","9.162155141","45.480836572","POINT (9.162155141 45.480836572)"
"C_nov 2018","331","S02084","LO","BS","DESENZANO DEL GARDA-SIR.","17067","Desenzano del Garda","MILANO-VENEZIA","420","150","6","1480","34","0","60","1420","0","2","32","2018","Fer","Invernale","10.536345381","45.462760508","POINT (10.536345381 45.462760508)"
"C_nov 2017","140","S01409","LO","LC","BELLANO-TARTAVALLE TERME","97008","Bellano","TIRANO-MILANO Lc-So","170","60","7","480","54","0","160","320","0","26","28","2017","Fer","Invernale","9.302811247","4.603952264","POINT (9.302811247 46.03952264)"
"C_nov 2015","133","S01402","LO","SO","SAMOLACO","14057","Samolaco","CHIAVENNA-COLICO","60","10","3","100","30","0","100","0","0","30","0","2015","Fer","Invernale","9.423617479","46.246509103","POINT (9.423617479 46.246509103)"
"C_nov 2017","270","S01842","LO","BS","VIADANA BRESCIANA","17034","Calvisano","BRESCIA-PARMA","20","10","4","60","24","0","60","0","0","24","0","2017","Fer","Invernale","0.103318218","45.373727831","POINT (10.3318218 45.373727831)"
"C_nov 2022","335","S02336","LO","MN","MANTOVA","20030","Mantova","CODOGNO-MANTOVA","130","190","4","990","28","0","110","890","0","7","21","2022","Feriale","Invernale","10.783189882","45.158827197","POINT (10.783189882 45.158827197)"
"C_nov 2019","139","S01408","LO","LC","DERVIO","97030","Dervio","TIRANO-MILANO Lc-So","40","20","3","210","28","0","190","20","0","25","3","2019","Fer","Invernale","9.305992528","46.077782965","POINT (9.305992528 46.077782965)"
"C_nov 2022","2.730","S01091","LO","CO","Carugo-Giussano","13048","Carugo","Seveso - Asso","340","100","7","900","49","0","900","0","0","49","0","2022","Feriale","Invernale","9.198950125","45.705742211","POINT (9.198950125 45.705742211)"
"C_nov 2015","151","S01425","LO","SO","MORBEGNO","14045","Morbegno","TIRANO-MILANO Lc-So","510","280","8","1520","57","0","760","770","0","30","27","2015","FER","Invernale","9.568674621","46.136732198","POINT (9.568674621 46.136732198)"
"C_nov 2018","5.836","S01608","LO","BG","ARCENE","16011","Arcene","BERGAMO-CREMONA","200","50","8","380","53","0","380","0","0","52","1","2018","Fer","Invernale","9.606556547","45.577555908","POINT (9.606556547 45.577555908)"
"C_nov 2015","36","S00274","LO","PV","GAMBOLO'-REMONDO'","18068","Gambolo'","VERCELLI-PAVIA","20","10","4","50","28","0","50","0","0","28","0","2015","Fer","Invernale","8.797608181","45.235955245","POINT (8.797608181 45.235955245)"
"C_nov 2019","2.810","S01073","LO","MI","Garbagnate Parco Groane","15105","Garbagnate Milanese","Milano Nord Cadorna - Sar","670","180","17","1470","140","1470","0","0","140","0","0","2019","Fer","Invernale","9.091157698","45.571158456","POINT (9.091157698 45.571158456)"
"C_Novembre2023","2.753","S01002","LO","BS","Edolo","17068","Edolo","Breno - Edolo","0","140","1","120","4","0","0","120","0","1","3","2023","Feriale","Invernale","1.033206974","46.176686703","POINT (10.33206974 46.176686703)"
"C_nov 2021","322","S01944","LO","PV","BRONI","18024","Broni","ALESS.-PIACENZA","70","60","3","350","32","0","350","0","0","32","0","2021","Feriale","Invernale","9.258788494","45.066345425","POINT (9.258788494 45.066345425)"
"C_nov 2015","82","S01036","LO","MI","VANZAGO POGLIANO","15229","Vanzago","DOMODOSSOLA-MILANO","800","150","10","1640","76","1450","110","90","74","1","1","2015","Fer","Invernale","8.995565824","4.552529528","POINT (8.995565824 45.52529528)"
"C_nov 2016","81","S01035","LO","MI","PARABIAGO","15168","Parabiago","DOMODOSSOLA-MILANO","1570","390","11","3170","77","2690","280","200","74","2","1","2016","Fer","Invernale","8.946358229","4.555251981","POINT (8.946358229 45.55251981)"
"C_nov 2018","5.840","S01722","LO","MI","POZZUOLO MART.","15178","Pozzuolo Martesana","MILANO-VENEZIA","470","160","16","1090","97","1080","10","0","96","1","0","2018","Fer","Invernale","9.465176435","45.510126551","POINT (9.465176435 45.510126551)"
"C_nov 2021","130","S01326","LO","MI","MILANO GRECO PIRELLI","15146","Milano","CHIASSO-MILANO","1190","3600","54","9530","365","6470","3070","0","233","131","1","2021","Feriale","Invernale","9.214496679","45.512803065","POINT (9.214496679 45.512803065)"
"C_nov 2015","242","S01711","LO","BG","ROMANO","16183","Romano di Lombardia","MILANO-VENEZIA","840","320","10","2030","65","0","1160","880","0","34","31","2015","FER","Invernale","0.975343152","45.523917724","POINT (9.75343152 45.523917724)"
"C_nov 2021","115","S01208","LO","VA","CASTRONNO","12047","Castronno","PORTO C.-GALLARATE","210","70","8","530","68","500","0","40","67","0","1","2021","Feriale","Invernale","8.810338911","45.745312285","POINT (8.810338911 45.745312285)"
"C_nov 2022","2.822","S01736","LO","VA","Vedano Olona","12134","Vedano Olona","Saronno - Varese Nord","260","60","8","660","59","0","660","0","0","59","0","2022","Feriale","Invernale","8.887080675","45.777359271","POINT (8.887080675 45.777359271)"
"C_nov 2018","148","S01420","LO","LC","COLICO","97023","Colico","TIRANO-MILANO Lc-So","640","430","13","2110","89","0","1150","970","0","61","28","2018","Fer","Invernale","9.375255676","46.138093311","POINT (9.375255676 46.138093311)"
"C_nov 2020","229","S01632","LO","MI","MILANO PORTA ROMANA","15146","Milano","MILANO-MORTARA-AL","70","140","7","380","55","380","0","0","55","0","0","2020","Feriale","Invernale","0.921316275","45.445922893","POINT (9.21316275 45.445922893)"
"C_nov 2021","2.821","S01739","LO","VA","Varese-Casbeno","12133","Varese","Varese Nord - Laveno Momb","250","360","7","990","40","0","610","380","0","25","15","2021","Feriale","Invernale","8.811558243","45.814897655","POINT (8.811558243 45.814897655)"
"C_Luglio2023","182","S01485","LO","MI","TRIUGGIO-PONTE ALBIATE","108043","Triuggio","MONZA-LECCO","110","10","6","270","44","260","10","20","41","1","2","2023","Feriale","estivo","9.266989378","45.659034087","POINT (9.266989378 45.659034087)"
"C_nov 2016","168","S01453","LO","CO","ANZANO DEL PARCO","13009","Anzano del Parco","ALBATE-MOLTENO","10","10","3","30","20","0","30","0","0","20","0","2016","Fer","Invernale","9.202711127","45.765037334","POINT (9.202711127 45.765037334)"
"C_nov 2016","5.832","S01067","LO","MI","Milano Nord Domodossola","15146","Milano","Milano Nord Cadorna - Sar","1120","2540","53","7500","384","2750","3930","830","153","200","31","2016","Fer","Invernale","9.162155141","45.480836572","POINT (9.162155141 45.480836572)"
"C_nov 2022","198","S01514","LO","LC","OLGIATE CALCO-BRIVIO","97058","Olgiate Molgora","TIRANO-MILANO Mz-Lc","590","100","8","1300","68","1300","0","0","68","0","0","2022","Feriale","Invernale","0.940379608","45.729243447","POINT (9.40379608 45.729243447)"
"C_nov 2022","238","S01707","LO","MI","CASSANO D'ADDA","15059","Cassano d'Adda","MILANO-VENEZIA","310","160","16","850","95","850","10","0","92","2","1","2022","Feriale","Invernale","9.512780391","0.455144503","POINT (9.512780391 45.5144503)"
"C_nov 2022","219","S01602","LO","BG","CARAVAGGIO","16053","Caravaggio","BERGAMO-CREMONA","100","50","5","290","35","0","290","0","0","35","0","2022","Feriale","Invernale","9.637752922","45.491237226","POINT (9.637752922 45.491237226)"
"C_nov 2019","270","S01842","LO","BS","VIADANA BRESCIANA","17034","Calvisano","BRESCIA-PARMA","40","20","4","60","21","0","60","0","0","21","0","2019","Fer","Invernale","0.103318218","45.373727831","POINT (10.3318218 45.373727831)"
"C_nov 2019","299","S01905","LO","CR","OLMENETA","19063","Olmeneta","BRESCIA-CREMONA","50","10","8","120","64","0","120","0","0","64","0","2019","Fer","Invernale","10.031972373","45.231184025","POINT (10.031972373 45.231184025)"
"C_nov 2017","2.722","S01005","LO","BS","Breno","17028","Breno","Pisogne - Breno","50","120","3","330","32","0","180","150","0","19","13","2017","Fer","Invernale","10.305483792","45.959261369","POINT (10.305483792 45.959261369)"
"C_Novembre2023","2.776","S01783","LO","BS","Marone-Zone","17106","Marone","Iseo - Pisogne","200","30","4","470","27","0","320","150","0","18","9","2023","Feriale","Invernale","10.093296727","45.738197328","POINT (10.093296727 45.738197328)"
"C_nov 2021","141","S01411","LO","LC","VARENNA ESINO","97084","Varenna","TIRANO-MILANO Lc-So","100","60","6","410","52","0","160","260","0","23","29","2021","Feriale","Invernale","9.286432309","46.015079717","POINT (9.286432309 46.015079717)"
"C_Luglio2023","2.739","S01086","LO","MI","Cesano Maderno","108019","Cesano Maderno","Milano Nord Bovisa - Seve","1430","390","25","3830","197","2180","1660","0","147","50","0","2023","Feriale","estivo","9.141966766","45.631316886","POINT (9.141966766 45.631316886)"
"C_nov 2021","209","S01533","LO","BG","SERIATE","16198","Seriate","LECCO-BRESCIA","80","40","5","290","34","0","290","0","0","34","0","2021","Feriale","Invernale","9.724660449","45.683226571","POINT (9.724660449 45.683226571)"
"C_nov 2022","195","S01511","LO","MI","CARNATE USMATE","108016","Carnate","TIRANO-MILANO Mz-Lc","1230","350","18","3100","115","1810","1070","230","70","40","5","2022","Feriale","Invernale","9.375117342","45.653149706","POINT (9.375117342 45.653149706)"
"C_nov 2022","2.709","S01092","LO","CO","Arosio","13012","Arosio","Seveso - Asso","270","80","8","680","50","0","680","0","0","50","0","2022","Feriale","Invernale","9.210246869","4.571835634","POINT (9.210246869 45.71835634)"
"C_nov 2018","240","S01709","LO","BG","VIDALENGO","16053","Caravaggio","MILANO-VENEZIA","70","20","5","150","31","0","150","0","0","31","0","2018","Fer","Invernale","0.963970536","45.517936977","POINT (9.63970536 45.517936977)"
"C_nov 2020","158","S01434","LO","SO","PONTE IN VALTELLINA","14052","Ponte in Valtellina","TIRANO-MILANO So-Tir","0","0","1","10","10","0","10","0","0","4","6","2020","Feriale","Invernale","9.975919439","46.162708899","POINT (9.975919439 46.162708899)"
"C_nov 2015","91","S01064","LO","MI","CORSICO","15093","Corsico","MILANO-MORTARA-AL","230","140","8","670","75","670","10","0","69","6","0","2015","FER","Invernale","9.105184247","45.434772406","POINT (9.105184247 45.434772406)"
"C_nov 2019","2.775","S01089","LO","CO","Mariano Comense","13143","Mariano Comense","Seveso - Asso","750","480","9","2050","55","90","1960","0","5","50","0","2019","Fer","Invernale","0.918152941","45.693595207","POINT (9.18152941 45.693595207)"
"C_nov 2015","180","S01483","LO","MI","BIASSONO-LESMO","108009","Biassono","MONZA-LECCO","200","30","6","310","41","310","0","0","41","0","0","2015","FER","Invernale","9.298437032","45.632291281","POINT (9.298437032 45.632291281)"
"C_Novembre2023","239","S01708","LO","BG","TREVIGLIO","16219","Treviglio","MILANO-VENEZIA","2510","1420","41","8400","246","2090","3660","2660","92","115","39","2023","Feriale","Invernale","9.587945358","45.515141265","POINT (9.587945358 45.515141265)"
"C_nov 2017","2.752","S01006","LO","BS","Darfo-Corna","17065","Darfo Boario Terme","Pisogne - Breno","60","90","4","280","32","0","160","120","0","19","13","2017","Fer","Invernale","10.181314081","45.884311375","POINT (10.181314081 45.884311375)"
"C_nov 2020","6","S00034","LO","PV","MORTARA","18102","Mortara","MILANO-MORTARA-AL","290","110","12","1090","75","0","1090","0","0","75","0","2020","Feriale","Invernale","0.873168138","45.252256076","POINT (8.73168138 45.252256076)"
"C_nov 2021","222","S01605","LO","CR","CREMA","19035","Crema","BERGAMO-CREMONA","110","270","5","790","36","0","790","0","0","36","0","2021","Feriale","Invernale","9.694241457","45.366939013","POINT (9.694241457 45.366939013)"
"C_nov 2017","2.721","S01085","LO","MI","Bovisio Masciago - Mombello","108010","Bovisio-Masciago","Milano Nord Bovisa - Seve","910","270","16","2050","135","2050","0","0","135","0","0","2017","Fer","Invernale","9.141581449","45.612055387","POINT (9.141581449 45.612055387)"
"C_Novembre2023","243","S01712","LO","BG","CALCIO","16044","Calcio","MILANO-VENEZIA","30","20","5","170","31","0","170","0","0","31","0","2023","Feriale","Invernale","9.841366587","45.533015966","POINT (9.841366587 45.533015966)"
"C_nov 2015","174","S01461","LO","LC","SALA AL BARRO-GALBIATE","97036","Galbiate","MONZA-LECCO","80","20","7","130","37","100","30","0","34","3","0","2015","Fer","Invernale","9.359251698","45.821167176","POINT (9.359251698 45.821167176)"
"C_Novembre2023","200","S01520","LO","LC","LECCO","97042","Lecco","TIRANO-MILANO Mz-Lc","1190","3030","26","9600","208","5440","1810","2360","108","64","36","2023","Feriale","Invernale","0.939367574","45.856547373","POINT (9.39367574 45.856547373)"
"C_nov 2019","2.803","S01756","LO","CO","Rovellasca-Manera","13201","Rovellasca","Saronno - Como","450","70","8","840","61","0","840","0","0","61","0","2019","Fer","Invernale","9.038331172","0.456656699","POINT (9.038331172 45.6656699)"
"C_nov 2021","120","S01310","LO","CO","ALBATE-CAMERLATA","13075","Como","CHIASSO-MILANO","0","0","1","20","5","20","0","0","4","1","0","2021","Feriale","Invernale","0.907349887","45.777443385","POINT (9.07349887 45.777443385)"
"C_Luglio2023","291","S01869","LO","PV","LAMBRINIA","18048","Chignolo Po","PAVIA-CASALPUST.","20","10","4","40","22","0","40","0","0","22","0","2023","Feriale","estivo","9.527461442","45.164457002","POINT (9.527461442 45.164457002)"
"C_nov 2021","255","S01809","PI","AL","PONTECURONE","6132","Pontecurone","MILANO-GENOVA","50","10","2","70","6","0","0","70","0","0","6","2021","Feriale","Invernale","8.929891639","4.496201105","POINT (8.929891639 44.96201105)"
"C_nov 2015","138","S01407","LO","LC","DORIO","97032","Dorio","TIRANO-MILANO Lc-So","10","0","4","30","28","0","30","10","0","27","1","2015","Fer","Invernale","9.319096567","46.102830519","POINT (9.319096567 46.102830519)"
"C_nov 2017","178","S01481","LO","MI","VILLASANTA","108049","Villasanta","MONZA-LECCO","340","50","6","650","40","650","0","0","40","0","0","2017","Fer","Invernale","9.305121962","45.603443796","POINT (9.305121962 45.603443796)"
"C_nov 2020","152","S01426","LO","SO","TALAMONA","14063","Talamona","TIRANO-MILANO Lc-So","10","10","4","20","19","0","20","0","0","19","0","2020","Feriale","Invernale","0.959956252","46.139593883","POINT (9.59956252 46.139593883)"
"C_nov 2017","2.747","S01764","LO","CO","Como Nord Borghi","13075","Como","Saronno - Como","570","820","10","2610","70","0","2290","320","0","60","10","2017","Fer","Invernale","0.909095794","45.804910086","POINT (9.09095794 45.804910086)"
"C_nov 2017","2.824","S01734","LO","VA","Venegono Inferiore","12136","Venegono Inferiore","Saronno - Varese Nord","260","170","8","660","57","0","660","0","0","57","0","2017","Fer","Invernale","8.895091616","45.736654968","POINT (8.895091616 45.736654968)"
"C_nov 2019","193","S01504","LO","BG","TERNO","16213","Terno d'Isola","SEREGNO-BERGAMO","270","50","6","520","39","0","520","0","0","39","0","2019","Fer","Invernale","9.536197341","45.688730968","POINT (9.536197341 45.688730968)"
"C_nov 2020","2.819","S01084","LO","MI","Varedo","108045","Varedo","Milano Nord Bovisa - Seve","180","70","8","640","71","640","0","0","71","0","0","2020","Feriale","Invernale","9.153183844","45.595435441","POINT (9.153183844 45.595435441)"
"C_nov 2018","203","S01524","LO","LC","CALOLZIOCORTE-OLGINATE","97013","Calolziocorte","TIRANO-MILANO Mz-Lc","1210","290","15","3040","110","1810","810","430","68","32","10","2018","Fer","Invernale","9.427005558","4.580169532","POINT (9.427005558 45.80169532)"
"C_nov 2021","2.789","S01082","LO","MI","Paderno Dugnano","15166","Paderno Dugnano","Milano Nord Bovisa - Seve","840","310","19","2130","123","2130","0","0","123","0","0","2021","Feriale","Invernale","9.161231422","45.564852006","POINT (9.161231422 45.564852006)"
"C_nov 2020","2.818","S01753","LO","MI","Vanzaghello","15249","Vanzaghello","Saronno - Novara","70","40","6","220","34","0","220","0","0","34","0","2020","Feriale","Invernale","8.787492635","4.557757515","POINT (8.787492635 45.57757515)"
"C_nov 2020","2.812","S01766","LO","BS","Sonico","17181","Sonico","Breno - Edolo","0","0","1","0","2","0","0","0","0","2","0","2020","Feriale","Invernale","10.351165528","46.163878231","POINT (10.351165528 46.163878231)"
"C_nov 2017","216","S01540","LO","BS","COCCAGLIO","17056","Coccaglio","LECCO-BRESCIA","150","40","6","290","36","0","290","0","0","36","0","2017","Fer","Invernale","9.977670318","45.561044402","POINT (9.977670318 45.561044402)"
"C_nov 2021","2.724","S01137","LO","VA","Busto Arsizio Nord","12026","Busto Arsizio","Saronno - Novara","1610","770","28","4310","209","260","2560","1500","35","76","98","2021","Feriale","Invernale","0.885203345","45.606009961","POINT (8.85203345 45.606009961)"
"C_nov 2016","291","S01869","LO","PV","LAMBRINIA","18048","Chignolo Po","PAVIA-CASALPUST.","50","10","5","100","28","0","100","0","0","28","0","2016","Fer","Invernale","9.527461442","45.164457002","POINT (9.527461442 45.164457002)"
"C_nov 2017","177","S01480","LO","MI","MONZA SOBBORGHI","108033","Monza","MONZA-LECCO","270","80","6","570","40","570","0","0","40","0","0","2017","Fer","Invernale","9.284488422","45.582043348","POINT (9.284488422 45.582043348)"
"C_nov 2018","210","S01534","LO","BG","ALBANO S.ALESSANDRO","16003","Albano Sant'Alessandro","LECCO-BRESCIA","110","30","5","310","35","0","310","0","0","35","0","2018","Fer","Invernale","9.768053847","45.682821561","POINT (9.768053847 45.682821561)"
"C_nov 2017","2.806","S01933","LO","VA","Saronno","12119","Saronno","Milano Nord Cadorna - Sar","4730","3340","70","16080","539","3230","8730","4130","207","192","140","2017","Fer","Invernale","9.030524424","0.456251346","POINT (9.030524424 45.6251346)"
"C_nov 2015","108","S01145","LO","VA","BESNATE","12012","Besnate","LUINO-GALLARATE","100","20","5","160","34","0","160","0","0","34","0","2015","FER","Invernale","8.761109294","45.695486482","POINT (8.761109294 45.695486482)"
"C_nov 2015","92","S01065","LO","MI","TREZZANO S.N.","15220","Trezzano sul Naviglio","MILANO-MORTARA-AL","310","210","8","920","76","880","40","0","69","7","0","2015","FER","Invernale","0.907123474","45.422282484","POINT (9.07123474 45.422282484)"
"C_nov 2015","2.823","S01782","LO","BS","Vello","17106","Marone","Iseo - Pisogne","10","0","4","10","21","0","10","0","0","21","0","2015","Fer","Invernale","10.083908147","45.752417679","POINT (10.083908147 45.752417679)"
"C_Novembre2023","133","S01402","LO","SO","SAMOLACO","14057","Samolaco","CHIAVENNA-COLICO","50","20","4","200","29","0","200","0","0","29","0","2023","Feriale","Invernale","9.423617479","46.246509103","POINT (9.423617479 46.246509103)"
"C_Novembre2023","120","S01310","LO","CO","ALBATE-CAMERLATA","13075","Como","CHIASSO-MILANO","0","0","1","0","5","0","0","0","4","1","0","2023","Feriale","Invernale","0.907349887","45.777443385","POINT (9.07349887 45.777443385)"
"C_nov 2018","2.721","S01085","LO","MI","Bovisio Masciago - Mombello","108010","Bovisio-Masciago","Milano Nord Bovisa - Seve","920","290","16","2150","134","2150","0","0","134","0","0","2018","Fer","Invernale","9.141581449","45.612055387","POINT (9.141581449 45.612055387)"
"C_nov 2022","276","S01848","LO","MN","CANNETO SULL'OGLIO","20008","Canneto sull'Oglio","BRESCIA-PARMA","50","20","4","130","25","0","130","0","0","25","0","2022","Feriale","Invernale","10.371498908","45.150287495","POINT (10.371498908 45.150287495)"
"C_nov 2015","162","S01438","LO","SO","BIANZONE","14008","Bianzone","TIRANO-MILANO So-Tir","10","0","1","10","11","0","10","0","0","11","0","2015","FER","Invernale","1.011252885","46.179456527","POINT (10.11252885 46.179456527)"
"C_nov 2020","2.728","S01771","LO","BS","Capo di Ponte","17035","Capo di Ponte","Breno - Edolo","10","10","4","20","17","0","10","20","0","4","13","2020","Feriale","Invernale","10.346501697","46.030817614","POINT (10.346501697 46.030817614)"
"C_nov 2019","2.712","S01741","LO","VA","Barasso-Comerio","12008","Barasso","Varese Nord - Laveno Momb","210","40","7","420","42","0","190","230","0","21","21","2019","Fer","Invernale","8.751273836","45.835130751","POINT (8.751273836 45.835130751)"
"C_nov 2019","2.801","S01135","LO","MI","Rescaldina","15181","Rescaldina","Saronno - Novara","860","140","10","1840","75","0","1840","0","0","75","0","2019","Fer","Invernale","8.946679489","45.622159013","POINT (8.946679489 45.622159013)"
"C_Luglio2023","2.790","S01083","LO","MI","Palazzolo Milanese","15166","Paderno Dugnano","Milano Nord Bovisa - Seve","820","110","16","1890","133","1890","0","0","133","0","0","2023","Feriale","estivo","9.156496054","45.580997631","POINT (9.156496054 45.580997631)"
"C_nov 2018","2.782","S01642","LO","MI","MILANO NORD BOVISA","15146","Milano","Milano Nord Cadorna - Sar","5820","7720","96","30290","750","15670","10120","4510","369","240","141","2018","Fer","Invernale","9.158986972","4.550377781","POINT (9.158986972 45.50377781)"
"C_nov 2021","2.775","S01089","LO","CO","Mariano Comense","13143","Mariano Comense","Seveso - Asso","480","310","8","1520","51","30","1490","0","3","48","0","2021","Feriale","Invernale","0.918152941","45.693595207","POINT (9.18152941 45.693595207)"
"C_nov 2020","217","S01600","LO","BG","VERDELLO DALMINE","16233","Verdello","BERGAMO-CREMONA","290","150","16","960","83","0","320","640","0","37","46","2020","Feriale","Invernale","0.961982632","45.605792605","POINT (9.61982632 45.605792605)"
"C_nov 2016","2.853","S01748","PI","NO","Galliate","3068","Galliate","Saronno - Novara","250","80","6","620","38","0","620","0","0","38","0","2016","Fer","Invernale","8.691135844","45.481138261","POINT (8.691135844 45.481138261)"
"C_nov 2022","2.979","S01530","LO","BG","Bergamo Ospedale","16024","Bergamo","LECCO-BRESCIA","80","140","4","380","40","0","380","0","0","40","0","2022","Feriale","Invernale","9.638900819","45.688275861","POINT (9.638900819 45.688275861)"
"C_nov 2020","128","S01322","LO","MI","MONZA","108033","Monza","CHIASSO-MILANO","1180","870","46","5870","330","4460","610","820","232","40","58","2020","Feriale","Invernale","9.273281444","45.577867268","POINT (9.273281444 45.577867268)"
"C_nov 2018","237","S01706","LO","MI","TRECELLA","15178","Pozzuolo Martesana","MILANO-VENEZIA","400","100","16","780","98","770","10","0","96","1","1","2018","Fer","Invernale","0.948762259","45.514065408","POINT (9.48762259 45.514065408)"
"C_nov 2018","258","S01821","LO","MI","S.GIULIANO MILANESE","15195","San Giuliano Milanese","MILANO-BOLOGNA","610","200","10","1590","79","1590","0","0","79","0","0","2018","Fer","Invernale","9.286452197","45.391305373","POINT (9.286452197 45.391305373)"
"C_nov 2015","264","S01827","LO","LO","CASALPUSTERLENGO","98010","Casalpusterlengo","MILANO-BOLOGNA","490","230","10","1750","80","0","1740","10","0","78","2","2015","FER","Invernale","9.653655261","45.182559249","POINT (9.653655261 45.182559249)"
"C_nov 2019","5.842","S01039","LO","MI","RHO FIERA MILANO","15182","Rho","TORINO-MILANO","1550","2080","35","8930","266","5990","840","2100","177","37","52","2019","Fer","Invernale","9.088380294","4.552123731","POINT (9.088380294 45.52123731)"
"C_nov 2019","212","S01536","LO","BG","CHIUDUNO","16073","Chiuduno","LECCO-BRESCIA","80","30","4","320","35","0","320","0","0","35","0","2019","Fer","Invernale","9.846952911","45.650526953","POINT (9.846952911 45.650526953)"
"C_nov 2017","2.804","S01755","LO","CO","Rovello Porro","13202","Rovello Porro","Saronno - Como","420","60","8","860","61","0","850","10","0","60","1","2017","Fer","Invernale","9.036261914","45.651408852","POINT (9.036261914 45.651408852)"
"C_Novembre2023","300","S01910","LO","LO","MALEO","98035","Maleo","CODOGNO-MANTOVA","30","20","3","40","12","0","40","10","0","11","1","2023","Feriale","Invernale","9.755227418","45.170199162","POINT (9.755227418 45.170199162)"
"C_nov 2015","97","S01120","LO","VA","LEGGIUNO-MONVALLE","12088","Leggiuno","LAVENO-OLEGGIO","10","0","3","10","8","0","10","0","0","8","0","2015","FER","Invernale","8.629516725","45.867430022","POINT (8.629516725 45.867430022)"
"C_nov 2016","96","S01118","LO","VA","LAVENO MOMBELLO","12087","Laveno-Mombello","LUINO-GALLARATE","80","50","3","240","32","0","240","0","0","32","0","2016","Fer","Invernale","8.624617825","45.903348381","POINT (8.624617825 45.903348381)"
"C_nov 2020","109","S01200","LO","VA","PORTO CERESIO","12113","Porto Ceresio","PORTO C.-GALLARATE","10","20","4","70","34","0","0","70","0","0","34","2020","Feriale","Invernale","8.900389083","45.903750516","POINT (8.900389083 45.903750516)"
"C_nov 2021","138","S01407","LO","LC","DORIO","97032","Dorio","TIRANO-MILANO Lc-So","10","0","2","20","24","0","20","0","0","23","1","2021","Feriale","Invernale","9.319096567","46.102830519","POINT (9.319096567 46.102830519)"
"C_nov 2018","138","S01407","LO","LC","DORIO","97032","Dorio","TIRANO-MILANO Lc-So","10","0","3","40","27","0","40","10","0","26","1","2018","Fer","Invernale","9.319096567","46.102830519","POINT (9.319096567 46.102830519)"
"C_nov 2016","214","S01538","LO","BS","PALAZZOLO SULL'OGLIO","17133","Palazzolo sull'Oglio","LECCO-BRESCIA","230","150","5","740","38","0","740","0","0","38","0","2016","Fer","Invernale","9.896263591","4.560155941","POINT (9.896263591 45.60155941)"
"C_nov 2021","187","S01490","LO","LC","CASSAGO-NIBIONNO-BULC.","97017","Cassago Brianza","MONZA-LECCO","90","30","6","240","38","240","0","0","38","0","0","2021","Feriale","Invernale","9.279864449","45.746319529","POINT (9.279864449 45.746319529)"
"C_nov 2018","216","S01540","LO","BS","COCCAGLIO","17056","Coccaglio","LECCO-BRESCIA","110","40","6","240","36","0","240","0","0","36","0","2018","Fer","Invernale","9.977670318","45.561044402","POINT (9.977670318 45.561044402)"
"C_nov 2020","253","S01806","LO","PV","PIZZALE-LUNGAVILLA","18084","Lungavilla","MILANO-GENOVA","30","10","4","60","26","0","0","60","0","0","26","2020","Feriale","Invernale","9.069006681","45.049924012","POINT (9.069006681 45.049924012)"
"C_nov 2016","191","S01502","LO","LC","PADERNO-ROBBIATE","97062","Paderno d'Adda","SEREGNO-BERGAMO","820","150","9","1430","49","0","1430","0","0","49","0","2016","Fer","Invernale","9.439232645","4.567838448","POINT (9.439232645 45.67838448)"
"C_Novembre2023","5.820","S01492","LO","MI","Milano Forlanini","15146","Milano","PASSANTE","610","1010","24","3270","203","3260","0","20","199","0","4","2023","Feriale","Invernale","9.237061003","45.462399481","POINT (9.237061003 45.462399481)"
"C_Luglio2023","108","S01145","LO","VA","BESNATE","12012","Besnate","LUINO-GALLARATE","40","20","5","100","28","50","60","0","13","15","0","2023","Feriale","estivo","8.761109294","45.695486482","POINT (8.761109294 45.695486482)"
"C_Luglio2023","2.864","S01715","LO","MI","SEGRATE","15205","Segrate","MILANO-VENEZIA","390","350","16","1350","135","1350","0","0","135","0","0","2023","Feriale","estivo","9.291418669","45.479594282","POINT (9.291418669 45.479594282)"
"C_nov 2018","287","S01865","LO","PV","CORTEOLONA","18056","Corteolona","PAVIA-CASALPUST.","110","30","6","170","28","0","170","0","0","28","0","2018","Fer","Invernale","9.375508787","45.159782769","POINT (9.375508787 45.159782769)"
"C_nov 2021","166","S01451","LO","CO","CANTU'","13041","Cantu'","ALBATE-MOLTENO","20","10","4","40","23","0","40","0","0","23","0","2021","Feriale","Invernale","9.130350159","45.752397871","POINT (9.130350159 45.752397871)"
"C_Luglio2023","237","S01706","LO","MI","TRECELLA","15178","Pozzuolo Martesana","MILANO-VENEZIA","140","30","16","370","94","360","10","0","92","1","1","2023","Feriale","estivo","0.948762259","45.514065408","POINT (9.48762259 45.514065408)"
"C_nov 2022","2.805","S01784","LO","BS","Sale Marasino","17169","Sale Marasino","Iseo - Pisogne","60","20","4","410","30","0","230","180","0","17","13","2022","Feriale","Invernale","10.111830104","4.571279216","POINT (10.111830104 45.71279216)"
"C_nov 2022","196","S01512","LO","LC","OSNAGO","97061","Osnago","TIRANO-MILANO Mz-Lc","350","70","8","890","68","890","0","0","68","0","0","2022","Feriale","Invernale","9.387021835","45.678609287","POINT (9.387021835 45.678609287)"
"C_nov 2015","6","S00034","LO","PV","MORTARA","18102","Mortara","MILANO-MORTARA-AL","810","630","14","2720","91","0","2720","0","0","91","0","2015","Fer","Invernale","0.873168138","45.252256076","POINT (8.73168138 45.252256076)"
"C_nov 2018","218","S01601","LO","BG","TREVIGLIO OVEST","16219","Treviglio","BERGAMO-CREMONA","350","110","11","850","68","0","560","290","0","52","16","2018","Fer","Invernale","0.958031324","45.521845567","POINT (9.58031324 45.521845567)"
"C_nov 2018","2.765","S01093","LO","CO","Inverigo","13118","Inverigo","Seveso - Asso","280","60","6","610","50","0","610","0","0","50","0","2018","Fer","Invernale","9.224441129","45.740269966","POINT (9.224441129 45.740269966)"
"C_Luglio2023","300","S01910","LO","LO","MALEO","98035","Maleo","CODOGNO-MANTOVA","10","10","3","30","12","0","30","10","0","11","1","2023","Feriale","estivo","9.755227418","45.170199162","POINT (9.755227418 45.170199162)"
"C_Novembre2023","132","S01401","LO","SO","S.CASSIANO VALCHIAVENNA","14054","Prata Camportaccio","CHIAVENNA-COLICO","50","10","4","120","29","0","120","0","0","29","0","2023","Feriale","Invernale","0.093974465","4.627551067","POINT (9.3974465 46.27551067)"
"C_nov 2017","292","S01870","LO","LO","ORIO LITTA","98042","Orio Litta","PAVIA-CASALPUST.","50","20","5","80","28","0","80","0","0","28","0","2017","Fer","Invernale","9.550621285","45.166863635","POINT (9.550621285 45.166863635)"
"C_nov 2017","174","S01461","LO","LC","SALA AL BARRO-GALBIATE","97036","Galbiate","MONZA-LECCO","80","20","7","130","37","100","40","0","34","3","0","2017","Fer","Invernale","9.359251698","45.821167176","POINT (9.359251698 45.821167176)"
"C_nov 2018","276","S01848","LO","MN","CANNETO SULL'OGLIO","20008","Canneto sull'Oglio","BRESCIA-PARMA","40","10","3","120","24","0","120","0","0","24","0","2018","Fer","Invernale","10.371498908","45.150287495","POINT (10.371498908 45.150287495)"
"C_nov 2019","5.919","S01146","LO","VA","Malpensa Aeroporto T2","12140","Vizzola Ticino","Busto Arsizio - Malpensa","180","410","20","1790","182","90","560","1140","36","37","109","2019","Fer","Invernale","8.721967232","4.565058598","POINT (8.721967232 45.65058598)"
"C_Novembre2023","263","S01826","LO","LO","SECUGNAGO","98052","Secugnago","MILANO-BOLOGNA","160","40","7","460","38","0","450","10","0","37","1","2023","Feriale","Invernale","9.586872164","4.522332986","POINT (9.586872164 45.22332986)"
"C_nov 2022","152","S01426","LO","SO","TALAMONA","14063","Talamona","TIRANO-MILANO Lc-So","100","20","4","130","20","0","130","0","0","20","0","2022","Feriale","Invernale","0.959956252","46.139593883","POINT (9.59956252 46.139593883)"
"C_nov 2018","200","S01520","LO","LC","LECCO","97042","Lecco","TIRANO-MILANO Mz-Lc","1850","3460","26","10170","201","4890","2460","2830","104","65","32","2018","Fer","Invernale","0.939367574","45.856547373","POINT (9.39367574 45.856547373)"
"C_Luglio2023","5.844","S01059","LO","MI","ALBAIRATE-VERMEZZO","15005","Albairate","MILANO-MORTARA-AL","120","110","4","900","44","0","900","0","0","44","0","2023","Feriale","estivo","8.957371048","45.404429355","POINT (8.957371048 45.404429355)"
"C_nov 2020","219","S01602","LO","BG","CARAVAGGIO","16053","Caravaggio","BERGAMO-CREMONA","40","30","5","120","33","0","120","0","0","33","0","2020","Feriale","Invernale","9.637752922","45.491237226","POINT (9.637752922 45.491237226)"
"C_Luglio2023","2.734","S01795","LO","BS","Castegnato","17040","Castegnato","Brescia - Iseo","140","40","7","290","36","0","290","0","0","36","0","2023","Feriale","estivo","10.118369673","45.566191714","POINT (10.118369673 45.566191714)"
"C_nov 2022","257","S01820","LO","MI","MILANO ROGOREDO","15146","Milano","MILANO-BOLOGNA","2700","4920","45","14190","317","7500","3750","2950","196","65","56","2022","Feriale","Invernale","9.238727378","4.543484983","POINT (9.238727378 45.43484983)"
"C_nov 2017","210","S01534","LO","BG","ALBANO S.ALESSANDRO","16003","Albano Sant'Alessandro","LECCO-BRESCIA","110","30","5","320","35","0","320","0","0","35","0","2017","Fer","Invernale","9.768053847","45.682821561","POINT (9.768053847 45.682821561)"
"C_nov 2022","288","S01866","LO","PV","S.CRISTINA E BISSONE","18139","Santa Cristina e Bissone","PAVIA-CASALPUST.","40","10","4","80","22","0","80","0","0","22","0","2022","Feriale","Invernale","9.401036576","45.160614144","POINT (9.401036576 45.160614144)"
"C_nov 2015","2.718","S01797","LO","BS","Borgo S. Giovanni","17029","Brescia","Brescia - Iseo","10","40","6","50","37","0","50","0","0","37","0","2015","Fer","Invernale","10.190716021","45.543253206","POINT (10.190716021 45.543253206)"
"C_Novembre2023","197","S01513","LO","LC","CERNUSCO-MERATE","97020","Cernusco Lombardone","TIRANO-MILANO Mz-Lc","730","180","9","1890","75","1860","0","30","72","0","3","2023","Feriale","Invernale","9.396827762","45.695177577","POINT (9.396827762 45.695177577)"
"C_nov 2019","195","S01511","LO","MI","CARNATE USMATE","108016","Carnate","TIRANO-MILANO Mz-Lc","1650","440","21","3750","120","2120","1270","370","69","46","5","2019","Fer","Invernale","9.375117342","45.653149706","POINT (9.375117342 45.653149706)"
"C_nov 2019","243","S01712","LO","BG","CALCIO","16044","Calcio","MILANO-VENEZIA","50","40","5","130","30","0","130","0","0","30","0","2019","Fer","Invernale","9.841366587","45.533015966","POINT (9.841366587 45.533015966)"
"C_nov 2016","5","S00033","LO","PV","ALBONESE","18003","Albonese","NOVARA-MORTARA","20","10","3","30","10","0","30","0","0","10","0","2016","Fer","Invernale","8.714636963","45.297869975","POINT (8.714636963 45.297869975)"
"C_nov 2021","258","S01821","LO","MI","S.GIULIANO MILANESE","15195","San Giuliano Milanese","MILANO-BOLOGNA","300","120","6","1090","65","1090","0","0","65","0","0","2021","Feriale","Invernale","9.286452197","45.391305373","POINT (9.286452197 45.391305373)"
"C_nov 2021","2.763","S01762","LO","CO","Grandate-Breccia","13110","Grandate","Saronno - Como","370","240","10","1030","67","0","920","120","0","62","5","2021","Feriale","Invernale","0.009055656","45.781300073","POINT (9.055656 45.781300073)"
"C_nov 2019","108","S01145","LO","VA","BESNATE","12012","Besnate","LUINO-GALLARATE","90","20","5","160","28","0","160","0","0","28","0","2019","Fer","Invernale","8.761109294","45.695486482","POINT (8.761109294 45.695486482)"
"C_nov 2020","311","S01921","LO","MN","MARCARIA","20031","Marcaria","CODOGNO-MANTOVA","10","10","4","20","27","0","10","10","0","7","20","2020","Feriale","Invernale","10.533674343","45.124599549","POINT (10.533674343 45.124599549)"
"C_nov 2017","2.744","S01774","LO","BS","Cividate Malegno","17055","Cividate Camuno","Pisogne - Breno","20","10","2","70","19","0","70","0","0","19","0","2017","Fer","Invernale","10.268355766","45.943563723","POINT (10.268355766 45.943563723)"
"C_nov 2021","2.734","S01795","LO","BS","Castegnato","17040","Castegnato","Brescia - Iseo","160","30","8","270","38","0","270","0","0","38","0","2021","Feriale","Invernale","10.118369673","45.566191714","POINT (10.118369673 45.566191714)"
"C_nov 2017","5.842","S01039","LO","MI","RHO FIERA MILANO","15182","Rho","TORINO-MILANO","1280","2050","36","7390","266","4990","580","1840","177","37","52","2017","Fer","Invernale","9.088380294","4.552123731","POINT (9.088380294 45.52123731)"
"C_nov 2015","2.779","S01078","LO","MI","Milano Affori","15146","Milano","Milano Nord Bovisa - Seve","690","2570","24","5410","181","3510","1910","0","132","49","0","2015","Fer","Invernale","9.167411293","45.521142914","POINT (9.167411293 45.521142914)"
"C_Luglio2023","294","S01900","LO","BS","S.ZENO FOLZANO","17173","San Zeno Naviglio","BRESCIA-CREMONA","50","40","7","240","56","0","240","0","0","56","0","2023","Feriale","estivo","10.211709572","45.491635451","POINT (10.211709572 45.491635451)"
"C_nov 2018","291","S01869","LO","PV","LAMBRINIA","18048","Chignolo Po","PAVIA-CASALPUST.","50","10","5","80","28","0","80","0","0","28","0","2018","Fer","Invernale","9.527461442","45.164457002","POINT (9.527461442 45.164457002)"
"C_nov 2016","2.756","S01760","LO","CO","Fino Mornasco","13102","Fino Mornasco","Saronno - Como","390","70","7","1000","59","0","1000","10","0","58","1","2016","Fer","Invernale","9.047021129","45.746532082","POINT (9.047021129 45.746532082)"
"C_nov 2019","5.841","S01104","LO","MI","PIEVE EMANUELE","15173","Pieve Emanuele","MILANO-GENOVA","650","160","8","1850","73","1850","0","0","72","0","1","2019","Fer","Invernale","9.204837997","45.341109745","POINT (9.204837997 45.341109745)"
"C_nov 2020","335","S02336","LO","MN","MANTOVA","20030","Mantova","CODOGNO-MANTOVA","50","70","4","300","28","0","40","270","0","7","21","2020","Feriale","Invernale","10.783189882","45.158827197","POINT (10.783189882 45.158827197)"
"C_nov 2021","328","S01951","EM","PC","S.NICOLO'","33039","Rottofreno","ALESS.-PIACENZA","0","0","0","20","11","0","20","0","0","11","0","2021","Feriale","Invernale","9.606551575","4.505875181","POINT (9.606551575 45.05875181)"
"C_Novembre2023","312","S01922","LO","MN","OSPITALETTO MANTOV.","20031","Marcaria","CODOGNO-MANTOVA","10","10","1","10","6","0","10","0","0","6","0","2023","Feriale","Invernale","10.604427864","45.129824898","POINT (10.604427864 45.129824898)"
"C_Luglio2023","307","S01917","LO","CR","GAZZO-PIEVE S.GIACOMO","19075","Pieve San Giacomo","CODOGNO-MANTOVA","10","10","1","30","8","0","30","10","0","7","1","2023","Feriale","estivo","1.018994286","45.137237048","POINT (10.18994286 45.137237048)"
"C_nov 2017","219","S01602","LO","BG","CARAVAGGIO","16053","Caravaggio","BERGAMO-CREMONA","190","40","5","360","35","0","360","0","0","35","0","2017","Fer","Invernale","9.637752922","45.491237226","POINT (9.637752922 45.491237226)"
"C_Novembre2023","151","S01425","LO","SO","MORBEGNO","14045","Morbegno","TIRANO-MILANO Lc-So","450","320","7","1090","48","0","540","560","0","22","26","2023","Feriale","Invernale","9.568674621","46.136732198","POINT (9.568674621 46.136732198)"
"C_nov 2017","284","S01862","LO","PV","MOTTA S.DAMIANO","18110","Pavia","PAVIA-CASALPUST.","10","10","5","10","27","0","10","0","0","27","0","2017","Fer","Invernale","9.219902925","45.178421105","POINT (9.219902925 45.178421105)"
"C_nov 2022","178","S01481","LO","MI","VILLASANTA","108049","Villasanta","MONZA-LECCO","350","150","8","640","40","640","0","0","40","0","0","2022","Feriale","Invernale","9.305121962","45.603443796","POINT (9.305121962 45.603443796)"
"C_nov 2021","2.853","S01748","PI","NO","Galliate","3068","Galliate","Saronno - Novara","220","80","6","520","34","0","520","0","0","34","0","2021","Feriale","Invernale","8.691135844","45.481138261","POINT (8.691135844 45.481138261)"
"C_nov 2017","10","S00039","LO","PV","TORREBERETTI","18156","Torre Beretti e Castellaro","MILANO-MORTARA-AL","30","10","5","60","35","0","60","0","0","35","0","2017","Fer","Invernale","8.660466652","45.060615837","POINT (8.660466652 45.060615837)"
"C_Novembre2023","91","S01064","LO","MI","CORSICO","15093","Corsico","MILANO-MORTARA-AL","160","120","7","580","66","580","10","0","64","2","0","2023","Feriale","Invernale","9.105184247","45.434772406","POINT (9.105184247 45.434772406)"
"C_nov 2020","2.856","S01648","LO","MI","MILANO REPUBBLICA","15146","Milano","PASSANTE","480","1160","38","3700","270","3700","0","0","270","0","0","2020","Feriale","Invernale","9.198815201","45.480365497","POINT (9.198815201 45.480365497)"
"C_nov 2018","274","S01846","LO","BS","REMEDELLO SOTTO","17160","Remedello","BRESCIA-PARMA","20","10","3","60","24","0","60","0","0","24","0","2018","Fer","Invernale","1.038843093","45.257552358","POINT (10.38843093 45.257552358)"
"C_nov 2017","2.726","S01759","LO","CO","Cadorago","13036","Cadorago","Saronno - Como","350","70","8","700","61","0","700","10","0","60","1","2017","Fer","Invernale","9.041099041","45.729810407","POINT (9.041099041 45.729810407)"
"C_Luglio2023","235","S01704","LO","MI","VIGNATE","15237","Vignate","MILANO-VENEZIA","400","180","16","1240","94","1220","30","0","92","1","1","2023","Feriale","estivo","0.937411303","45.494025151","POINT (9.37411303 45.494025151)"
"C_nov 2016","328","S01951","EM","PC","S.NICOLO'","33039","Rottofreno","ALESS.-PIACENZA","10","0","1","20","14","0","20","0","0","14","0","2016","Fer","Invernale","9.606551575","4.505875181","POINT (9.606551575 45.05875181)"
"C_nov 2016","2.752","S01006","LO","BS","Darfo-Corna","17065","Darfo Boario Terme","Pisogne - Breno","50","80","4","260","32","0","130","130","0","19","13","2016","Fer","Invernale","10.181314081","45.884311375","POINT (10.181314081 45.884311375)"
"C_nov 2019","107","S01144","LO","VA","MORNAGO CIMBRO","12106","Mornago","LUINO-GALLARATE","80","20","5","150","28","0","150","0","0","28","0","2019","Fer","Invernale","8.734232423","45.729818919","POINT (8.734232423 45.729818919)"
"C_nov 2021","321","S01943","LO","PV","S.GIULETTA","18140","Santa Giuletta","ALESS.-PIACENZA","0","0","0","10","6","0","10","0","0","6","0","2021","Feriale","Invernale","9.179278043","45.035797363","POINT (9.179278043 45.035797363)"
"C_nov 2017","163","S01439","LO","SO","VILLA DI TIRANO","14078","Villa di Tirano","TIRANO-MILANO So-Tir","20","0","1","30","7","0","30","0","0","7","0","2017","Fer","Invernale","10.130361703","46.196242159","POINT (10.130361703 46.196242159)"
"C_nov 2016","263","S01826","LO","LO","SECUGNAGO","98052","Secugnago","MILANO-BOLOGNA","170","50","7","380","40","0","380","0","0","39","1","2016","Fer","Invernale","9.586872164","4.522332986","POINT (9.586872164 45.22332986)"
"C_Novembre2023","2.815","S01729","LO","VA","Tradate","12127","Tradate","Saronno - Varese Nord","960","440","13","2410","78","0","1510","900","0","61","17","2023","Feriale","Invernale","8.906902965","45.710305004","POINT (8.906902965 45.710305004)"
"C_nov 2015","284","S01862","LO","PV","MOTTA S.DAMIANO","18110","Pavia","PAVIA-CASALPUST.","10","0","5","10","29","0","10","0","0","29","0","2015","FER","Invernale","9.219902925","45.178421105","POINT (9.219902925 45.178421105)"
"C_nov 2016","124","S01316","LO","MI","CAMNAGO-LENTATE","108054","Lentate sul Seveso","CHIASSO-MILANO","570","210","16","1420","141","1420","0","0","141","0","0","2016","Fer","Invernale","9.133490346","45.668502905","POINT (9.133490346 45.668502905)"
"C_nov 2019","2.761","S01745","LO","VA","Gemonio","12074","Gemonio","Varese Nord - Laveno Momb","200","30","7","460","42","0","200","260","0","21","21","2019","Fer","Invernale","0.867388218","45.877604611","POINT (8.67388218 45.877604611)"
"C_Luglio2023","76","S01029","LO","VA","CASORATE SEMPIONE","12039","Casorate Sempione","DOMODOSSOLA-MILANO","70","30","5","260","32","0","260","0","0","32","0","2023","Feriale","estivo","8.743986914","45.675152648","POINT (8.743986914 45.675152648)"
"C_nov 2018","251","S01804","LO","PV","S.MARTINO-CAVA","18041","Cava Manara","MILANO-GENOVA","150","20","7","280","38","0","230","50","0","32","6","2018","Fer","Invernale","9.115360868","4.514494907","POINT (9.115360868 45.14494907)"
"C_nov 2021","193","S01504","LO","BG","TERNO","16213","Terno d'Isola","SEREGNO-BERGAMO","290","40","5","650","40","0","650","0","0","40","0","2021","Feriale","Invernale","9.536197341","45.688730968","POINT (9.536197341 45.688730968)"
"C_nov 2016","38","S00276","LO","PV","GARLASCO","18069","Garlasco","VERCELLI-PAVIA","190","30","4","340","28","0","340","0","0","28","0","2016","Fer","Invernale","8.926867354","45.199033929","POINT (8.926867354 45.199033929)"
"C_nov 2015","5.836","S01608","LO","BG","ARCENE","16011","Arcene","BERGAMO-CREMONA","200","30","8","410","53","0","410","0","0","52","1","2015","Fer","Invernale","9.606556547","45.577555908","POINT (9.606556547 45.577555908)"
"C_nov 2021","292","S01870","LO","LO","ORIO LITTA","98042","Orio Litta","PAVIA-CASALPUST.","20","10","4","50","22","0","50","0","0","22","0","2021","Feriale","Invernale","9.550621285","45.166863635","POINT (9.550621285 45.166863635)"
"C_nov 2019","2.857","S01647","LO","MI","MILANO P.G. PASS.","15146","Milano","PASSANTE","3990","7980","41","27300","359","27300","0","0","359","0","0","2019","Fer","Invernale","9.185954917","45.484354097","POINT (9.185954917 45.484354097)"
"C_nov 2020","177","S01480","LO","MI","MONZA SOBBORGHI","108033","Monza","MONZA-LECCO","50","30","6","150","40","150","0","0","40","0","0","2020","Feriale","Invernale","9.284488422","45.582043348","POINT (9.284488422 45.582043348)"
"C_nov 2019","242","S01711","LO","BG","ROMANO","16183","Romano di Lombardia","MILANO-VENEZIA","830","250","10","2150","65","0","1110","1040","0","33","32","2019","Fer","Invernale","0.975343152","45.523917724","POINT (9.75343152 45.523917724)"
"C_Luglio2023","2.711","S01101","LO","CO","Asso","13013","Asso","Seveso - Asso","70","0","2","270","33","0","270","0","0","33","0","2023","Feriale","estivo","9.269120449","45.854922626","POINT (9.269120449 45.854922626)"
"C_nov 2020","167","S01452","LO","CO","BRENNA-ALZATE","13029","Brenna","ALBATE-MOLTENO","10","0","3","10","13","0","10","0","0","13","0","2020","Feriale","Invernale","9.183346262","4.575412075","POINT (9.183346262 45.75412075)"
"C_nov 2015","79","S01033","LO","MI","LEGNANO","15118","Legnano","DOMODOSSOLA-MILANO","1950","660","16","5580","115","3350","340","1900","74","6","35","2015","Fer","Invernale","8.910667666","4.559373533","POINT (8.910667666 45.59373533)"
"C_nov 2016","74","S01027","LO","VA","VERGIATE","12138","Vergiate","DOMODOSSOLA-MILANO","170","70","5","450","33","0","450","0","0","33","0","2016","Fer","Invernale","8.693230518","45.717200688","POINT (8.693230518 45.717200688)"
"C_nov 2020","114","S01207","LO","VA","GAZZADA-SCHIANNO-MORAZZ.","12073","Gazzada Schianno","PORTO C.-GALLARATE","40","40","7","170","63","160","0","10","62","0","1","2020","Feriale","Invernale","8.824846806","45.778700868","POINT (8.824846806 45.778700868)"
"C_nov 2019","198","S01514","LO","LC","OLGIATE CALCO-BRIVIO","97058","Olgiate Molgora","TIRANO-MILANO Mz-Lc","580","70","8","1420","67","1420","0","0","67","0","0","2019","Fer","Invernale","0.940379608","45.729243447","POINT (9.40379608 45.729243447)"
"C_Luglio2023","121","S01312","LO","CO","CUCCIAGO","13084","Cucciago","CHIASSO-MILANO","90","20","8","260","71","260","0","0","71","0","0","2023","Feriale","estivo","9.082243395","45.740890259","POINT (9.082243395 45.740890259)"
"C_Luglio2023","332","S02088","VE","VR","PESCHIERA DEL GARDA","23059","Peschiera del Garda","MILANO-VENEZIA","280","400","5","2470","36","0","0","2470","0","0","36","2023","Feriale","estivo","1.070247103","4.543838223","POINT (10.70247103 45.43838223)"
"C_nov 2018","78","S01031","LO","VA","BUSTO ARSIZIO","12026","Busto Arsizio","DOMODOSSOLA-MILANO","1920","890","24","6260","177","2930","1230","2110","92","34","51","2018","Fer","Invernale","8.865063882","45.616237821","POINT (8.865063882 45.616237821)"
"C_Novembre2023","173","S01460","LO","LC","OGGIONO","97057","Oggiono","MONZA-LECCO","250","330","8","870","41","730","150","0","36","5","0","2023","Feriale","Invernale","9.337510786","45.789065364","POINT (9.337510786 45.789065364)"
"C_Luglio2023","2.780","S01079","LO","MI","Milano Bruzzano","15146","Milano","Milano Nord Bovisa - Seve","110","70","16","530","133","530","0","0","133","0","0","2023","Feriale","estivo","9.172814019","45.533621361","POINT (9.172814019 45.533621361)"
"C_nov 2017","331","S02084","LO","BS","DESENZANO DEL GARDA-SIR.","17067","Desenzano del Garda","MILANO-VENEZIA","470","180","6","1540","34","0","60","1490","0","2","32","2017","Fer","Invernale","10.536345381","45.462760508","POINT (10.536345381 45.462760508)"
"C_nov 2021","272","S01844","LO","BS","VISANO","17203","Visano","BRESCIA-PARMA","40","10","4","80","25","0","80","0","0","25","0","2021","Feriale","Invernale","10.363129196","45.315389802","POINT (10.363129196 45.315389802)"
"C_nov 2022","266","S01829","LO","LO","S.STEFANO LODIGIANO","98051","Santo Stefano Lodigiano","MILANO-BOLOGNA","30","10","4","90","34","0","90","0","0","34","0","2022","Feriale","Invernale","9.723640779","45.122172959","POINT (9.723640779 45.122172959)"
"C_Luglio2023","181","S01484","LO","MI","MACHERIO CANONICA","108029","Macherio","MONZA-LECCO","60","10","6","100","44","100","10","10","41","1","2","2023","Feriale","estivo","9.286771042","45.645615415","POINT (9.286771042 45.645615415)"
"C_nov 2016","117","S01210","LO","VA","CAVARIA-OGGIONA IERAGO","12048","Cavaria con Premezzo","PORTO C.-GALLARATE","350","140","8","900","73","840","0","70","72","0","1","2016","Fer","Invernale","0.880353632","45.698222542","POINT (8.80353632 45.698222542)"
"C_nov 2018","243","S01712","LO","BG","CALCIO","16044","Calcio","MILANO-VENEZIA","40","20","5","110","31","0","110","0","0","31","0","2018","Fer","Invernale","9.841366587","45.533015966","POINT (9.841366587 45.533015966)"
"C_nov 2022","229","S01632","LO","MI","MILANO PORTA ROMANA","15146","Milano","MILANO-MORTARA-AL","230","560","8","1470","67","1470","0","0","67","0","0","2022","Feriale","Invernale","0.921316275","45.445922893","POINT (9.21316275 45.445922893)"
"C_nov 2018","181","S01484","LO","MI","MACHERIO CANONICA","108029","Macherio","MONZA-LECCO","160","20","6","260","40","260","0","0","40","0","0","2018","Fer","Invernale","9.286771042","45.645615415","POINT (9.286771042 45.645615415)"
"C_Luglio2023","327","S01950","EM","PC","ROTTOFRENO","33039","Rottofreno","ALESS.-PIACENZA","0","0","0","10","11","0","10","0","0","11","0","2023","Feriale","estivo","9.549300156","4.506050732","POINT (9.549300156 45.06050732)"
"C_nov 2017","192","S01503","LO","BG","CALUSCO","16046","Calusco d'Adda","SEREGNO-BERGAMO","560","110","8","1150","50","0","1150","0","0","50","0","2017","Fer","Invernale","9.470679691","45.684190766","POINT (9.470679691 45.684190766)"
"C_nov 2016","236","S01705","LO","MI","MELZO","15142","Melzo","MILANO-VENEZIA","850","330","16","2140","99","2120","10","20","96","1","2","2016","Fer","Invernale","9.433304033","4.550454073","POINT (9.433304033 45.50454073)"
"C_nov 2021","131","S01400","LO","SO","CHIAVENNA","14018","Chiavenna","CHIAVENNA-COLICO","110","290","5","880","31","0","880","0","0","31","0","2021","Feriale","Invernale","0.940716091","46.321335044","POINT (9.40716091 46.321335044)"
"C_Novembre2023","105","S01142","LO","VA","TRAVEDONA-BIANDRONNO","12128","Travedona-Monate","LUINO-GALLARATE","10","10","3","50","26","20","40","0","11","15","0","2023","Feriale","Invernale","8.696358289","4.580968175","POINT (8.696358289 45.80968175)"
"C_nov 2021","2.785","S01726","LO","CO","Mozzate","13159","Mozzate","Saronno - Varese Nord","390","60","8","800","58","0","800","0","0","58","0","2021","Feriale","Invernale","8.955224279","45.677788011","POINT (8.955224279 45.677788011)"
"C_nov 2018","2.812","S01766","LO","BS","Sonico","17181","Sonico","Breno - Edolo","0","0","1","0","2","0","0","0","0","2","0","2018","Fer","Invernale","10.351165528","46.163878231","POINT (10.351165528 46.163878231)"
"C_nov 2020","307","S01917","LO","CR","GAZZO-PIEVE S.GIACOMO","19075","Pieve San Giacomo","CODOGNO-MANTOVA","10","10","1","10","8","0","10","10","0","7","1","2020","Feriale","Invernale","1.018994286","45.137237048","POINT (10.18994286 45.137237048)"
"C_nov 2016","208","S01529","LO","BG","BERGAMO","16024","Bergamo","LECCO-BRESCIA","3170","5380","34","16250","223","0","10110","6140","0","171","52","2016","Fer","Invernale","9.675111057","45.690343725","POINT (9.675111057 45.690343725)"
"C_nov 2017","306","S01916","LO","CR","VILLETTA MALAGNINO","19056","Malagnino","CODOGNO-MANTOVA","40","0","2","50","22","0","50","0","0","21","1","2017","Fer","Invernale","10.111974549","45.137104731","POINT (10.111974549 45.137104731)"
"C_nov 2018","2.798","S01761","LO","CO","Portichetto-Luisago","13135","Luisago","Saronno - Como","280","80","8","670","61","0","670","10","0","60","1","2018","Fer","Invernale","9.050289685","45.759200753","POINT (9.050289685 45.759200753)"
"C_nov 2022","2.729","S01076","LO","VA","Caronno Pertusella","12034","Caronno Pertusella","Milano Nord Cadorna - Sar","590","140","14","1420","122","1420","0","0","122","0","0","2022","Feriale","Invernale","9.058328414","45.598187372","POINT (9.058328414 45.598187372)"
"C_Luglio2023","271","S01843","LO","BS","CALVISANO","17034","Calvisano","BRESCIA-PARMA","40","30","4","140","25","0","140","0","0","25","0","2023","Feriale","estivo","10.349435029","45.346652138","POINT (10.349435029 45.346652138)"
"C_nov 2015","225","S01609","LO","CR","CASALBUTTANO","19016","Casalbuttano ed Uniti","BERGAMO-CREMONA","50","10","4","180","37","0","180","0","0","37","0","2015","FER","Invernale","9.962387322","45.255479026","POINT (9.962387322 45.255479026)"
"C_Novembre2023","124","S01316","LO","MI","CAMNAGO-LENTATE","108054","Lentate sul Seveso","CHIASSO-MILANO","710","370","16","2050","142","2050","0","0","142","0","0","2023","Feriale","Invernale","9.133490346","45.668502905","POINT (9.133490346 45.668502905)"
"C_Luglio2023","84","S01040","LO","MI","MAGENTA","15130","Magenta","TORINO-MILANO","490","210","8","1550","69","1550","0","0","69","0","0","2023","Feriale","estivo","8.880674725","45.468283265","POINT (8.880674725 45.468283265)"
"C_nov 2021","83","S01037","LO","MI","RHO","15182","Rho","TORINO-MILANO","1270","630","20","5070","143","5070","0","0","143","0","0","2021","Feriale","Invernale","9.043583998","45.523927896","POINT (9.043583998 45.523927896)"
"C_nov 2021","228","S01631","LO","MI","MILANO PORTA GENOVA","15146","Milano","MILANO-MORTARA-AL","250","2080","7","5580","46","0","5580","0","0","46","0","2021","Feriale","Invernale","9.169330605","45.453458231","POINT (9.169330605 45.453458231)"
"C_nov 2020","207","S01528","LO","BG","PONTE S.PIETRO","16170","Ponte San Pietro","LECCO-BRESCIA","130","80","10","530","71","0","530","0","0","71","0","2020","Feriale","Invernale","9.584359693","45.699232686","POINT (9.584359693 45.699232686)"
"C_nov 2015","2.853","S01748","PI","NO","Galliate","3068","Galliate","Saronno - Novara","210","90","6","550","43","0","550","0","0","43","0","2015","Fer","Invernale","8.691135844","45.481138261","POINT (8.691135844 45.481138261)"
"C_nov 2020","5.919","S01146","LO","VA","Malpensa Aeroporto T2","12140","Vizzola Ticino","Busto Arsizio - Malpensa","10","20","15","40","116","0","30","20","18","40","58","2020","Feriale","Invernale","8.721967232","4.565058598","POINT (8.721967232 45.65058598)"
"C_nov 2021","3","S00031","PI","NO","VESPOLATE","3158","Vespolate","NOVARA-MORTARA","0","0","0","10","2","0","10","0","0","2","0","2021","Feriale","Invernale","8.672069059","4.535153791","POINT (8.672069059 45.35153791)"
"C_nov 2019","2.758","S01074","LO","MI","Garbagnate Milanese","15105","Garbagnate Milanese","Milano Nord Cadorna - Sar","1190","430","17","3010","140","3010","0","0","140","0","0","2019","Fer","Invernale","0.908029848","45.579923026","POINT (9.08029848 45.579923026)"
"C_nov 2022","290","S01868","LO","PV","CHIGNOLO PO","18048","Chignolo Po","PAVIA-CASALPUST.","60","10","4","120","22","0","120","0","0","22","0","2022","Feriale","Invernale","9.494226195","45.161018526","POINT (9.494226195 45.161018526)"
"C_nov 2021","2.814","S01781","LO","BS","Toline","17143","Pisogne","Iseo - Pisogne","10","10","3","10","20","0","10","0","0","20","0","2021","Feriale","Invernale","10.088229762","45.787237456","POINT (10.088229762 45.787237456)"
"C_nov 2022","2.745","S01744","LO","VA","Cocquio-Trevisago","12053","Cocquio-Trevisago","Varese Nord - Laveno Momb","120","40","6","360","40","0","170","190","0","24","16","2022","Feriale","Invernale","8.690075387","45.860132463","POINT (8.690075387 45.860132463)"
"C_nov 2020","165","S01450","LO","CO","ALBATE TRECALLO","13075","Como","ALBATE-MOLTENO","10","10","3","10","13","0","10","0","0","13","0","2020","Feriale","Invernale","9.095790373","45.777467374","POINT (9.095790373 45.777467374)"
"C_nov 2018","2.855","S01649","LO","MI","MILANO P. VENEZIA","15146","Milano","PASSANTE","1810","5100","40","14470","361","14470","0","0","361","0","0","2018","Fer","Invernale","9.207018409","45.476597527","POINT (9.207018409 45.476597527)"
"C_Luglio2023","262","S01825","LO","LO","LODI","98031","Lodi","MILANO-BOLOGNA","1040","490","18","3860","128","1250","1700","930","70","38","20","2023","Feriale","estivo","9.497612624","45.309042271","POINT (9.497612624 45.309042271)"
"C_nov 2017","802","S02082","LO","BS","PONTE S.MARCO-CALCINATO","17032","Calcinato","MILANO-VENEZIA","10","10","1","10","2","0","10","0","0","2","0","2017","Fer","Invernale","10.409042317","45.473866879","POINT (10.409042317 45.473866879)"
"C_nov 2019","169","S01454","LO","CO","MERONE","13147","Merone","ALBATE-MOLTENO","260","50","9","710","73","0","710","0","0","73","0","2019","Fer","Invernale","9.243809899","4.578144619","POINT (9.243809899 45.78144619)"
"C_nov 2018","113","S01205","LO","VA","VARESE","12133","Varese","PORTO C.-GALLARATE","1110","1360","21","5910","178","3680","0","2230","141","0","37","2018","Fer","Invernale","0.883313115","45.816277257","POINT (8.83313115 45.816277257)"
"C_nov 2015","34","S00272","LO","PV","ROBBIO","18123","Robbio","VERCELLI-PAVIA","150","10","5","240","28","0","240","0","0","28","0","2015","Fer","Invernale","8.597086609","45.293627181","POINT (8.597086609 45.293627181)"
"C_Luglio2023","246","S01716","LO","BS","OSPITALETTO TRAVAGLIATO","17127","Ospitaletto","MILANO-VENEZIA","100","70","9","470","62","0","470","0","0","62","0","2023","Feriale","estivo","10.074385735","45.546125054","POINT (10.074385735 45.546125054)"
"C_nov 2019","2.825","S01735","LO","VA","Venegono Sup.-Castiglione","12137","Venegono Superiore","Saronno - Varese Nord","280","80","8","650","57","0","650","0","0","57","0","2019","Fer","Invernale","8.890295606","45.758175712","POINT (8.890295606 45.758175712)"
"C_Novembre2023","131","S01400","LO","SO","CHIAVENNA","14018","Chiavenna","CHIAVENNA-COLICO","30","290","4","530","30","0","530","0","0","30","0","2023","Feriale","Invernale","0.940716091","46.321335044","POINT (9.40716091 46.321335044)"
"C_nov 2018","226","S01610","LO","CR","MADIGNANO","19055","Madignano","BERGAMO-CREMONA","40","10","4","90","34","0","90","0","0","34","0","2018","Fer","Invernale","9.730205146","45.343905446","POINT (9.730205146 45.343905446)"
"C_nov 2017","2.742","S01725","LO","VA","Cislago","12050","Cislago","Saronno - Varese Nord","550","80","8","1050","57","0","1050","0","0","57","0","2017","Fer","Invernale","8.977690608","4.566104502","POINT (8.977690608 45.66104502)"
"C_nov 2016","37","S00275","LO","PV","TROMELLO","18164","Tromello","VERCELLI-PAVIA","60","10","4","150","28","0","150","0","0","28","0","2016","Fer","Invernale","8.872184279","45.212069548","POINT (8.872184279 45.212069548)"
"C_nov 2019","2.779","S01078","LO","MI","Milano Affori","15146","Milano","Milano Nord Bovisa - Seve","1140","2890","25","6810","187","4710","2100","0","137","50","0","2019","Fer","Invernale","9.167411293","45.521142914","POINT (9.167411293 45.521142914)"
"C_Luglio2023","223","S01606","LO","CR","CASTELLEONE","19025","Castelleone","BERGAMO-CREMONA","60","20","5","240","36","0","240","0","0","36","0","2023","Feriale","estivo","9.767822253","45.301905969","POINT (9.767822253 45.301905969)"
"C_nov 2015","189","S01500","LO","MI","MACHERIO-SOVICO","108029","Macherio","SEREGNO-BERGAMO","50","20","4","100","28","0","100","0","0","28","0","2015","Fer","Invernale","9.266922758","45.642562724","POINT (9.266922758 45.642562724)"
"C_nov 2019","147","S01417","LO","SO","PRATA-CAMPORTACCIO","14054","Prata Camportaccio","CHIAVENNA-COLICO","50","10","3","90","30","0","90","0","0","30","0","2019","Fer","Invernale","9.396817599","46.307723227","POINT (9.396817599 46.307723227)"
"C_nov 2022","2.855","S01649","LO","MI","MILANO P. VENEZIA","15146","Milano","PASSANTE","1460","3640","39","11750","330","11750","0","0","330","0","0","2022","Feriale","Invernale","9.207018409","45.476597527","POINT (9.207018409 45.476597527)"
"C_nov 2017","197","S01513","LO","LC","CERNUSCO-MERATE","97020","Cernusco Lombardone","TIRANO-MILANO Mz-Lc","850","100","9","1690","72","1550","0","150","68","0","4","2017","Fer","Invernale","9.396827762","45.695177577","POINT (9.396827762 45.695177577)"
"C_nov 2018","296","S01902","LO","BS","MANERBIO","17103","Manerbio","BRESCIA-CREMONA","110","30","4","360","33","0","360","0","0","33","0","2018","Fer","Invernale","10.132373607","45.357291955","POINT (10.132373607 45.357291955)"
"C_Luglio2023","173","S01460","LO","LC","OGGIONO","97057","Oggiono","MONZA-LECCO","80","70","8","420","41","390","30","0","36","5","0","2023","Feriale","estivo","9.337510786","45.789065364","POINT (9.337510786 45.789065364)"
"C_nov 2021","37","S00275","LO","PV","TROMELLO","18164","Tromello","VERCELLI-PAVIA","30","10","3","110","25","0","110","0","0","25","0","2021","Feriale","Invernale","8.872184279","45.212069548","POINT (8.872184279 45.212069548)"
"C_nov 2015","2","S00030","PI","AL","GARBAGNA","6079","Garbagna","NOVARA-MORTARA","20","10","3","30","10","0","30","0","0","10","0","2015","Fer","Invernale","8.666334325","4.538567409","POINT (8.666334325 45.38567409)"
"C_nov 2019","2.771","S01757","LO","CO","Lomazzo","13133","Lomazzo","Saronno - Como","900","230","11","2220","70","0","1860","370","0","61","9","2019","Fer","Invernale","9.036101686","45.698756116","POINT (9.036101686 45.698756116)"
"C_nov 2015","261","S01824","LO","LO","TAVAZZANO","98056","Tavazzano con Villavesco","MILANO-BOLOGNA","430","90","8","1230","76","1230","10","0","75","1","0","2015","FER","Invernale","9.402775545","45.326370144","POINT (9.402775545 45.326370144)"
"C_nov 2015","169","S01454","LO","CO","MERONE","13147","Merone","ALBATE-MOLTENO","180","50","11","480","72","0","480","0","0","72","0","2015","Fer","Invernale","9.243809899","4.578144619","POINT (9.243809899 45.78144619)"
"C_nov 2016","5.841","S01104","LO","MI","PIEVE EMANUELE","15173","Pieve Emanuele","MILANO-GENOVA","470","110","8","1370","74","1370","0","10","72","0","2","2016","Fer","Invernale","9.204837997","45.341109745","POINT (9.204837997 45.341109745)"
"C_nov 2020","211","S01535","LO","BG","MONTELLO GORLAGO","16139","Montello","LECCO-BRESCIA","30","30","4","170","34","0","170","0","0","34","0","2020","Feriale","Invernale","0.980851611","45.670247257","POINT (9.80851611 45.670247257)"
"C_nov 2021","2.737","S01769","LO","BS","Cedegolo","17047","Cedegolo","Breno - Edolo","30","10","4","40","17","0","30","20","0","4","13","2021","Feriale","Invernale","10.350009092","46.072304074","POINT (10.350009092 46.072304074)"
"C_nov 2015","2.714","S01929","LO","MI","Seveso Baruccana","108040","Seveso","Saronno - Seregno","230","70","8","610","68","610","0","0","68","0","0","2015","Fer","Invernale","9.162510091","4.563793739","POINT (9.162510091 45.63793739)"
"C_nov 2015","2.857","S01647","LO","MI","MILANO P.G. PASS.","15146","Milano","PASSANTE","2500","5970","38","20600","356","20600","0","0","356","0","0","2015","Fer","Invernale","9.185954917","45.484354097","POINT (9.185954917 45.484354097)"
"C_nov 2021","271","S01843","LO","BS","CALVISANO","17034","Calvisano","BRESCIA-PARMA","50","30","4","130","25","0","130","0","0","25","0","2021","Feriale","Invernale","10.349435029","45.346652138","POINT (10.349435029 45.346652138)"
"C_nov 2015","159","S01435","LO","SO","CHIURO","14020","Chiuro","TIRANO-MILANO So-Tir","10","10","1","10","10","0","10","0","0","10","0","2015","FER","Invernale","9.992350444","46.164731947","POINT (9.992350444 46.164731947)"
"C_Novembre2023","183","S01486","LO","MI","CARATE-CALO'","108015","Carate Brianza","MONZA-LECCO","20","10","7","30","40","30","0","0","40","0","0","2023","Feriale","Invernale","9.252340508","4.567652894","POINT (9.252340508 45.67652894)"
"C_Novembre2023","237","S01706","LO","MI","TRECELLA","15178","Pozzuolo Martesana","MILANO-VENEZIA","250","30","16","480","94","480","10","10","92","1","1","2023","Feriale","Invernale","0.948762259","45.514065408","POINT (9.48762259 45.514065408)"
"C_nov 2015","2.711","S01101","LO","CO","Asso","13013","Asso","Seveso - Asso","130","30","8","340","49","0","340","0","0","49","0","2015","FER","Invernale","9.269120449","45.854922626","POINT (9.269120449 45.854922626)"
"C_Luglio2023","205","S01526","LO","BG","PONTIDA","16171","Pontida","LECCO-BRESCIA","50","10","4","160","32","0","160","0","0","32","0","2023","Feriale","estivo","9.511662206","45.730161398","POINT (9.511662206 45.730161398)"
"C_nov 2022","193","S01504","LO","BG","TERNO","16213","Terno d'Isola","SEREGNO-BERGAMO","320","70","5","720","40","0","720","0","0","40","0","2022","Feriale","Invernale","9.536197341","45.688730968","POINT (9.536197341 45.688730968)"
"C_Novembre2023","158","S01434","LO","SO","PONTE IN VALTELLINA","14052","Ponte in Valtellina","TIRANO-MILANO So-Tir","10","10","1","20","11","0","10","20","0","4","7","2023","Feriale","Invernale","9.975919439","46.162708899","POINT (9.975919439 46.162708899)"
"C_nov 2017","96","S01118","LO","VA","LAVENO MOMBELLO","12087","Laveno-Mombello","LUINO-GALLARATE","130","130","5","210","19","0","210","0","0","19","0","2017","Fer","Invernale","8.624617825","45.903348381","POINT (8.624617825 45.903348381)"
"C_nov 2018","140","S01409","LO","LC","BELLANO-TARTAVALLE TERME","97008","Bellano","TIRANO-MILANO Lc-So","140","70","7","540","54","0","200","350","0","26","28","2018","Fer","Invernale","9.302811247","4.603952264","POINT (9.302811247 46.03952264)"
"C_nov 2020","76","S01029","LO","VA","CASORATE SEMPIONE","12039","Casorate Sempione","DOMODOSSOLA-MILANO","30","20","5","110","33","0","110","0","0","33","0","2020","Feriale","Invernale","8.743986914","45.675152648","POINT (8.743986914 45.675152648)"
"C_Luglio2023","87","S01060","LO","PV","PARONA LOMELLINA","18109","Parona","MILANO-MORTARA-AL","100","60","5","390","44","0","390","0","0","44","0","2023","Feriale","estivo","8.780351933","45.280183485","POINT (8.780351933 45.280183485)"
"C_nov 2015","121","S01312","LO","CO","CUCCIAGO","13084","Cucciago","CHIASSO-MILANO","110","20","8","210","65","210","0","0","65","0","0","2015","Fer","Invernale","9.082243395","45.740890259","POINT (9.082243395 45.740890259)"
"C_nov 2020","2.825","S01735","LO","VA","Venegono Sup.-Castiglione","12137","Venegono Superiore","Saronno - Varese Nord","50","30","8","140","54","0","140","0","0","54","0","2020","Feriale","Invernale","8.890295606","45.758175712","POINT (8.890295606 45.758175712)"
"C_nov 2020","331","S02084","LO","BS","DESENZANO DEL GARDA-SIR.","17067","Desenzano del Garda","MILANO-VENEZIA","110","60","5","340","30","0","0","340","0","0","30","2020","Feriale","Invernale","10.536345381","45.462760508","POINT (10.536345381 45.462760508)"
"C_nov 2015","250","S01803","LO","PV","CERTOSA DI PAVIA","18046","Certosa di Pavia","MILANO-GENOVA","450","50","7","940","74","930","0","10","71","0","3","2015","FER","Invernale","9.154491353","45.257008002","POINT (9.154491353 45.257008002)"
"C_Luglio2023","2.719","S01788","LO","BS","Borgonato Adro","17062","Corte Franca","Brescia - Iseo","20","20","5","280","36","0","280","0","0","36","0","2023","Feriale","estivo","10.020113024","45.622225521","POINT (10.020113024 45.622225521)"
"C_Novembre2023","31","S00248","PI","NO","NOVARA","3106","Novara","TORINO-MILANO","400","1110","11","3100","79","2920","180","0","69","10","0","2023","Feriale","Invernale","0.086249717","4.545129662","POINT (8.6249717 45.45129662)"
"C_nov 2017","2.863","S01633","LO","MI","MILANO P.VITTORIA PASS.","15146","Milano","PASSANTE","1340","1710","38","6980","359","6980","0","0","359","0","0","2017","Fer","Invernale","9.225193061","45.459475193","POINT (9.225193061 45.459475193)"
"C_nov 2016","95","S01117","LO","VA","CALDE'","12045","Castelveccana","LUINO-GALLARATE","10","10","2","40","29","0","40","0","0","29","0","2016","Fer","Invernale","8.663196767","45.945891984","POINT (8.663196767 45.945891984)"
"C_nov 2020","2.775","S01089","LO","CO","Mariano Comense","13143","Mariano Comense","Seveso - Asso","120","70","8","450","47","20","440","0","2","45","0","2020","Feriale","Invernale","0.918152941","45.693595207","POINT (9.18152941 45.693595207)"
"C_nov 2021","254","S01807","LO","PV","VOGHERA","18182","Voghera","MILANO-GENOVA","530","150","4","1610","35","0","70","1540","0","6","29","2021","Feriale","Invernale","9.007971677","44.997878065","POINT (9.007971677 44.997878065)"
"C_nov 2019","274","S01846","LO","BS","REMEDELLO SOTTO","17160","Remedello","BRESCIA-PARMA","30","10","4","50","21","0","50","0","0","21","0","2019","Fer","Invernale","1.038843093","45.257552358","POINT (10.38843093 45.257552358)"
"C_nov 2020","2.822","S01736","LO","VA","Vedano Olona","12134","Vedano Olona","Saronno - Varese Nord","50","30","8","170","54","0","170","0","0","54","0","2020","Feriale","Invernale","8.887080675","45.777359271","POINT (8.887080675 45.777359271)"
"C_nov 2022","119","S01307","LO","CO","COMO S.GIOVANNI","13075","Como","CHIASSO-MILANO","1190","980","27","4860","189","2270","160","2440","131","23","35","2022","Feriale","Invernale","9.072359552","45.809022727","POINT (9.072359552 45.809022727)"
"C_nov 2020","2.861","S01639","LO","MI","MILANO VILLAPIZZONE","15146","Milano","PASSANTE","220","240","24","1170","159","1110","30","40","145","7","7","2020","Feriale","Invernale","9.150254378","45.502301332","POINT (9.150254378 45.502301332)"
"C_Novembre2023","286","S01864","LO","PV","BELGIOIOSO","18013","Belgioioso","PAVIA-CASALPUST.","170","30","4","330","22","0","330","0","0","22","0","2023","Feriale","Invernale","9.316907213","45.164645746","POINT (9.316907213 45.164645746)"
"C_nov 2020","2.722","S01005","LO","BS","Breno","17028","Breno","Pisogne - Breno","20","30","3","100","24","0","40","70","0","11","13","2020","Feriale","Invernale","10.305483792","45.959261369","POINT (10.305483792 45.959261369)"
"C_nov 2016","265","S01828","LO","LO","CODOGNO","98019","Codogno","MILANO-BOLOGNA","930","410","15","2380","106","0","1440","940","0","85","21","2016","Fer","Invernale","9.701405698","45.154978635","POINT (9.701405698 45.154978635)"
"C_Novembre2023","297","S01903","LO","BS","VEROLANUOVA","17195","Verolanuova","BRESCIA-CREMONA","150","60","4","390","33","0","390","0","0","33","0","2023","Feriale","Invernale","10.083906145","45.325064899","POINT (10.083906145 45.325064899)"
"C_Luglio2023","2.730","S01091","LO","CO","Carugo-Giussano","13048","Carugo","Seveso - Asso","280","70","7","650","48","0","650","0","0","48","0","2023","Feriale","estivo","9.198950125","45.705742211","POINT (9.198950125 45.705742211)"
"C_nov 2016","31","S00248","PI","NO","NOVARA","3106","Novara","TORINO-MILANO","570","990","11","2900","84","2690","210","0","74","10","0","2016","Fer","Invernale","0.086249717","4.545129662","POINT (8.6249717 45.45129662)"
"C_Luglio2023","2.725","S01088","LO","CO","Cabiate","13035","Cabiate","Seveso - Asso","220","80","9","560","53","20","540","0","3","50","0","2023","Feriale","estivo","9.168578192","45.675909631","POINT (9.168578192 45.675909631)"
"C_nov 2017","72","S01025","PI","NO","DORMELLETTO","3062","Dormelletto","DOMODOSSOLA-MILANO","30","20","6","140","33","0","140","0","0","33","0","2017","Fer","Invernale","0.857439962","4.573009066","POINT (8.57439962 45.73009066)"
"C_nov 2018","2.793","S01780","LO","BS","Piancamuno-Gratacasolo","17142","Pian Camuno","Pisogne - Breno","20","10","3","50","19","0","50","0","0","19","0","2018","Fer","Invernale","10.138337016","45.839909876","POINT (10.138337016 45.839909876)"
"C_nov 2019","214","S01538","LO","BS","PALAZZOLO SULL'OGLIO","17133","Palazzolo sull'Oglio","LECCO-BRESCIA","190","160","5","720","38","0","720","0","0","38","0","2019","Fer","Invernale","9.896263591","4.560155941","POINT (9.896263591 45.60155941)"
"C_Novembre2023","178","S01481","LO","MI","VILLASANTA","108049","Villasanta","MONZA-LECCO","390","70","6","740","40","740","0","0","40","0","0","2023","Feriale","Invernale","9.305121962","45.603443796","POINT (9.305121962 45.603443796)"
"C_Novembre2023","2.715","S01778","LO","BS","Boario Terme","17065","Darfo Boario Terme","Pisogne - Breno","20","20","2","90","13","0","90","10","0","11","2","2023","Feriale","Invernale","10.190958686","45.892043214","POINT (10.190958686 45.892043214)"
"C_nov 2019","2.979","S01530","LO","BG","Bergamo Ospedale","16024","Bergamo","LECCO-BRESCIA","20","40","4","160","36","0","160","0","0","36","0","2019","Fer","Invernale","9.638900819","45.688275861","POINT (9.638900819 45.688275861)"
"C_Luglio2023","194","S01510","LO","MI","ARCORE","108004","Arcore","TIRANO-MILANO Mz-Lc","910","380","14","3200","108","2230","970","0","69","39","0","2023","Feriale","estivo","9.322824319","45.623570636","POINT (9.322824319 45.623570636)"
"C_nov 2020","2.860","S01138","LO","VA","Ferno-Lonate P.","12068","Ferno","Busto Arsizio - Malpensa","90","40","9","280","58","50","240","0","18","40","0","2020","Feriale","Invernale","8.754982528","45.608628952","POINT (8.754982528 45.608628952)"
"C_nov 2019","74","S01027","LO","VA","VERGIATE","12138","Vergiate","DOMODOSSOLA-MILANO","210","70","6","510","33","0","510","0","0","33","0","2019","Fer","Invernale","8.693230518","45.717200688","POINT (8.693230518 45.717200688)"
"C_nov 2016","326","S01949","EM","PC","SARMATO","33042","Sarmato","ALESS.-PIACENZA","0","0","0","20","14","0","20","0","0","14","0","2016","Fer","Invernale","0.949110168","4.506299749","POINT (9.49110168 45.06299749)"
"C_nov 2018","171","S01457","LO","LC","CASLETTO-ROGENO","97072","Rogeno","ALBATE-MOLTENO","50","10","4","90","22","0","90","0","0","22","0","2018","Fer","Invernale","9.275406768","45.786104223","POINT (9.275406768 45.786104223)"
"C_nov 2015","296","S01902","LO","BS","MANERBIO","17103","Manerbio","BRESCIA-CREMONA","90","30","4","360","34","0","360","0","1","33","0","2015","Fer","Invernale","10.132373607","45.357291955","POINT (10.132373607 45.357291955)"
"C_nov 2018","264","S01827","LO","LO","CASALPUSTERLENGO","98010","Casalpusterlengo","MILANO-BOLOGNA","590","260","11","1920","70","0","1910","20","0","68","2","2018","Fer","Invernale","9.653655261","45.182559249","POINT (9.653655261 45.182559249)"
"C_nov 2021","181","S01484","LO","MI","MACHERIO CANONICA","108029","Macherio","MONZA-LECCO","90","10","6","140","40","140","0","0","40","0","0","2021","Feriale","Invernale","9.286771042","45.645615415","POINT (9.286771042 45.645615415)"
"C_nov 2016","5.840","S01722","LO","MI","POZZUOLO MART.","15178","Pozzuolo Martesana","MILANO-VENEZIA","450","110","16","910","97","910","10","0","96","1","0","2016","Fer","Invernale","9.465176435","45.510126551","POINT (9.465176435 45.510126551)"
"C_nov 2022","122","S01313","LO","CO","CANTU'-CERMENATE","13064","Cermenate","CHIASSO-MILANO","290","100","10","740","72","630","0","110","70","0","2","2022","Feriale","Invernale","9.099312432","45.716313773","POINT (9.099312432 45.716313773)"
"C_nov 2019","79","S01033","LO","MI","LEGNANO","15118","Legnano","DOMODOSSOLA-MILANO","2010","740","16","5940","115","3610","450","1900","74","6","35","2019","Fer","Invernale","8.910667666","4.559373533","POINT (8.910667666 45.59373533)"
"C_nov 2022","2.797","S01097","LO","CO","Pontelambro-Castelmarte","13188","Ponte Lambro","Seveso - Asso","70","20","3","250","34","0","250","0","0","34","0","2022","Feriale","Invernale","9.225759459","45.829181272","POINT (9.225759459 45.829181272)"
"C_nov 2015","2.865","S01624","LO","MI","SAN DONATO MILANESE","15192","San Donato Milanese","MILANO-BOLOGNA","90","360","8","640","75","640","0","0","75","0","0","2015","Fer","Invernale","9.253900071","45.417940908","POINT (9.253900071 45.417940908)"
"C_Novembre2023","2.856","S01648","LO","MI","MILANO REPUBBLICA","15146","Milano","PASSANTE","1020","4630","40","11160","342","11160","0","0","342","0","0","2023","Feriale","Invernale","9.198815201","45.480365497","POINT (9.198815201 45.480365497)"
"C_nov 2022","123","S01315","LO","CO","CARIMATE","13046","Carimate","CHIASSO-MILANO","210","100","8","580","70","580","0","0","70","0","0","2022","Feriale","Invernale","9.107220464","45.697171053","POINT (9.107220464 45.697171053)"
"C_nov 2020","172","S01458","LO","LC","MOLTENO","97051","Molteno","MONZA-LECCO","50","40","11","190","51","150","50","0","38","13","0","2020","Feriale","Invernale","9.301712216","45.781015442","POINT (9.301712216 45.781015442)"
"C_Novembre2023","2.854","S00023","PI","NO","Novara FN","3106","Novara","Saronno - Novara","140","570","6","1100","36","0","1100","0","0","36","0","2023","Feriale","Invernale","8.627061488","45.452334846","POINT (8.627061488 45.452334846)"
"C_nov 2021","2.748","S01763","LO","CO","Como Camerlata (FN)","13075","Como","Saronno - Como","370","340","9","1340","67","0","1230","110","0","62","5","2021","Feriale","Invernale","9.079423298","4.578441339","POINT (9.079423298 45.78441339)"
"C_nov 2016","192","S01503","LO","BG","CALUSCO","16046","Calusco d'Adda","SEREGNO-BERGAMO","530","120","8","1080","49","0","1080","0","0","49","0","2016","Fer","Invernale","9.470679691","45.684190766","POINT (9.470679691 45.684190766)"
"C_nov 2017","147","S01417","LO","SO","PRATA-CAMPORTACCIO","14054","Prata Camportaccio","CHIAVENNA-COLICO","40","10","3","70","30","0","70","0","0","30","0","2017","Fer","Invernale","9.396817599","46.307723227","POINT (9.396817599 46.307723227)"
"C_nov 2022","169","S01454","LO","CO","MERONE","13147","Merone","ALBATE-MOLTENO","180","70","10","610","73","0","610","0","0","73","0","2022","Feriale","Invernale","9.243809899","4.578144619","POINT (9.243809899 45.78144619)"
"C_nov 2022","271","S01843","LO","BS","CALVISANO","17034","Calvisano","BRESCIA-PARMA","50","20","4","120","25","0","120","0","0","25","0","2022","Feriale","Invernale","10.349435029","45.346652138","POINT (10.349435029 45.346652138)"
"C_Novembre2023","198","S01514","LO","LC","OLGIATE CALCO-BRIVIO","97058","Olgiate Molgora","TIRANO-MILANO Mz-Lc","640","120","8","1660","72","1660","0","0","72","0","0","2023","Feriale","Invernale","0.940379608","45.729243447","POINT (9.40379608 45.729243447)"
"C_nov 2015","5","S00033","LO","PV","ALBONESE","18003","Albonese","NOVARA-MORTARA","20","10","3","20","10","0","20","0","0","10","0","2015","Fer","Invernale","8.714636963","45.297869975","POINT (8.714636963 45.297869975)"
"C_nov 2022","173","S01460","LO","LC","OGGIONO","97057","Oggiono","MONZA-LECCO","300","270","10","960","41","820","140","0","36","5","0","2022","Feriale","Invernale","9.337510786","45.789065364","POINT (9.337510786 45.789065364)"
"C_nov 2016","309","S01919","LO","CR","PIADENA","19071","Piadena","CODOGNO-MANTOVA","320","90","8","950","73","0","430","520","0","53","20","2016","Fer","Invernale","10.369987543","45.127689005","POINT (10.369987543 45.127689005)"
"C_Novembre2023","88","S01061","LO","PV","VIGEVANO","18177","Vigevano","MILANO-MORTARA-AL","1590","530","8","4160","48","0","4160","0","0","48","0","2023","Feriale","Invernale","8.862008085","45.312797339","POINT (8.862008085 45.312797339)"
"C_nov 2020","2.803","S01756","LO","CO","Rovellasca-Manera","13201","Rovellasca","Saronno - Como","100","40","8","290","54","0","290","0","0","54","0","2020","Feriale","Invernale","9.038331172","0.456656699","POINT (9.038331172 45.6656699)"
"C_Luglio2023","168","S01453","LO","CO","ANZANO DEL PARCO","13009","Anzano del Parco","ALBATE-MOLTENO","10","10","4","20","22","0","20","0","0","22","0","2023","Feriale","estivo","9.202711127","45.765037334","POINT (9.202711127 45.765037334)"
"C_nov 2015","218","S01601","LO","BG","TREVIGLIO OVEST","16219","Treviglio","BERGAMO-CREMONA","290","90","9","610","54","0","530","90","0","52","2","2015","Fer","Invernale","0.958031324","45.521845567","POINT (9.58031324 45.521845567)"
"C_nov 2017","300","S01910","LO","LO","MALEO","98035","Maleo","CODOGNO-MANTOVA","10","0","3","20","23","0","20","0","0","22","1","2017","Fer","Invernale","9.755227418","45.170199162","POINT (9.755227418 45.170199162)"
"C_nov 2015","99","S01122","LO","VA","TAINO-ANGERA","12125","Taino","LAVENO-OLEGGIO","10","0","3","10","8","0","10","0","0","8","0","2015","FER","Invernale","8.606021765","45.772345954","POINT (8.606021765 45.772345954)"
"C_nov 2015","2.729","S01076","LO","VA","Caronno Pertusella","12034","Caronno Pertusella","Milano Nord Cadorna - Sar","660","140","16","1610","142","1610","0","0","142","0","0","2015","Fer","Invernale","9.058328414","45.598187372","POINT (9.058328414 45.598187372)"
"C_nov 2018","110","S01202","LO","VA","BISUSCHIO-VIGGIU'","12015","Bisuschio","PORTO C.-GALLARATE","50","30","4","150","34","0","0","150","0","0","34","2018","Fer","Invernale","8.887580152","45.870733966","POINT (8.887580152 45.870733966)"
"C_Novembre2023","2.811","S01925","LO","MI","Seveso","108040","Seveso","Milano Nord Bovisa - Seve","1410","450","23","3560","185","1870","1700","0","133","52","0","2023","Feriale","Invernale","0.914058178","45.647945743","POINT (9.14058178 45.647945743)"
"C_nov 2020","2.718","S01797","LO","BS","Borgo S. Giovanni","17029","Brescia","Brescia - Iseo","10","20","6","40","36","0","40","0","0","36","0","2020","Feriale","Invernale","10.190716021","45.543253206","POINT (10.190716021 45.543253206)"
"C_nov 2018","241","S01710","LO","BG","MORENGO-BARIANO","16020","Bariano","MILANO-VENEZIA","100","20","5","200","31","0","200","0","0","31","0","2018","Fer","Invernale","9.703143454","45.521713564","POINT (9.703143454 45.521713564)"
"C_nov 2017","167","S01452","LO","CO","BRENNA-ALZATE","13029","Brenna","ALBATE-MOLTENO","20","10","4","40","22","0","40","0","0","22","0","2017","Fer","Invernale","9.183346262","4.575412075","POINT (9.183346262 45.75412075)"
"C_nov 2020","214","S01538","LO","BS","PALAZZOLO SULL'OGLIO","17133","Palazzolo sull'Oglio","LECCO-BRESCIA","70","40","4","270","34","0","270","0","0","34","0","2020","Feriale","Invernale","9.896263591","4.560155941","POINT (9.896263591 45.60155941)"
"C_nov 2018","129","S01325","LO","MI","SESTO S. GIOVANNI","15209","Sesto San Giovanni","CHIASSO-MILANO","1400","3160","38","10900","307","9310","1590","0","246","61","0","2018","Fer","Invernale","9.239294385","45.541170043","POINT (9.239294385 45.541170043)"
"C_Luglio2023","170","S01456","LO","CO","MOIANA","13147","Merone","ALBATE-MOLTENO","20","10","4","40","22","0","40","0","0","22","0","2023","Feriale","estivo","9.255642213","45.787158223","POINT (9.255642213 45.787158223)"
"C_nov 2017","2.738","S01934","LO","MI","Ceriano Laghetto-Solaro","108018","Ceriano Laghetto","Saronno - Seregno","140","40","8","410","68","410","0","0","68","0","0","2017","Fer","Invernale","9.079931416","4.562488063","POINT (9.079931416 45.62488063)"
"C_nov 2020","2.824","S01734","LO","VA","Venegono Inferiore","12136","Venegono Inferiore","Saronno - Varese Nord","50","40","8","160","54","0","160","0","0","54","0","2020","Feriale","Invernale","8.895091616","45.736654968","POINT (8.895091616 45.736654968)"
"C_nov 2016","2.792","S01776","LO","BS","Pian di Borno","17206","Piancogno","Pisogne - Breno","20","10","2","40","19","0","40","0","0","19","0","2016","Fer","Invernale","10.221581526","45.915836231","POINT (10.221581526 45.915836231)"
"C_nov 2019","276","S01848","LO","MN","CANNETO SULL'OGLIO","20008","Canneto sull'Oglio","BRESCIA-PARMA","40","10","4","90","21","0","90","0","0","21","0","2019","Fer","Invernale","10.371498908","45.150287495","POINT (10.371498908 45.150287495)"
"C_nov 2022","176","S01463","LO","LC","VALMADRERA","97083","Valmadrera","MONZA-LECCO","70","130","10","310","41","280","30","0","36","5","0","2022","Feriale","Invernale","9.368215149","45.846520175","POINT (9.368215149 45.846520175)"
"C_nov 2022","2.863","S01633","LO","MI","MILANO P.VITTORIA PASS.","15146","Milano","PASSANTE","1060","1560","38","5740","330","5740","0","0","330","0","0","2022","Feriale","Invernale","9.225193061","45.459475193","POINT (9.225193061 45.459475193)"
"C_nov 2018","257","S01820","LO","MI","MILANO ROGOREDO","15146","Milano","MILANO-BOLOGNA","3390","5860","44","18500","332","10360","4430","3720","216","67","49","2018","Fer","Invernale","9.238727378","4.543484983","POINT (9.238727378 45.43484983)"
"C_nov 2016","2.795","S01014","LO","BS","Pisogne","17143","Pisogne","Iseo - Pisogne","150","40","4","370","34","0","230","150","0","21","13","2016","Fer","Invernale","10.105622584","45.806591032","POINT (10.105622584 45.806591032)"
"C_nov 2018","174","S01461","LO","LC","SALA AL BARRO-GALBIATE","97036","Galbiate","MONZA-LECCO","90","20","7","140","37","120","30","0","34","3","0","2018","Fer","Invernale","9.359251698","45.821167176","POINT (9.359251698 45.821167176)"
"C_nov 2018","2.729","S01076","LO","VA","Caronno Pertusella","12034","Caronno Pertusella","Milano Nord Cadorna - Sar","750","160","16","1720","138","1720","0","0","138","0","0","2018","Fer","Invernale","9.058328414","45.598187372","POINT (9.058328414 45.598187372)"
"C_nov 2017","159","S01435","LO","SO","CHIURO","14020","Chiuro","TIRANO-MILANO So-Tir","10","0","1","20","7","0","20","0","0","7","0","2017","Fer","Invernale","9.992350444","46.164731947","POINT (9.992350444 46.164731947)"
"C_nov 2022","2.742","S01725","LO","VA","Cislago","12050","Cislago","Saronno - Varese Nord","550","80","8","1100","59","0","1100","0","0","59","0","2022","Feriale","Invernale","8.977690608","4.566104502","POINT (8.977690608 45.66104502)"
"C_nov 2019","90","S01063","LO","MI","GAGGIANO","15103","Gaggiano","MILANO-MORTARA-AL","410","110","8","750","68","750","0","0","67","1","0","2019","Fer","Invernale","9.031152518","45.408906664","POINT (9.031152518 45.408906664)"
"C_nov 2020","171","S01457","LO","LC","CASLETTO-ROGENO","97072","Rogeno","ALBATE-MOLTENO","10","10","3","20","13","0","20","0","0","13","0","2020","Feriale","Invernale","9.275406768","45.786104223","POINT (9.275406768 45.786104223)"
"C_Novembre2023","2.759","S01742","LO","VA","Gavirate","12072","Gavirate","Varese Nord - Laveno Momb","220","60","6","650","40","0","320","340","0","23","17","2023","Feriale","Invernale","8.714805048","4.584561142","POINT (8.714805048 45.84561142)"
"C_nov 2019","32","S00252","PI","NO","TRECATE","3149","Trecate","TORINO-MILANO","660","250","8","2440","74","2440","0","0","74","0","0","2019","Fer","Invernale","8.739372114","4.542852569","POINT (8.739372114 45.42852569)"
"C_nov 2022","2.782","S01642","LO","MI","MILANO NORD BOVISA","15146","Milano","Milano Nord Cadorna - Sar","3780","5270","91","24470","711","12410","9590","2480","340","251","120","2022","Feriale","Invernale","9.158986972","4.550377781","POINT (9.158986972 45.50377781)"
"C_nov 2019","278","S01850","LO","CR","CASALMAGGIORE","19021","Casalmaggiore","BRESCIA-PARMA","130","60","8","380","36","0","380","0","0","36","0","2019","Fer","Invernale","10.425041217","44.993222003","POINT (10.425041217 44.993222003)"
"C_nov 2015","7","S00036","LO","PV","OLEVANO","18104","Olevano di Lomellina","MILANO-MORTARA-AL","40","10","2","50","10","0","50","0","0","10","0","2015","Fer","Invernale","0.871185336","4.521219615","POINT (8.71185336 45.21219615)"
"C_Novembre2023","130","S01326","LO","MI","MILANO GRECO PIRELLI","15146","Milano","CHIASSO-MILANO","1280","4680","52","11670","380","7800","3880","0","247","132","1","2023","Feriale","Invernale","9.214496679","45.512803065","POINT (9.214496679 45.512803065)"
"C_nov 2018","2.819","S01084","LO","MI","Varedo","108045","Varedo","Milano Nord Bovisa - Seve","910","200","16","2220","134","2220","0","0","134","0","0","2018","Fer","Invernale","9.153183844","45.595435441","POINT (9.153183844 45.595435441)"
"C_nov 2016","2.776","S01783","LO","BS","Marone-Zone","17106","Marone","Iseo - Pisogne","80","10","4","220","34","0","180","50","0","21","13","2016","Fer","Invernale","10.093296727","45.738197328","POINT (10.093296727 45.738197328)"
"C_Novembre2023","229","S01632","LO","MI","MILANO PORTA ROMANA","15146","Milano","MILANO-MORTARA-AL","140","280","7","860","64","860","0","0","64","0","0","2023","Feriale","Invernale","0.921316275","45.445922893","POINT (9.21316275 45.445922893)"
"C_nov 2020","148","S01420","LO","LC","COLICO","97023","Colico","TIRANO-MILANO Lc-So","110","80","12","460","84","0","280","190","0","56","28","2020","Feriale","Invernale","9.375255676","46.138093311","POINT (9.375255676 46.138093311)"
"C_nov 2019","187","S01490","LO","LC","CASSAGO-NIBIONNO-BULC.","97017","Cassago Brianza","MONZA-LECCO","120","40","6","340","38","340","0","0","38","0","0","2019","Fer","Invernale","9.279864449","45.746319529","POINT (9.279864449 45.746319529)"
"C_nov 2022","125","S01318","LO","MI","SEREGNO","108039","Seregno","CHIASSO-MILANO","2140","840","23","5950","167","4050","0","1910","133","0","34","2022","Feriale","Invernale","9.202885996","45.646087713","POINT (9.202885996 45.646087713)"
"C_nov 2021","232","S01700","LO","MI","MILANO CENTRALE","15146","Milano","MILANO-BOLOGNA","1740","6580","43","19070","244","90","2700","16300","3","48","193","2021","Feriale","Invernale","9.204867788","45.486276592","POINT (9.204867788 45.486276592)"
"C_nov 2021","5.837","S01611","LO","BG","LEVATE","16126","Levate","BERGAMO-CREMONA","130","30","8","280","47","0","280","0","0","46","1","2021","Feriale","Invernale","0.962785005","45.622899995","POINT (9.62785005 45.622899995)"
"C_nov 2017","316","S01931","LO","PV","PINAROLO PO","18115","Pinarolo Po","PAVIA-STRADELLA","110","10","5","180","28","0","180","0","0","28","0","2017","Fer","Invernale","9.170304953","45.073501505","POINT (9.170304953 45.073501505)"
"C_nov 2017","50","S00408","LO","PV","SAIRANO","18190","Zinasco","CAVA C.-TORREBER","10","10","4","40","25","0","40","0","0","25","0","2017","Fer","Invernale","9.046900985","45.138935103","POINT (9.046900985 45.138935103)"
"C_nov 2016","266","S01829","LO","LO","S.STEFANO LODIGIANO","98051","Santo Stefano Lodigiano","MILANO-BOLOGNA","30","10","4","60","36","0","60","0","0","36","0","2016","Fer","Invernale","9.723640779","45.122172959","POINT (9.723640779 45.122172959)"
"C_nov 2019","325","S01948","EM","PC","CASTEL S.GIOVANNI","33013","Castel San Giovanni","ALESS.-PIACENZA","40","10","1","290","18","0","290","0","0","18","0","2019","Fer","Invernale","9.436615112","4.506320024","POINT (9.436615112 45.06320024)"
"C_nov 2017","152","S01426","LO","SO","TALAMONA","14063","Talamona","TIRANO-MILANO Lc-So","110","20","5","140","26","0","140","0","0","26","0","2017","Fer","Invernale","0.959956252","46.139593883","POINT (9.59956252 46.139593883)"
"C_nov 2018","103","S01140","LO","VA","SANGIANO","12141","Sangiano","LUINO-GALLARATE","40","20","3","130","30","0","130","0","0","30","0","2018","Fer","Invernale","8.630805498","45.874544577","POINT (8.630805498 45.874544577)"
"C_Luglio2023","119","S01307","LO","CO","COMO S.GIOVANNI","13075","Como","CHIASSO-MILANO","1140","560","25","5240","157","2510","120","2620","112","23","22","2023","Feriale","estivo","9.072359552","45.809022727","POINT (9.072359552 45.809022727)"
"C_nov 2019","219","S01602","LO","BG","CARAVAGGIO","16053","Caravaggio","BERGAMO-CREMONA","180","50","5","390","35","0","390","0","0","35","0","2019","Fer","Invernale","9.637752922","45.491237226","POINT (9.637752922 45.491237226)"
"C_nov 2020","262","S01825","LO","LO","LODI","98031","Lodi","MILANO-BOLOGNA","520","340","19","1820","103","490","930","410","42","41","20","2020","Feriale","Invernale","9.497612624","45.309042271","POINT (9.497612624 45.309042271)"
"C_nov 2016","257","S01820","LO","MI","MILANO ROGOREDO","15146","Milano","MILANO-BOLOGNA","2700","5330","43","16130","332","8640","4320","3190","216","67","49","2016","Fer","Invernale","9.238727378","4.543484983","POINT (9.238727378 45.43484983)"
"C_nov 2019","2.740","S01075","LO","MI","Cesate","15076","Cesate","Milano Nord Cadorna - Sar","900","170","15","1870","138","1870","0","0","138","0","0","2019","Fer","Invernale","9.066684079","45.590910137","POINT (9.066684079 45.590910137)"
"C_nov 2018","308","S01918","LO","CR","TORRE DE' PICENARDI","19107","Torre de' Picenardi","CODOGNO-MANTOVA","10","10","1","90","14","0","90","10","0","13","1","2018","Fer","Invernale","10.286872398","45.137279533","POINT (10.286872398 45.137279533)"
"C_Novembre2023","2.785","S01726","LO","CO","Mozzate","13159","Mozzate","Saronno - Varese Nord","460","80","8","1050","60","0","1050","0","0","60","0","2023","Feriale","Invernale","8.955224279","45.677788011","POINT (8.955224279 45.677788011)"
"C_nov 2019","2.728","S01771","LO","BS","Capo di Ponte","17035","Capo di Ponte","Breno - Edolo","40","10","4","70","17","0","30","40","0","4","13","2019","Fer","Invernale","10.346501697","46.030817614","POINT (10.346501697 46.030817614)"
"C_Novembre2023","5.838","S01612","LO","BG","STEZZANO","16207","Stezzano","BERGAMO-CREMONA","80","50","7","220","47","0","220","10","0","46","1","2023","Feriale","Invernale","9.644627368","45.658395935","POINT (9.644627368 45.658395935)"
"C_nov 2016","139","S01408","LO","LC","DERVIO","97030","Dervio","TIRANO-MILANO Lc-So","30","30","3","240","29","0","230","20","0","26","3","2016","Fer","Invernale","9.305992528","46.077782965","POINT (9.305992528 46.077782965)"
"C_nov 2016","2.801","S01135","LO","MI","Rescaldina","15181","Rescaldina","Saronno - Novara","850","110","10","1630","75","0","1630","0","0","75","0","2016","Fer","Invernale","8.946679489","45.622159013","POINT (8.946679489 45.622159013)"
"C_Luglio2023","37","S00275","LO","PV","TROMELLO","18164","Tromello","VERCELLI-PAVIA","30","20","3","90","16","0","90","0","0","16","0","2023","Feriale","estivo","8.872184279","45.212069548","POINT (8.872184279 45.212069548)"
"C_nov 2017","203","S01524","LO","LC","CALOLZIOCORTE-OLGINATE","97013","Calolziocorte","TIRANO-MILANO Mz-Lc","1120","250","15","2650","110","1480","800","380","68","32","10","2017","Fer","Invernale","9.427005558","4.580169532","POINT (9.427005558 45.80169532)"
"C_nov 2019","162","S01438","LO","SO","BIANZONE","14008","Bianzone","TIRANO-MILANO So-Tir","10","0","1","20","7","0","20","0","0","7","0","2019","Fer","Invernale","1.011252885","46.179456527","POINT (10.11252885 46.179456527)"
"C_nov 2016","165","S01450","LO","CO","ALBATE TRECALLO","13075","Como","ALBATE-MOLTENO","10","30","4","20","20","0","20","0","0","20","0","2016","Fer","Invernale","9.095790373","45.777467374","POINT (9.095790373 45.777467374)"
"C_nov 2019","37","S00275","LO","PV","TROMELLO","18164","Tromello","VERCELLI-PAVIA","50","20","4","140","20","0","140","0","0","20","0","2019","Fer","Invernale","8.872184279","45.212069548","POINT (8.872184279 45.212069548)"
"C_nov 2019","292","S01870","LO","LO","ORIO LITTA","98042","Orio Litta","PAVIA-CASALPUST.","50","10","4","80","22","0","80","0","0","22","0","2019","Fer","Invernale","9.550621285","45.166863635","POINT (9.550621285 45.166863635)"
"C_Luglio2023","31","S00248","PI","NO","NOVARA","3106","Novara","TORINO-MILANO","350","470","11","1980","79","1890","100","0","69","10","0","2023","Feriale","estivo","0.086249717","4.545129662","POINT (8.6249717 45.45129662)"
"C_nov 2021","174","S01461","LO","LC","SALA AL BARRO-GALBIATE","97036","Galbiate","MONZA-LECCO","30","10","6","70","36","50","20","0","33","3","0","2021","Feriale","Invernale","9.359251698","45.821167176","POINT (9.359251698 45.821167176)"
"C_nov 2022","96","S01118","LO","VA","LAVENO MOMBELLO","12087","Laveno-Mombello","LUINO-GALLARATE","30","20","3","180","29","70","120","0","10","19","0","2022","Feriale","Invernale","8.624617825","45.903348381","POINT (8.624617825 45.903348381)"
"C_Novembre2023","230","S01640","LO","MI","MILANO CERTOSA","15146","Milano","TORINO-MILANO","1080","1350","23","5770","174","5730","50","0","169","3","2","2023","Feriale","Invernale","0.913393857","45.507007737","POINT (9.13393857 45.507007737)"
"C_nov 2020","239","S01708","LO","BG","TREVIGLIO","16219","Treviglio","MILANO-VENEZIA","600","480","33","2410","207","610","1170","640","66","104","37","2020","Feriale","Invernale","9.587945358","45.515141265","POINT (9.587945358 45.515141265)"
"C_nov 2017","87","S01060","LO","PV","PARONA LOMELLINA","18109","Parona","MILANO-MORTARA-AL","180","80","7","440","44","0","440","0","0","44","0","2017","Fer","Invernale","8.780351933","45.280183485","POINT (8.780351933 45.280183485)"
"C_nov 2016","293","S01871","LO","LO","OSPEDALETTO LODIGIANO","98043","Ospedaletto Lodigiano","PAVIA-CASALPUST.","30","10","3","100","28","0","100","0","0","28","0","2016","Fer","Invernale","9.575189061","45.169411515","POINT (9.575189061 45.169411515)"
"C_Novembre2023","201","S01522","LO","LC","LECCO MAGGIANICO","97042","Lecco","TIRANO-MILANO Mz-Lc","130","100","8","660","72","660","0","0","72","0","0","2023","Feriale","Invernale","0.000941172","45.831255298","POINT (9.41172 45.831255298)"
"C_nov 2020","216","S01540","LO","BS","COCCAGLIO","17056","Coccaglio","LECCO-BRESCIA","30","20","5","90","34","0","90","0","0","34","0","2020","Feriale","Invernale","9.977670318","45.561044402","POINT (9.977670318 45.561044402)"
"C_nov 2022","270","S01842","LO","BS","VIADANA BRESCIANA","17034","Calvisano","BRESCIA-PARMA","30","20","4","80","25","0","80","0","0","25","0","2022","Feriale","Invernale","0.103318218","45.373727831","POINT (10.3318218 45.373727831)"
"C_nov 2021","213","S01537","LO","BG","GRUMELLO DEL MONTE","16120","Grumello del Monte","LECCO-BRESCIA","90","60","4","380","34","0","380","0","0","34","0","2021","Feriale","Invernale","0.986279802","45.634179821","POINT (9.86279802 45.634179821)"
"C_nov 2020","275","S01847","LO","MN","ASOLA","20002","Asola","BRESCIA-PARMA","20","10","5","70","24","0","70","0","0","24","0","2020","Feriale","Invernale","10.402333601","45.220534843","POINT (10.402333601 45.220534843)"
"C_nov 2017","157","S01433","LO","SO","POGGIRIDENTI-TRESIVIO","14051","Poggiridenti","TIRANO-MILANO So-Tir","10","0","1","10","8","0","10","0","0","8","0","2017","Fer","Invernale","9.933843175","46.166961926","POINT (9.933843175 46.166961926)"
"C_nov 2020","5.854","S01109","LO","MI","Cormano-Cusano Milanino","15098","Cusano Milanino","Milano Nord Bovisa - Seve","260","140","14","850","95","850","0","0","95","0","0","2020","Feriale","Invernale","9.173714792","45.545195079","POINT (9.173714792 45.545195079)"
"C_Novembre2023","194","S01510","LO","MI","ARCORE","108004","Arcore","TIRANO-MILANO Mz-Lc","1620","450","14","4080","113","3080","1000","0","73","40","0","2023","Feriale","Invernale","9.322824319","45.623570636","POINT (9.322824319 45.623570636)"
"C_nov 2019","288","S01866","LO","PV","S.CRISTINA E BISSONE","18139","Santa Cristina e Bissone","PAVIA-CASALPUST.","50","10","4","100","22","0","100","0","0","22","0","2019","Fer","Invernale","9.401036576","45.160614144","POINT (9.401036576 45.160614144)"
"C_nov 2022","2.734","S01795","LO","BS","Castegnato","17040","Castegnato","Brescia - Iseo","160","30","7","300","37","0","300","0","0","37","0","2022","Feriale","Invernale","10.118369673","45.566191714","POINT (10.118369673 45.566191714)"
"C_Novembre2023","2.821","S01739","LO","VA","Varese-Casbeno","12133","Varese","Varese Nord - Laveno Momb","300","560","8","1140","43","0","670","470","0","26","17","2023","Feriale","Invernale","8.811558243","45.814897655","POINT (8.811558243 45.814897655)"
"C_nov 2020","322","S01944","LO","PV","BRONI","18024","Broni","ALESS.-PIACENZA","20","20","3","130","32","0","130","0","0","32","0","2020","Feriale","Invernale","9.258788494","45.066345425","POINT (9.258788494 45.066345425)"
"C_Novembre2023","141","S01411","LO","LC","VARENNA ESINO","97084","Varenna","TIRANO-MILANO Lc-So","100","60","7","940","53","0","210","730","0","26","27","2023","Feriale","Invernale","9.286432309","46.015079717","POINT (9.286432309 46.015079717)"
"C_nov 2017","2.745","S01744","LO","VA","Cocquio-Trevisago","12053","Cocquio-Trevisago","Varese Nord - Laveno Momb","160","40","7","420","42","0","160","260","0","21","21","2017","Fer","Invernale","8.690075387","45.860132463","POINT (8.690075387 45.860132463)"
"C_nov 2020","2.790","S01083","LO","MI","Palazzolo Milanese","15166","Paderno Dugnano","Milano Nord Bovisa - Seve","350","130","14","900","95","900","0","0","95","0","0","2020","Feriale","Invernale","9.156496054","45.580997631","POINT (9.156496054 45.580997631)"
"C_nov 2016","2.791","S01793","LO","BS","Passirano","17136","Passirano","Brescia - Iseo","120","10","6","160","37","0","160","0","0","37","0","2016","Fer","Invernale","1.006368133","45.590113375","POINT (10.06368133 45.590113375)"
"C_nov 2022","234","S01703","LO","MI","PIOLTELLO-LIMITO","15175","Pioltello","MILANO-VENEZIA","1850","1080","35","6780","250","3810","650","2330","135","29","86","2022","Feriale","Invernale","9.329349311","45.485909836","POINT (9.329349311 45.485909836)"
"C_nov 2018","132","S01401","LO","SO","S.CASSIANO VALCHIAVENNA","14054","Prata Camportaccio","CHIAVENNA-COLICO","70","10","3","130","30","0","130","0","0","30","0","2018","Fer","Invernale","0.093974465","4.627551067","POINT (9.3974465 46.27551067)"
"C_nov 2021","2.803","S01756","LO","CO","Rovellasca-Manera","13201","Rovellasca","Saronno - Como","370","70","8","810","62","0","810","0","0","62","0","2021","Feriale","Invernale","9.038331172","0.456656699","POINT (9.038331172 45.6656699)"
"C_Novembre2023","234","S01703","LO","MI","PIOLTELLO-LIMITO","15175","Pioltello","MILANO-VENEZIA","1970","910","35","6640","252","3820","530","2310","135","29","88","2023","Feriale","Invernale","9.329349311","45.485909836","POINT (9.329349311 45.485909836)"
"C_nov 2020","198","S01514","LO","LC","OLGIATE CALCO-BRIVIO","97058","Olgiate Molgora","TIRANO-MILANO Mz-Lc","120","30","8","380","66","380","0","0","66","0","0","2020","Feriale","Invernale","0.940379608","45.729243447","POINT (9.40379608 45.729243447)"
"C_nov 2022","177","S01480","LO","MI","MONZA SOBBORGHI","108033","Monza","MONZA-LECCO","220","150","8","450","40","450","0","0","40","0","0","2022","Feriale","Invernale","9.284488422","45.582043348","POINT (9.284488422 45.582043348)"
"C_nov 2015","87","S01060","LO","PV","PARONA LOMELLINA","18109","Parona","MILANO-MORTARA-AL","200","60","7","440","47","0","440","0","0","47","0","2015","FER","Invernale","8.780351933","45.280183485","POINT (8.780351933 45.280183485)"
"C_nov 2015","2.730","S01091","LO","CO","Carugo-Giussano","13048","Carugo","Seveso - Asso","370","120","8","750","52","0","750","0","0","52","0","2015","Fer","Invernale","9.198950125","45.705742211","POINT (9.198950125 45.705742211)"
"C_nov 2017","260","S01823","LO","MI","S.ZENONE AL LAMBRO","15202","San Zenone al Lambro","MILANO-BOLOGNA","540","110","8","1150","74","1150","0","0","74","0","0","2017","Fer","Invernale","9.361288898","45.337904599","POINT (9.361288898 45.337904599)"
"C_nov 2015","2.856","S01648","LO","MI","MILANO REPUBBLICA","15146","Milano","PASSANTE","1140","4640","38","12360","356","12360","0","0","356","0","0","2015","Fer","Invernale","9.198815201","45.480365497","POINT (9.198815201 45.480365497)"
"C_nov 2017","283","S01861","LO","PV","PAVIA PORTA GARIBALDI","18110","Pavia","PAVIA-CASALPUST.","20","200","4","270","27","0","270","0","0","27","0","2017","Fer","Invernale","9.167359084","45.184073158","POINT (9.167359084 45.184073158)"
"C_nov 2019","106","S01143","LO","VA","TERNATE-VARANO BORGHI","12126","Ternate","LUINO-GALLARATE","130","40","6","230","29","0","230","0","0","29","0","2019","Fer","Invernale","8.700412081","45.781912094","POINT (8.700412081 45.781912094)"
"C_nov 2018","161","S01437","LO","SO","TRESENDA-APRICA-TEGLIO","14065","Teglio","TIRANO-MILANO So-Tir","60","30","4","170","30","0","30","140","0","9","21","2018","Fer","Invernale","10.083777059","46.162155619","POINT (10.083777059 46.162155619)"
"C_nov 2020","170","S01456","LO","CO","MOIANA","13147","Merone","ALBATE-MOLTENO","10","0","3","10","13","0","10","0","0","13","0","2020","Feriale","Invernale","9.255642213","45.787158223","POINT (9.255642213 45.787158223)"
"C_nov 2020","40","S00278","LO","PV","VILLANOVA D'ARDENGHI","18179","Villanova d'Ardenghi","VERCELLI-PAVIA","10","10","3","10","17","0","10","0","0","17","0","2020","Feriale","Invernale","9.037210497","45.157063438","POINT (9.037210497 45.157063438)"
"C_nov 2015","217","S01600","LO","BG","VERDELLO DALMINE","16233","Verdello","BERGAMO-CREMONA","1400","250","17","3190","104","0","650","2550","0","52","52","2015","Fer","Invernale","0.961982632","45.605792605","POINT (9.61982632 45.605792605)"
"C_nov 2019","313","S01923","LO","MN","CASTELLUCCHIO","20016","Castellucchio","CODOGNO-MANTOVA","40","10","4","110","24","0","50","70","0","7","17","2019","Fer","Invernale","10.647514805","45.144370088","POINT (10.647514805 45.144370088)"
"C_Luglio2023","47","S00405","LO","PV","LOMELLO","18083","Lomello","CAVA C.-TORREBER","10","10","4","50","24","0","50","0","0","24","0","2023","Feriale","estivo","8.799151452","45.117357692","POINT (8.799151452 45.117357692)"
"C_Novembre2023","3","S00031","PI","NO","VESPOLATE","3158","Vespolate","NOVARA-MORTARA","60","10","3","80","10","0","80","0","0","10","0","2023","Feriale","Invernale","8.672069059","4.535153791","POINT (8.672069059 45.35153791)"
"C_nov 2019","2.797","S01097","LO","CO","Pontelambro-Castelmarte","13188","Ponte Lambro","Seveso - Asso","110","20","6","240","40","0","240","0","0","40","0","2019","Fer","Invernale","9.225759459","45.829181272","POINT (9.225759459 45.829181272)"
"C_nov 2016","2.799","S01787","LO","BS","Provaglio-Timoline","17156","Provaglio d'Iseo","Brescia - Iseo","40","20","5","110","42","0","110","0","0","42","0","2016","Fer","Invernale","10.035246585","45.635075228","POINT (10.035246585 45.635075228)"
"C_Luglio2023","311","S01921","LO","MN","MARCARIA","20031","Marcaria","CODOGNO-MANTOVA","20","10","4","130","27","0","20","120","0","7","20","2023","Feriale","estivo","10.533674343","45.124599549","POINT (10.533674343 45.124599549)"
"C_nov 2018","248","S01801","LO","MI","LOCATE TRIULZI","15125","Locate di Triulzi","MILANO-GENOVA","800","250","8","2280","74","2280","0","10","72","0","2","2018","Fer","Invernale","9.221434768","45.359805985","POINT (9.221434768 45.359805985)"
"C_nov 2018","2.823","S01782","LO","BS","Vello","17106","Marone","Iseo - Pisogne","10","0","3","10","20","0","10","0","0","20","0","2018","Fer","Invernale","10.083908147","45.752417679","POINT (10.083908147 45.752417679)"
"C_nov 2021","188","S01491","LO","LC","COSTA MASNAGA","97026","Costa Masnaga","MONZA-LECCO","150","30","8","280","38","280","0","0","38","0","0","2021","Feriale","Invernale","0.928526064","45.763506456","POINT (9.28526064 45.763506456)"
"C_nov 2018","41","S00279","LO","PV","CAVA CARBONARA","18151","Sommo","VERCELLI-PAVIA","10","10","5","10","29","0","10","0","0","29","0","2018","Fer","Invernale","9.071427457","45.147136385","POINT (9.071427457 45.147136385)"
"C_nov 2018","106","S01143","LO","VA","TERNATE-VARANO BORGHI","12126","Ternate","LUINO-GALLARATE","140","70","6","270","31","0","270","0","0","31","0","2018","Fer","Invernale","8.700412081","45.781912094","POINT (8.700412081 45.781912094)"
"C_nov 2015","2.787","S01070","LO","MI","Novate Milanese","15157","Novate Milanese","Milano Nord Cadorna - Sar","1090","370","17","3390","145","3390","0","0","145","0","0","2015","Fer","Invernale","9.132723827","45.533079873","POINT (9.132723827 45.533079873)"
"C_nov 2015","310","S01920","LO","MN","BOZZOLO","20007","Bozzolo","CODOGNO-MANTOVA","60","10","3","170","24","0","100","70","0","18","6","2015","FER","Invernale","10.472685666","45.107331585","POINT (10.472685666 45.107331585)"
"C_Luglio2023","160","S01436","LO","SO","S.GIACOMO DI TEGLIO","14065","Teglio","TIRANO-MILANO So-Tir","10","0","1","10","3","0","0","10","0","2","1","2023","Feriale","estivo","10.027439647","46.159795887","POINT (10.027439647 46.159795887)"
"C_nov 2016","245","S01714","LO","BS","ROVATO","17166","Rovato","MILANO-VENEZIA","710","260","16","2110","102","0","1210","910","0","71","31","2016","Fer","Invernale","10.000952147","45.552008269","POINT (10.000952147 45.552008269)"
"C_nov 2019","200","S01520","LO","LC","LECCO","97042","Lecco","TIRANO-MILANO Mz-Lc","1830","3200","26","9350","199","4580","2140","2650","103","64","32","2019","Fer","Invernale","0.939367574","45.856547373","POINT (9.39367574 45.856547373)"
"C_nov 2019","304","S01914","LO","CR","CAVA TIGOZZI","19095","Sesto ed Uniti","CODOGNO-MANTOVA","10","0","2","10","11","0","10","0","0","11","0","2019","Fer","Invernale","0.995584963","45.156899589","POINT (9.95584963 45.156899589)"
"C_Novembre2023","208","S01529","LO","BG","BERGAMO","16024","Bergamo","LECCO-BRESCIA","2310","3920","31","12570","209","0","7570","5000","0","155","54","2023","Feriale","Invernale","9.675111057","45.690343725","POINT (9.675111057 45.690343725)"
"C_nov 2015","107","S01144","LO","VA","MORNAGO CIMBRO","12106","Mornago","LUINO-GALLARATE","130","20","5","210","34","0","210","0","0","34","0","2015","FER","Invernale","8.734232423","45.729818919","POINT (8.734232423 45.729818919)"
"C_nov 2022","40","S00278","LO","PV","VILLANOVA D'ARDENGHI","18179","Villanova d'Ardenghi","VERCELLI-PAVIA","10","10","4","20","25","0","20","0","0","25","0","2022","Feriale","Invernale","9.037210497","45.157063438","POINT (9.037210497 45.157063438)"
"C_nov 2018","292","S01870","LO","LO","ORIO LITTA","98042","Orio Litta","PAVIA-CASALPUST.","40","10","5","70","28","0","70","0","0","28","0","2018","Fer","Invernale","9.550621285","45.166863635","POINT (9.550621285 45.166863635)"
"C_nov 2020","291","S01869","LO","PV","LAMBRINIA","18048","Chignolo Po","PAVIA-CASALPUST.","10","10","4","20","20","0","20","0","0","20","0","2020","Feriale","Invernale","9.527461442","45.164457002","POINT (9.527461442 45.164457002)"
"C_nov 2017","2.709","S01092","LO","CO","Arosio","13012","Arosio","Seveso - Asso","320","70","7","630","50","0","630","0","0","50","0","2017","Fer","Invernale","9.210246869","4.571835634","POINT (9.210246869 45.71835634)"
"C_Novembre2023","2.783","S01066","LO","MI","Milano Nord Cadorna","15146","Milano","Milano Nord Cadorna - Sar","2590","12700","59","35210","456","11470","16720","7030","145","212","99","2023","Feriale","Invernale","9.175179183","45.468514231","POINT (9.175179183 45.468514231)"
"C_nov 2017","74","S01027","LO","VA","VERGIATE","12138","Vergiate","DOMODOSSOLA-MILANO","210","90","7","470","33","0","470","0","0","33","0","2017","Fer","Invernale","8.693230518","45.717200688","POINT (8.693230518 45.717200688)"
"C_nov 2019","144","S01414","LO","LC","OLCIO","97046","Mandello del Lario","TIRANO-MILANO Lc-So","20","10","3","30","25","0","30","10","0","24","1","2019","Fer","Invernale","9.313931929","45.938086276","POINT (9.313931929 45.938086276)"
"C_nov 2016","2.858","S01643","LO","MI","MILANO LANCETTI","15146","Milano","PASSANTE","850","1800","41","4710","361","4710","0","0","361","0","0","2016","Fer","Invernale","9.177354467","45.493471578","POINT (9.177354467 45.493471578)"
"C_nov 2019","6","S00034","LO","PV","MORTARA","18102","Mortara","MILANO-MORTARA-AL","870","520","14","2620","79","0","2620","0","0","79","0","2019","Fer","Invernale","0.873168138","45.252256076","POINT (8.73168138 45.252256076)"
"C_nov 2021","5","S00033","LO","PV","ALBONESE","18003","Albonese","NOVARA-MORTARA","0","0","0","10","2","0","10","0","0","2","0","2021","Feriale","Invernale","8.714636963","45.297869975","POINT (8.714636963 45.297869975)"
"C_nov 2017","314","S01924","LO","MN","S.MICHELE IN BOSCO","20031","Marcaria","CODOGNO-MANTOVA","10","0","3","10","17","0","10","0","0","17","0","2017","Fer","Invernale","10.573308108","45.122485012","POINT (10.573308108 45.122485012)"
"C_nov 2017","312","S01922","LO","MN","OSPITALETTO MANTOV.","20031","Marcaria","CODOGNO-MANTOVA","10","10","3","20","17","0","20","0","0","17","0","2017","Fer","Invernale","10.604427864","45.129824898","POINT (10.604427864 45.129824898)"
"C_nov 2017","150","S01424","LO","SO","COSIO-TRAONA","14024","Cosio Valtellino","TIRANO-MILANO Lc-So","30","10","4","90","27","0","90","0","0","27","0","2017","Fer","Invernale","9.525530191","46.135638189","POINT (9.525530191 46.135638189)"
"C_nov 2019","2.745","S01744","LO","VA","Cocquio-Trevisago","12053","Cocquio-Trevisago","Varese Nord - Laveno Momb","230","60","7","540","42","0","240","300","0","21","21","2019","Fer","Invernale","8.690075387","45.860132463","POINT (8.690075387 45.860132463)"
"C_nov 2018","143","S01413","LO","LC","LIERNA","97043","Lierna","TIRANO-MILANO Lc-So","110","20","3","230","28","0","210","20","0","26","2","2018","Fer","Invernale","9.303109353","45.961043911","POINT (9.303109353 45.961043911)"
"C_nov 2022","2.820","S01738","LO","VA","Varese Nord","12133","Varese","Saronno - Varese Nord","870","900","12","3490","78","0","2500","1000","0","62","16","2022","Feriale","Invernale","8.834307422","4.581847437","POINT (8.834307422 45.81847437)"
"C_nov 2016","292","S01870","LO","LO","ORIO LITTA","98042","Orio Litta","PAVIA-CASALPUST.","50","10","5","80","28","0","80","0","0","28","0","2016","Fer","Invernale","9.550621285","45.166863635","POINT (9.550621285 45.166863635)"
"C_nov 2017","2.732","S01098","LO","CO","Caslino d'Erba","13052","Caslino d'Erba","Seveso - Asso","50","20","6","90","39","0","90","0","0","39","0","2017","Fer","Invernale","9.232326937","45.835130456","POINT (9.232326937 45.835130456)"
"C_Luglio2023","164","S01440","LO","SO","TIRANO","14066","Tirano","TIRANO-MILANO So-Tir","90","0","1","440","22","0","0","440","0","5","17","2023","Feriale","estivo","10.166987267","46.215458161","POINT (10.166987267 46.215458161)"
"C_nov 2020","287","S01865","LO","PV","CORTEOLONA","18056","Corteolona","PAVIA-CASALPUST.","10","20","5","40","20","0","40","0","0","20","0","2020","Feriale","Invernale","9.375508787","45.159782769","POINT (9.375508787 45.159782769)"
"C_nov 2022","2.763","S01762","LO","CO","Grandate-Breccia","13110","Grandate","Saronno - Como","500","270","10","1400","67","0","1190","220","0","62","5","2022","Feriale","Invernale","0.009055656","45.781300073","POINT (9.055656 45.781300073)"
"C_nov 2017","2.805","S01784","LO","BS","Sale Marasino","17169","Sale Marasino","Iseo - Pisogne","70","20","4","170","34","0","120","60","0","21","13","2017","Fer","Invernale","10.111830104","4.571279216","POINT (10.111830104 45.71279216)"
"C_nov 2020","2.784","S01740","LO","VA","Morosolo-Casciago","12038","Casciago","Varese Nord - Laveno Momb","20","20","7","50","37","0","30","30","0","23","14","2020","Feriale","Invernale","8.777403493","45.826573232","POINT (8.777403493 45.826573232)"
"C_nov 2021","157","S01433","LO","SO","POGGIRIDENTI-TRESIVIO","14051","Poggiridenti","TIRANO-MILANO So-Tir","10","0","1","10","5","0","10","10","0","4","1","2021","Feriale","Invernale","9.933843175","46.166961926","POINT (9.933843175 46.166961926)"
"C_nov 2017","2.816","S01728","LO","VA","Tradate Abbiate Guazzone","12127","Tradate","Saronno - Varese Nord","180","50","8","410","57","0","410","0","0","57","0","2017","Fer","Invernale","8.918610359","45.701903031","POINT (8.918610359 45.701903031)"
"C_nov 2019","2.910","S01112","LO","MI","Cesano Boscone","15074","Cesano Boscone","MILANO-MORTARA-AL","270","180","8","710","68","710","10","0","67","1","0","2019","Fer","Invernale","0.909119676","45.430270342","POINT (9.09119676 45.430270342)"
"C_nov 2021","94","S01116","LO","VA","PORTO VALTRAVAGLIA","12114","Porto Valtravaglia","LUINO-GALLARATE","10","10","3","70","29","30","50","0","10","19","0","2021","Feriale","Invernale","0.867417775","45.958294809","POINT (8.67417775 45.958294809)"
"C_nov 2021","2.722","S01005","LO","BS","Breno","17028","Breno","Pisogne - Breno","50","130","3","310","26","0","130","190","0","13","13","2021","Feriale","Invernale","10.305483792","45.959261369","POINT (10.305483792 45.959261369)"
"C_nov 2022","307","S01917","LO","CR","GAZZO-PIEVE S.GIACOMO","19075","Pieve San Giacomo","CODOGNO-MANTOVA","50","10","1","60","8","0","60","10","0","7","1","2022","Feriale","Invernale","1.018994286","45.137237048","POINT (10.18994286 45.137237048)"
"C_nov 2016","126","S01320","LO","MI","DESIO","108023","Desio","CHIASSO-MILANO","1240","350","18","3100","140","2980","0","130","138","0","2","2016","Fer","Invernale","9.218522811","45.620194911","POINT (9.218522811 45.620194911)"
"C_nov 2015","234","S01703","LO","MI","PIOLTELLO-LIMITO","15175","Pioltello","MILANO-VENEZIA","1960","1130","35","6180","257","3410","610","2170","146","28","83","2015","Fer","Invernale","9.329349311","45.485909836","POINT (9.329349311 45.485909836)"
"C_nov 2022","170","S01456","LO","CO","MOIANA","13147","Merone","ALBATE-MOLTENO","30","10","4","40","22","0","40","0","0","22","0","2022","Feriale","Invernale","9.255642213","45.787158223","POINT (9.255642213 45.787158223)"
"C_Novembre2023","248","S01801","LO","MI","LOCATE TRIULZI","15125","Locate di Triulzi","MILANO-GENOVA","800","200","8","2370","73","2370","0","10","72","0","1","2023","Feriale","Invernale","9.221434768","45.359805985","POINT (9.221434768 45.359805985)"
"C_nov 2021","2.779","S01078","LO","MI","Milano Affori","15146","Milano","Milano Nord Bovisa - Seve","640","1450","27","4880","171","3220","1670","0","123","48","0","2021","Feriale","Invernale","9.167411293","45.521142914","POINT (9.167411293 45.521142914)"
"C_Luglio2023","2.760","S01743","LO","VA","Gavirate-Verbano","12072","Gavirate","Varese Nord - Laveno Momb","10","10","4","30","14","0","30","10","0","12","2","2023","Feriale","estivo","8.706523665","45.851178857","POINT (8.706523665 45.851178857)"
"C_nov 2018","2.761","S01745","LO","VA","Gemonio","12074","Gemonio","Varese Nord - Laveno Momb","190","50","7","450","43","0","170","290","0","21","22","2018","Fer","Invernale","0.867388218","45.877604611","POINT (8.67388218 45.877604611)"
"C_nov 2019","146","S01416","LO","LC","ABBADIA LARIANA","97001","Abbadia Lariana","TIRANO-MILANO Lc-So","80","30","4","180","27","0","160","20","0","25","2","2019","Fer","Invernale","9.335204987","45.895939932","POINT (9.335204987 45.895939932)"
"C_nov 2021","175","S01462","LO","LC","CIVATE","97022","Civate","MONZA-LECCO","10","10","4","40","33","40","0","0","32","1","0","2021","Feriale","Invernale","9.352910244","45.831371067","POINT (9.352910244 45.831371067)"
"C_Luglio2023","2.801","S01135","LO","MI","Rescaldina","15181","Rescaldina","Saronno - Novara","660","120","12","1390","78","0","1390","0","0","78","0","2023","Feriale","estivo","8.946679489","45.622159013","POINT (8.946679489 45.622159013)"
"C_nov 2015","227","S01630","LO","MI","MILANO S. CRISTOFORO","15146","Milano","MILANO-MORTARA-AL","470","970","14","2530","118","1340","1200","0","69","49","0","2015","FER","Invernale","9.130288258","45.442478529","POINT (9.130288258 45.442478529)"
"C_nov 2022","143","S01413","LO","LC","LIERNA","97043","Lierna","TIRANO-MILANO Lc-So","70","10","2","190","25","0","160","30","0","23","2","2022","Feriale","Invernale","9.303109353","45.961043911","POINT (9.303109353 45.961043911)"
"C_nov 2018","46","S00404","LO","PV","FERRERA LOMELLINA","18062","Ferrera Erbognone","CAVA C.-TORREBER","20","10","4","80","26","0","80","0","0","26","0","2018","Fer","Invernale","8.862842274","45.111893407","POINT (8.862842274 45.111893407)"
"C_nov 2017","104","S01141","LO","VA","BESOZZO","12013","Besozzo","LUINO-GALLARATE","100","40","3","180","19","0","180","0","0","19","0","2017","Fer","Invernale","0.866303949","45.842264864","POINT (8.66303949 45.842264864)"
"C_nov 2015","311","S01921","LO","MN","MARCARIA","20031","Marcaria","CODOGNO-MANTOVA","30","10","3","50","21","0","50","10","0","18","3","2015","FER","Invernale","10.533674343","45.124599549","POINT (10.533674343 45.124599549)"
"C_nov 2021","259","S01822","LO","MI","MELEGNANO","15140","Melegnano","MILANO-BOLOGNA","510","160","6","1680","65","1680","0","0","65","0","0","2021","Feriale","Invernale","0.009319302","45.356405865","POINT (9.319302 45.356405865)"
"C_Luglio2023","2.758","S01074","LO","MI","Garbagnate Milanese","15105","Garbagnate Milanese","Milano Nord Cadorna - Sar","690","220","16","1530","133","1530","0","0","133","0","0","2023","Feriale","estivo","0.908029848","45.579923026","POINT (9.08029848 45.579923026)"
"C_Novembre2023","161","S01437","LO","SO","TRESENDA-APRICA-TEGLIO","14065","Teglio","TIRANO-MILANO So-Tir","50","10","2","140","27","0","10","140","0","4","23","2023","Feriale","Invernale","10.083777059","46.162155619","POINT (10.083777059 46.162155619)"
"C_nov 2022","2.811","S01925","LO","MI","Seveso","108040","Seveso","Milano Nord Bovisa - Seve","1410","520","24","4150","179","1670","2490","0","128","51","0","2022","Feriale","Invernale","0.914058178","45.647945743","POINT (9.14058178 45.647945743)"
"C_nov 2017","2.800","S01069","LO","MI","Milano Quarto Oggiaro","15146","Milano","Milano Nord Cadorna - Sar","800","430","18","3230","141","3230","0","0","141","0","0","2017","Fer","Invernale","9.145253109","45.519239088","POINT (9.145253109 45.519239088)"
"C_nov 2018","246","S01716","LO","BS","OSPITALETTO TRAVAGLIATO","17127","Ospitaletto","MILANO-VENEZIA","120","60","8","430","59","0","430","0","0","59","0","2018","Fer","Invernale","10.074385735","45.546125054","POINT (10.074385735 45.546125054)"
"C_nov 2015","327","S01950","EM","PC","ROTTOFRENO","33039","Rottofreno","ALESS.-PIACENZA","0","0","0","20","14","0","20","0","0","14","0","2015","Fer","Invernale","9.549300156","4.506050732","POINT (9.549300156 45.06050732)"
"C_nov 2021","2.856","S01648","LO","MI","MILANO REPUBBLICA","15146","Milano","PASSANTE","920","3050","39","9600","309","9600","0","0","309","0","0","2021","Feriale","Invernale","9.198815201","45.480365497","POINT (9.198815201 45.480365497)"
"C_nov 2022","250","S01803","LO","PV","CERTOSA DI PAVIA","18046","Certosa di Pavia","MILANO-GENOVA","300","80","8","710","71","710","0","0","70","0","1","2022","Feriale","Invernale","9.154491353","45.257008002","POINT (9.154491353 45.257008002)"
"C_nov 2017","2.734","S01795","LO","BS","Castegnato","17040","Castegnato","Brescia - Iseo","180","30","7","300","37","0","300","0","0","37","0","2017","Fer","Invernale","10.118369673","45.566191714","POINT (10.118369673 45.566191714)"
"C_nov 2017","252","S01805","LO","PV","BRESSANA BOTTARONE","18023","Bressana Bottarone","MILANO-GENOVA","150","130","8","320","39","0","290","40","0","33","6","2017","Fer","Invernale","0.911063508","45.086379858","POINT (9.11063508 45.086379858)"
"C_nov 2015","275","S01847","LO","MN","ASOLA","20002","Asola","BRESCIA-PARMA","60","10","3","190","25","0","190","0","0","25","0","2015","Fer","Invernale","10.402333601","45.220534843","POINT (10.402333601 45.220534843)"
"C_nov 2022","287","S01865","LO","PV","CORTEOLONA","18056","Corteolona","PAVIA-CASALPUST.","80","20","5","110","22","0","110","0","0","22","0","2022","Feriale","Invernale","9.375508787","45.159782769","POINT (9.375508787 45.159782769)"
"C_nov 2022","2.775","S01089","LO","CO","Mariano Comense","13143","Mariano Comense","Seveso - Asso","680","340","8","1900","54","40","1870","0","3","51","0","2022","Feriale","Invernale","0.918152941","45.693595207","POINT (9.18152941 45.693595207)"
"C_nov 2018","269","S01841","LO","BS","GHEDI","17078","Ghedi","BRESCIA-PARMA","70","20","4","180","25","0","180","0","0","25","0","2018","Fer","Invernale","10.280538985","45.409522832","POINT (10.280538985 45.409522832)"
"C_nov 2020","142","S01412","LO","LC","FIUMELATTE","97084","Varenna","TIRANO-MILANO Lc-So","0","0","2","10","23","0","10","0","0","22","1","2020","Feriale","Invernale","9.292892864","45.999092366","POINT (9.292892864 45.999092366)"
"C_nov 2019","2.808","S01770","LO","BS","Sellero","17176","Sellero","Breno - Edolo","0","0","1","0","2","0","0","0","0","2","0","2019","Fer","Invernale","10.346597177","46.046262075","POINT (10.346597177 46.046262075)"
"C_nov 2022","2.717","S01072","LO","MI","Bollate Nord","15027","Bollate","Milano Nord Cadorna - Sar","540","140","14","1440","122","1440","0","0","122","0","0","2022","Feriale","Invernale","9.112398385","45.552681567","POINT (9.112398385 45.552681567)"
"C_nov 2016","2.854","S00023","PI","NO","Novara FN","3106","Novara","Saronno - Novara","180","540","6","1090","38","0","1090","0","0","38","0","2016","Fer","Invernale","8.627061488","45.452334846","POINT (8.627061488 45.452334846)"
"C_nov 2016","284","S01862","LO","PV","MOTTA S.DAMIANO","18110","Pavia","PAVIA-CASALPUST.","10","0","5","10","27","0","10","0","0","27","0","2016","Fer","Invernale","9.219902925","45.178421105","POINT (9.219902925 45.178421105)"
"C_nov 2016","289","S01867","LO","PV","MIRADOLO TERME","18093","Miradolo Terme","PAVIA-CASALPUST.","100","10","5","170","28","0","170","0","0","28","0","2016","Fer","Invernale","9.449985524","45.162088065","POINT (9.449985524 45.162088065)"
"C_nov 2022","134","S01403","LO","SO","NOVATE MEZZOLA","14046","Novate Mezzola","CHIAVENNA-COLICO","60","10","4","130","31","0","130","0","0","31","0","2022","Feriale","Invernale","9.446610911","46.216667852","POINT (9.446610911 46.216667852)"
"C_nov 2022","115","S01208","LO","VA","CASTRONNO","12047","Castronno","PORTO C.-GALLARATE","220","80","8","640","68","620","0","30","67","0","1","2022","Feriale","Invernale","8.810338911","45.745312285","POINT (8.810338911 45.745312285)"
"C_nov 2018","5.833","S01791","LO","BS","Rovato Città","17166","Rovato","Bornato - Rovato","10","10","4","20","16","0","20","0","0","16","0","2018","Fer","Invernale","10.005993837","45.565816711","POINT (10.005993837 45.565816711)"
"C_nov 2020","306","S01916","LO","CR","VILLETTA MALAGNINO","19056","Malagnino","CODOGNO-MANTOVA","10","0","1","10","9","0","10","10","0","7","2","2020","Feriale","Invernale","10.111974549","45.137104731","POINT (10.111974549 45.137104731)"
"C_nov 2019","123","S01315","LO","CO","CARIMATE","13046","Carimate","CHIASSO-MILANO","240","70","8","650","72","650","0","0","72","0","0","2019","Fer","Invernale","9.107220464","45.697171053","POINT (9.107220464 45.697171053)"
"C_nov 2022","109","S01200","LO","VA","PORTO CERESIO","12113","Porto Ceresio","PORTO C.-GALLARATE","80","80","4","290","34","0","0","290","0","0","34","2022","Feriale","Invernale","8.900389083","45.903750516","POINT (8.900389083 45.903750516)"
"C_Luglio2023","298","S01904","LO","CR","ROBECCO-PONTEVICO","19085","Robecco d'Oglio","BRESCIA-CREMONA","20","10","3","100","31","0","100","0","0","31","0","2023","Feriale","estivo","10.078618004","45.266299802","POINT (10.078618004 45.266299802)"
"C_nov 2019","213","S01537","LO","BG","GRUMELLO DEL MONTE","16120","Grumello del Monte","LECCO-BRESCIA","130","50","5","490","38","0","490","0","0","38","0","2019","Fer","Invernale","0.986279802","45.634179821","POINT (9.86279802 45.634179821)"
"C_nov 2016","256","S01810","PI","AL","TORTONA","6174","Tortona","MILANO-GENOVA","300","40","2","820","22","0","0","820","0","0","22","2016","Fer","Invernale","0.886181929","4.490006568","POINT (8.86181929 44.90006568)"
"C_Novembre2023","143","S01413","LO","LC","LIERNA","97043","Lierna","TIRANO-MILANO Lc-So","90","30","3","200","27","0","200","10","0","26","1","2023","Feriale","Invernale","9.303109353","45.961043911","POINT (9.303109353 45.961043911)"
"C_Luglio2023","292","S01870","LO","LO","ORIO LITTA","98042","Orio Litta","PAVIA-CASALPUST.","20","10","4","50","22","0","50","0","0","22","0","2023","Feriale","estivo","9.550621285","45.166863635","POINT (9.550621285 45.166863635)"
"C_nov 2015","188","S01491","LO","LC","COSTA MASNAGA","97026","Costa Masnaga","MONZA-LECCO","260","40","6","390","36","390","0","0","36","0","0","2015","Fer","Invernale","0.928526064","45.763506456","POINT (9.28526064 45.763506456)"
"C_nov 2017","2.761","S01745","LO","VA","Gemonio","12074","Gemonio","Varese Nord - Laveno Momb","180","40","7","400","42","0","130","280","0","21","21","2017","Fer","Invernale","0.867388218","45.877604611","POINT (8.67388218 45.877604611)"
"C_nov 2021","163","S01439","LO","SO","VILLA DI TIRANO","14078","Villa di Tirano","TIRANO-MILANO So-Tir","40","0","1","40","4","0","10","40","0","3","1","2021","Feriale","Invernale","10.130361703","46.196242159","POINT (10.130361703 46.196242159)"
"C_nov 2016","238","S01707","LO","MI","CASSANO D'ADDA","15059","Cassano d'Adda","MILANO-VENEZIA","530","170","16","1100","99","1080","10","20","96","1","2","2016","Fer","Invernale","9.512780391","0.455144503","POINT (9.512780391 45.5144503)"
"C_Novembre2023","153","S01427","LO","SO","ARDENNO-MASINO","14005","Ardenno","TIRANO-MILANO Lc-So","40","20","4","80","22","0","80","0","0","22","0","2023","Feriale","Invernale","9.651405996","46.162053348","POINT (9.651405996 46.162053348)"
"C_nov 2020","196","S01512","LO","LC","OSNAGO","97061","Osnago","TIRANO-MILANO Mz-Lc","100","30","8","260","66","260","0","0","66","0","0","2020","Feriale","Invernale","9.387021835","45.678609287","POINT (9.387021835 45.678609287)"
"C_nov 2017","267","S01830","LO","MI","BORGOLOMBARDO","15192","San Donato Milanese","MILANO-BOLOGNA","360","160","9","950","78","950","0","0","78","0","0","2017","Fer","Invernale","9.271012475","4.540385926","POINT (9.271012475 45.40385926)"
"C_nov 2018","144","S01414","LO","LC","OLCIO","97046","Mandello del Lario","TIRANO-MILANO Lc-So","30","10","3","50","26","0","40","10","0","25","1","2018","Fer","Invernale","9.313931929","45.938086276","POINT (9.313931929 45.938086276)"
"C_nov 2017","81","S01035","LO","MI","PARABIAGO","15168","Parabiago","DOMODOSSOLA-MILANO","1360","320","11","2970","77","2520","340","120","74","2","1","2017","Fer","Invernale","8.946358229","4.555251981","POINT (8.946358229 45.55251981)"
"C_nov 2020","254","S01807","LO","PV","VOGHERA","18182","Voghera","MILANO-GENOVA","130","40","4","620","36","0","60","560","0","6","30","2020","Feriale","Invernale","9.007971677","44.997878065","POINT (9.007971677 44.997878065)"
"C_nov 2015","2.756","S01760","LO","CO","Fino Mornasco","13102","Fino Mornasco","Saronno - Como","400","70","7","970","62","0","970","10","0","61","1","2015","Fer","Invernale","9.047021129","45.746532082","POINT (9.047021129 45.746532082)"
"C_Luglio2023","2.859","S01139","LO","VA","Malpensa Aeroporto T1","12140","Vizzola Ticino","Busto Arsizio - Malpensa","660","1180","18","9770","167","320","2500","6950","21","44","102","2023","Feriale","estivo","8.711317166","45.626885232","POINT (8.711317166 45.626885232)"
"C_Novembre2023","317","S01932","LO","PV","BARBIANELLO","18008","Barbianello","PAVIA-STRADELLA","10","10","3","40","26","0","40","0","0","26","0","2023","Feriale","Invernale","0.920419733","45.072712294","POINT (9.20419733 45.072712294)"
"C_nov 2017","327","S01950","EM","PC","ROTTOFRENO","33039","Rottofreno","ALESS.-PIACENZA","0","0","0","20","14","0","20","0","0","14","0","2017","Fer","Invernale","9.549300156","4.506050732","POINT (9.549300156 45.06050732)"
"C_nov 2016","89","S01062","LO","MI","ABBIATEGRASSO","15002","Abbiategrasso","MILANO-MORTARA-AL","1350","270","8","3190","46","0","3190","0","0","46","0","2016","Fer","Invernale","8.921337035","45.400715222","POINT (8.921337035 45.400715222)"
"C_nov 2016","5.835","S01032","LO","MI","Milano Romolo","15146","Milano","MILANO-MORTARA-AL","330","830","8","2250","69","2250","0","0","69","0","0","2016","Fer","Invernale","9.159273436","4.544587573","POINT (9.159273436 45.44587573)"
"C_nov 2019","94","S01116","LO","VA","PORTO VALTRAVAGLIA","12114","Porto Valtravaglia","LUINO-GALLARATE","40","10","3","110","29","0","110","0","0","29","0","2019","Fer","Invernale","0.867417775","45.958294809","POINT (8.67417775 45.958294809)"
"C_nov 2020","144","S01414","LO","LC","OLCIO","97046","Mandello del Lario","TIRANO-MILANO Lc-So","0","0","2","10","23","0","10","10","0","22","1","2020","Feriale","Invernale","9.313931929","45.938086276","POINT (9.313931929 45.938086276)"
"C_nov 2017","114","S01207","LO","VA","GAZZADA-SCHIANNO-MORAZZ.","12073","Gazzada Schianno","PORTO C.-GALLARATE","220","140","8","780","73","720","0","70","72","0","1","2017","Fer","Invernale","8.824846806","45.778700868","POINT (8.824846806 45.778700868)"
"C_nov 2015","231","S01645","LO","MI","MILANO PORTA GARIBALDI","15146","Milano","TORINO-MILANO","3540","13920","58","34710","388","16000","11900","6830","179","129","80","2015","Fer","Invernale","9.186422092","45.485345292","POINT (9.186422092 45.485345292)"
"C_nov 2020","301","S01911","LO","CR","PIZZIGHETTONE","19076","Pizzighettone","CODOGNO-MANTOVA","0","0","4","0","13","0","0","0","0","10","3","2020","Feriale","Invernale","9.777166532","45.181857545","POINT (9.777166532 45.181857545)"
"C_nov 2022","130","S01326","LO","MI","MILANO GRECO PIRELLI","15146","Milano","CHIASSO-MILANO","1280","4360","54","12500","374","8320","4180","0","241","132","1","2022","Feriale","Invernale","9.214496679","45.512803065","POINT (9.214496679 45.512803065)"
"C_nov 2021","93","S01113","LO","VA","LUINO","12092","Luino","LUINO-GALLARATE","40","40","4","280","29","150","130","0","10","19","0","2021","Feriale","Invernale","8.737497575","45.996713632","POINT (8.737497575 45.996713632)"
"C_nov 2019","5.832","S01067","LO","MI","Milano Nord Domodossola","15146","Milano","Milano Nord Cadorna - Sar","1470","2920","54","9440","386","3780","4910","770","154","202","30","2019","Fer","Invernale","9.162155141","45.480836572","POINT (9.162155141 45.480836572)"
"C_nov 2019","2.823","S01782","LO","BS","Vello","17106","Marone","Iseo - Pisogne","10","0","3","10","20","0","10","0","0","20","0","2019","Fer","Invernale","10.083908147","45.752417679","POINT (10.083908147 45.752417679)"
"C_nov 2022","2.783","S01066","LO","MI","Milano Nord Cadorna","15146","Milano","Milano Nord Cadorna - Sar","2560","16930","60","38620","443","12150","19830","6660","140","207","96","2022","Feriale","Invernale","9.175179183","45.468514231","POINT (9.175179183 45.468514231)"
"C_Luglio2023","2.729","S01076","LO","VA","Caronno Pertusella","12034","Caronno Pertusella","Milano Nord Cadorna - Sar","260","70","16","640","133","640","0","0","133","0","0","2023","Feriale","estivo","9.058328414","45.598187372","POINT (9.058328414 45.598187372)"
"C_Luglio2023","2.715","S01778","LO","BS","Boario Terme","17065","Darfo Boario Terme","Pisogne - Breno","10","10","2","200","30","0","100","110","0","19","11","2023","Feriale","estivo","10.190958686","45.892043214","POINT (10.190958686 45.892043214)"
"C_nov 2016","285","S01863","LO","PV","ALBUZZANO","18004","Albuzzano","PAVIA-CASALPUST.","10","0","5","20","27","0","20","0","0","27","0","2016","Fer","Invernale","9.261661322","4.517259006","POINT (9.261661322 45.17259006)"
"C_Luglio2023","213","S01537","LO","BG","GRUMELLO DEL MONTE","16120","Grumello del Monte","LECCO-BRESCIA","120","70","5","520","39","0","520","0","0","39","0","2023","Feriale","estivo","0.986279802","45.634179821","POINT (9.86279802 45.634179821)"
"C_Novembre2023","73","S01026","LO","VA","SESTO CALENDE","12120","Sesto Calende","DOMODOSSOLA-MILANO","510","150","8","1320","51","0","770","560","0","33","18","2023","Feriale","Invernale","0.862816964","45.726314213","POINT (8.62816964 45.726314213)"
"C_nov 2015","2.816","S01728","LO","VA","Tradate Abbiate Guazzone","12127","Tradate","Saronno - Varese Nord","190","60","8","440","61","0","440","0","0","61","0","2015","Fer","Invernale","8.918610359","45.701903031","POINT (8.918610359 45.701903031)"
"C_Novembre2023","272","S01844","LO","BS","VISANO","17203","Visano","BRESCIA-PARMA","60","50","4","220","31","0","220","0","0","31","0","2023","Feriale","Invernale","10.363129196","45.315389802","POINT (10.363129196 45.315389802)"
"C_Luglio2023","226","S01610","LO","CR","MADIGNANO","19055","Madignano","BERGAMO-CREMONA","20","10","4","90","34","0","90","0","0","34","0","2023","Feriale","estivo","9.730205146","45.343905446","POINT (9.730205146 45.343905446)"
"C_nov 2021","139","S01408","LO","LC","DERVIO","97030","Dervio","TIRANO-MILANO Lc-So","20","10","2","200","26","0","190","10","0","23","3","2021","Feriale","Invernale","9.305992528","46.077782965","POINT (9.305992528 46.077782965)"
"C_Luglio2023","179","S01482","LO","MI","BUTTAFAVA","108049","Villasanta","MONZA-LECCO","50","10","6","110","44","110","0","10","41","1","2","2023","Feriale","estivo","9.301221362","45.621491933","POINT (9.301221362 45.621491933)"
"C_nov 2021","2.910","S01112","LO","MI","Cesano Boscone","15074","Cesano Boscone","MILANO-MORTARA-AL","100","80","9","400","61","390","10","0","59","2","0","2021","Feriale","Invernale","0.909119676","45.430270342","POINT (9.09119676 45.430270342)"
"C_nov 2018","107","S01144","LO","VA","MORNAGO CIMBRO","12106","Mornago","LUINO-GALLARATE","100","30","5","190","30","0","190","0","0","30","0","2018","Fer","Invernale","8.734232423","45.729818919","POINT (8.734232423 45.729818919)"
"C_nov 2018","209","S01533","LO","BG","SERIATE","16198","Seriate","LECCO-BRESCIA","90","50","5","310","36","0","310","0","0","36","0","2018","Fer","Invernale","9.724660449","45.683226571","POINT (9.724660449 45.683226571)"
"C_nov 2015","177","S01480","LO","MI","MONZA SOBBORGHI","108033","Monza","MONZA-LECCO","210","100","6","480","40","480","0","0","40","0","0","2015","Fer","Invernale","9.284488422","45.582043348","POINT (9.284488422 45.582043348)"
"C_nov 2015","301","S01911","LO","CR","PIZZIGHETTONE","19076","Pizzighettone","CODOGNO-MANTOVA","0","0","2","10","24","0","10","0","0","23","1","2015","Fer","Invernale","9.777166532","45.181857545","POINT (9.777166532 45.181857545)"
"C_Novembre2023","240","S01709","LO","BG","VIDALENGO","16053","Caravaggio","MILANO-VENEZIA","60","30","5","130","31","0","130","0","0","31","0","2023","Feriale","Invernale","0.963970536","45.517936977","POINT (9.63970536 45.517936977)"
"C_nov 2022","112","S01204","LO","VA","INDUNO OLONA","12083","Induno Olona","PORTO C.-GALLARATE","310","120","11","830","101","550","0","290","67","0","34","2022","Feriale","Invernale","8.838391122","45.846513143","POINT (8.838391122 45.846513143)"
"C_nov 2022","157","S01433","LO","SO","POGGIRIDENTI-TRESIVIO","14051","Poggiridenti","TIRANO-MILANO So-Tir","20","0","1","20","5","0","10","20","0","4","1","2022","Feriale","Invernale","9.933843175","46.166961926","POINT (9.933843175 46.166961926)"
"C_nov 2016","122","S01313","LO","CO","CANTU'-CERMENATE","13064","Cermenate","CHIASSO-MILANO","330","70","10","720","72","610","0","110","69","0","3","2016","Fer","Invernale","9.099312432","45.716313773","POINT (9.099312432 45.716313773)"
"C_Luglio2023","247","S01717","LO","BS","BRESCIA","17029","Brescia","MILANO-VENEZIA","1350","1910","31","9320","216","0","4280","5050","0","166","50","2023","Feriale","estivo","10.212859202","4.553239364","POINT (10.212859202 45.53239364)"
"C_Luglio2023","174","S01461","LO","LC","SALA AL BARRO-GALBIATE","97036","Galbiate","MONZA-LECCO","20","20","7","80","37","70","10","0","34","3","0","2023","Feriale","estivo","9.359251698","45.821167176","POINT (9.359251698 45.821167176)"
"C_Novembre2023","81","S01035","LO","MI","PARABIAGO","15168","Parabiago","DOMODOSSOLA-MILANO","1350","380","11","2940","69","2520","310","120","66","2","1","2023","Feriale","Invernale","8.946358229","4.555251981","POINT (8.946358229 45.55251981)"
"C_Novembre2023","2.761","S01745","LO","VA","Gemonio","12074","Gemonio","Varese Nord - Laveno Momb","190","30","6","420","40","0","160","260","0","23","17","2023","Feriale","Invernale","0.867388218","45.877604611","POINT (8.67388218 45.877604611)"
"C_nov 2015","2.767","S01094","LO","CO","Lambrugo-Lurago","13121","Lambrugo","Seveso - Asso","130","20","8","280","52","0","280","0","0","52","0","2015","Fer","Invernale","9.238491713","45.761639869","POINT (9.238491713 45.761639869)"
"C_nov 2018","158","S01434","LO","SO","PONTE IN VALTELLINA","14052","Ponte in Valtellina","TIRANO-MILANO So-Tir","10","10","1","40","14","0","40","10","0","9","5","2018","Fer","Invernale","9.975919439","46.162708899","POINT (9.975919439 46.162708899)"
"C_nov 2015","256","S01810","PI","AL","TORTONA","6174","Tortona","MILANO-GENOVA","320","30","2","670","19","0","0","670","0","0","19","2015","FER","Invernale","0.886181929","4.490006568","POINT (8.86181929 44.90006568)"
"C_nov 2021","210","S01534","LO","BG","ALBANO S.ALESSANDRO","16003","Albano Sant'Alessandro","LECCO-BRESCIA","90","30","5","260","34","0","260","0","0","34","0","2021","Feriale","Invernale","9.768053847","45.682821561","POINT (9.768053847 45.682821561)"
"C_nov 2017","146","S01416","LO","LC","ABBADIA LARIANA","97001","Abbadia Lariana","TIRANO-MILANO Lc-So","100","30","4","190","28","0","160","30","0","26","2","2017","Fer","Invernale","9.335204987","45.895939932","POINT (9.335204987 45.895939932)"
"C_nov 2020","206","S01527","LO","BG","AMBIVERE-MAPELLO","16009","Ambivere","LECCO-BRESCIA","40","30","4","130","31","0","130","0","0","31","0","2020","Feriale","Invernale","9.550472449","45.722244877","POINT (9.550472449 45.722244877)"
"C_Novembre2023","2.777","S01087","LO","MI","Meda","108030","Meda","Seveso - Asso","280","400","8","800","61","100","710","0","9","52","0","2023","Feriale","Invernale","9.159047744","4.566230355","POINT (9.159047744 45.66230355)"
"C_nov 2018","5.854","S01109","LO","MI","Cormano-Cusano Milanino","15098","Cusano Milanino","Milano Nord Bovisa - Seve","1400","280","16","3130","134","3130","0","0","134","0","0","2018","Fer","Invernale","9.173714792","45.545195079","POINT (9.173714792 45.545195079)"
"C_nov 2019","2.975","S01206","LO","VA","Cantello Gaggiolo","12030","Cantello","Mendrisio-Varese","200","50","8","680","70","680","0","0","70","0","0","2019","Fer","Invernale","8.906974756","45.837723396","POINT (8.906974756 45.837723396)"
"C_Novembre2023","180","S01483","LO","MI","BIASSONO-LESMO","108009","Biassono","MONZA-LECCO","190","30","6","310","40","310","0","0","40","0","0","2023","Feriale","Invernale","9.298437032","45.632291281","POINT (9.298437032 45.632291281)"
"C_Novembre2023","149","S01422","LO","SO","DELEBIO","14026","Delebio","TIRANO-MILANO Lc-So","80","30","3","260","22","0","260","0","0","22","0","2023","Feriale","Invernale","9.461205764","46.138723845","POINT (9.461205764 46.138723845)"
"C_nov 2016","46","S00404","LO","PV","FERRERA LOMELLINA","18062","Ferrera Erbognone","CAVA C.-TORREBER","30","10","4","70","26","0","70","0","0","26","0","2016","Fer","Invernale","8.862842274","45.111893407","POINT (8.862842274 45.111893407)"
"C_nov 2018","224","S01607","LO","CR","SORESINA","19098","Soresina","BERGAMO-CREMONA","120","40","5","380","36","0","380","0","0","36","0","2018","Fer","Invernale","9.856662219","45.283167819","POINT (9.856662219 45.283167819)"
"C_nov 2015","223","S01606","LO","CR","CASTELLEONE","19025","Castelleone","BERGAMO-CREMONA","160","40","5","420","37","0","420","0","0","37","0","2015","FER","Invernale","9.767822253","45.301905969","POINT (9.767822253 45.301905969)"
"C_nov 2019","143","S01413","LO","LC","LIERNA","97043","Lierna","TIRANO-MILANO Lc-So","80","30","3","220","27","0","190","30","0","25","2","2019","Fer","Invernale","9.303109353","45.961043911","POINT (9.303109353 45.961043911)"
"C_nov 2020","241","S01710","LO","BG","MORENGO-BARIANO","16020","Bariano","MILANO-VENEZIA","20","20","5","80","30","0","80","0","0","30","0","2020","Feriale","Invernale","9.703143454","45.521713564","POINT (9.703143454 45.521713564)"
"C_Luglio2023","10","S00039","LO","PV","TORREBERETTI","18156","Torre Beretti e Castellaro","MILANO-MORTARA-AL","20","10","5","60","35","0","60","0","0","35","0","2023","Feriale","estivo","8.660466652","45.060615837","POINT (8.660466652 45.060615837)"
"C_nov 2017","247","S01717","LO","BS","BRESCIA","17029","Brescia","MILANO-VENEZIA","1700","3220","32","12370","213","0","7080","5300","0","166","47","2017","Fer","Invernale","10.212859202","4.553239364","POINT (10.212859202 45.53239364)"
"C_Novembre2023","196","S01512","LO","LC","OSNAGO","97061","Osnago","TIRANO-MILANO Mz-Lc","530","120","8","1260","72","1260","0","0","72","0","0","2023","Feriale","Invernale","9.387021835","45.678609287","POINT (9.387021835 45.678609287)"
"C_nov 2019","39","S00277","LO","PV","GROPELLO CAIROLI","18076","Gropello Cairoli","VERCELLI-PAVIA","120","20","3","180","20","0","180","0","0","20","0","2019","Fer","Invernale","8.991656466","4.517318205","POINT (8.991656466 45.17318205)"
"C_nov 2021","244","S01713","LO","BS","CHIARI","17052","Chiari","MILANO-VENEZIA","430","150","9","1390","65","0","600","790","0","31","34","2021","Feriale","Invernale","9.926507709","45.540192478","POINT (9.926507709 45.540192478)"
"C_nov 2019","173","S01460","LO","LC","OGGIONO","97057","Oggiono","MONZA-LECCO","240","200","8","880","41","750","130","0","36","5","0","2019","Fer","Invernale","9.337510786","45.789065364","POINT (9.337510786 45.789065364)"
"C_nov 2020","2.714","S01929","LO","MI","Seveso Baruccana","108040","Seveso","Saronno - Seregno","30","20","6","140","48","140","0","0","48","0","0","2020","Feriale","Invernale","9.162510091","4.563793739","POINT (9.162510091 45.63793739)"
"C_nov 2015","2.910","S01112","LO","MI","Cesano Boscone","15074","Cesano Boscone","MILANO-MORTARA-AL","120","90","8","410","73","410","10","0","69","4","0","2015","FER","Invernale","0.909119676","45.430270342","POINT (9.09119676 45.430270342)"
"C_Luglio2023","322","S01944","LO","PV","BRONI","18024","Broni","ALESS.-PIACENZA","40","30","3","280","32","0","280","0","0","32","0","2023","Feriale","estivo","9.258788494","45.066345425","POINT (9.258788494 45.066345425)"
"C_Luglio2023","2.824","S01734","LO","VA","Venegono Inferiore","12136","Venegono Inferiore","Saronno - Varese Nord","120","150","8","500","59","0","500","0","0","59","0","2023","Feriale","estivo","8.895091616","45.736654968","POINT (8.895091616 45.736654968)"
"C_Novembre2023","179","S01482","LO","MI","BUTTAFAVA","108049","Villasanta","MONZA-LECCO","100","20","6","170","40","170","0","0","40","0","0","2023","Feriale","Invernale","9.301221362","45.621491933","POINT (9.301221362 45.621491933)"
"C_nov 2019","231","S01645","LO","MI","MILANO PORTA GARIBALDI","15146","Milano","TORINO-MILANO","3580","12750","56","37330","399","20080","10250","7000","192","130","77","2019","Fer","Invernale","9.186422092","45.485345292","POINT (9.186422092 45.485345292)"
"C_nov 2021","76","S01029","LO","VA","CASORATE SEMPIONE","12039","Casorate Sempione","DOMODOSSOLA-MILANO","110","40","5","310","32","0","310","0","0","32","0","2021","Feriale","Invernale","8.743986914","45.675152648","POINT (8.743986914 45.675152648)"
"C_nov 2019","802","S02082","LO","BS","PONTE S.MARCO-CALCINATO","17032","Calcinato","MILANO-VENEZIA","10","10","1","10","2","0","10","0","0","2","0","2019","Fer","Invernale","10.409042317","45.473866879","POINT (10.409042317 45.473866879)"
"C_nov 2016","2.718","S01797","LO","BS","Borgo S. Giovanni","17029","Brescia","Brescia - Iseo","20","40","6","60","37","0","60","0","0","37","0","2016","Fer","Invernale","10.190716021","45.543253206","POINT (10.190716021 45.543253206)"
"C_Luglio2023","230","S01640","LO","MI","MILANO CERTOSA","15146","Milano","TORINO-MILANO","870","1000","23","4530","174","4510","20","0","169","3","2","2023","Feriale","estivo","0.913393857","45.507007737","POINT (9.13393857 45.507007737)"
"C_nov 2016","44","S00402","LO","PV","PIEVE ALBIGNOLA","18112","Pieve Albignola","CAVA C.-TORREBER","20","10","4","70","26","0","70","0","0","26","0","2016","Fer","Invernale","8.959758126","45.116329989","POINT (8.959758126 45.116329989)"
"C_nov 2015","2.791","S01793","LO","BS","Passirano","17136","Passirano","Brescia - Iseo","140","20","6","190","37","0","190","0","0","37","0","2015","Fer","Invernale","1.006368133","45.590113375","POINT (10.06368133 45.590113375)"
"C_nov 2017","2.819","S01084","LO","MI","Varedo","108045","Varedo","Milano Nord Bovisa - Seve","880","150","16","1960","135","1960","0","0","135","0","0","2017","Fer","Invernale","9.153183844","45.595435441","POINT (9.153183844 45.595435441)"
"C_nov 2020","234","S01703","LO","MI","PIOLTELLO-LIMITO","15175","Pioltello","MILANO-VENEZIA","630","530","33","2750","237","1730","220","820","130","29","78","2020","Feriale","Invernale","9.329349311","45.485909836","POINT (9.329349311 45.485909836)"
"C_nov 2021","156","S01430","LO","SO","SONDRIO","14061","Sondrio","TIRANO-MILANO Lc-So","140","810","6","1680","52","0","850","840","0","24","28","2021","Feriale","Invernale","0.987296139","46.167141595","POINT (9.87296139 46.167141595)"
"C_nov 2021","307","S01917","LO","CR","GAZZO-PIEVE S.GIACOMO","19075","Pieve San Giacomo","CODOGNO-MANTOVA","40","10","1","50","8","0","50","10","0","7","1","2021","Feriale","Invernale","1.018994286","45.137237048","POINT (10.18994286 45.137237048)"
"C_nov 2017","45","S00403","LO","PV","SANNAZZARO","18138","Sannazzaro de' Burgondi","CAVA C.-TORREBER","90","40","4","380","26","0","380","0","0","26","0","2017","Fer","Invernale","8.905182695","45.105626227","POINT (8.905182695 45.105626227)"
"C_nov 2020","181","S01484","LO","MI","MACHERIO CANONICA","108029","Macherio","MONZA-LECCO","20","10","6","40","40","40","0","0","40","0","0","2020","Feriale","Invernale","9.286771042","45.645615415","POINT (9.286771042 45.645615415)"
"C_Novembre2023","299","S01905","LO","CR","OLMENETA","19063","Olmeneta","BRESCIA-CREMONA","80","30","8","240","67","0","240","0","0","67","0","2023","Feriale","Invernale","10.031972373","45.231184025","POINT (10.031972373 45.231184025)"
"C_nov 2018","2.785","S01726","LO","CO","Mozzate","13159","Mozzate","Saronno - Varese Nord","470","60","8","990","58","0","990","10","0","57","1","2018","Fer","Invernale","8.955224279","45.677788011","POINT (8.955224279 45.677788011)"
"C_nov 2018","293","S01871","LO","LO","OSPEDALETTO LODIGIANO","98043","Ospedaletto Lodigiano","PAVIA-CASALPUST.","40","10","3","140","28","0","140","0","0","28","0","2018","Fer","Invernale","9.575189061","45.169411515","POINT (9.575189061 45.169411515)"
"C_Luglio2023","113","S01205","LO","VA","VARESE","12133","Varese","PORTO C.-GALLARATE","650","730","19","4090","148","2380","0","1710","110","0","38","2023","Feriale","estivo","0.883313115","45.816277257","POINT (8.83313115 45.816277257)"
"C_Novembre2023","44","S00402","LO","PV","PIEVE ALBIGNOLA","18112","Pieve Albignola","CAVA C.-TORREBER","40","30","4","150","24","0","150","0","0","24","0","2023","Feriale","Invernale","8.959758126","45.116329989","POINT (8.959758126 45.116329989)"
"C_Novembre2023","2.718","S01797","LO","BS","Borgo S. Giovanni","17029","Brescia","Brescia - Iseo","30","30","6","110","34","0","110","0","0","34","0","2023","Feriale","Invernale","10.190716021","45.543253206","POINT (10.190716021 45.543253206)"
"C_nov 2017","145","S01415","LO","LC","MANDELLO DEL LARIO","97046","Mandello del Lario","TIRANO-MILANO Lc-So","210","70","3","640","33","0","480","170","0","26","7","2017","Fer","Invernale","9.322094648","45.915283559","POINT (9.322094648 45.915283559)"
"C_nov 2016","2.779","S01078","LO","MI","Milano Affori","15146","Milano","Milano Nord Bovisa - Seve","900","2550","24","5980","187","4040","1950","0","136","51","0","2016","Fer","Invernale","9.167411293","45.521142914","POINT (9.167411293 45.521142914)"
"C_Novembre2023","115","S01208","LO","VA","CASTRONNO","12047","Castronno","PORTO C.-GALLARATE","260","40","8","580","68","550","0","30","67","0","1","2023","Feriale","Invernale","8.810338911","45.745312285","POINT (8.810338911 45.745312285)"
"C_nov 2018","245","S01714","LO","BS","ROVATO","17166","Rovato","MILANO-VENEZIA","680","220","15","2200","103","0","1250","960","0","71","32","2018","Fer","Invernale","10.000952147","45.552008269","POINT (10.000952147 45.552008269)"
"C_nov 2017","311","S01921","LO","MN","MARCARIA","20031","Marcaria","CODOGNO-MANTOVA","40","10","3","60","20","0","50","20","0","17","3","2017","Fer","Invernale","10.533674343","45.124599549","POINT (10.533674343 45.124599549)"
"C_nov 2015","144","S01414","LO","LC","OLCIO","97046","Mandello del Lario","TIRANO-MILANO Lc-So","30","10","4","50","27","0","50","10","0","26","1","2015","Fer","Invernale","9.313931929","45.938086276","POINT (9.313931929 45.938086276)"
"C_nov 2020","2.820","S01738","LO","VA","Varese Nord","12133","Varese","Saronno - Varese Nord","360","320","12","1280","70","0","930","360","0","56","14","2020","Feriale","Invernale","8.834307422","4.581847437","POINT (8.834307422 45.81847437)"
"C_nov 2017","83","S01037","LO","MI","RHO","15182","Rho","TORINO-MILANO","1910","860","20","6430","177","6430","0","0","177","0","0","2017","Fer","Invernale","9.043583998","45.523927896","POINT (9.043583998 45.523927896)"
"C_nov 2016","183","S01486","LO","MI","CARATE-CALO'","108015","Carate Brianza","MONZA-LECCO","20","10","7","50","40","50","0","0","40","0","0","2016","Fer","Invernale","9.252340508","4.567652894","POINT (9.252340508 45.67652894)"
"C_nov 2018","2.730","S01091","LO","CO","Carugo-Giussano","13048","Carugo","Seveso - Asso","430","100","7","880","50","0","880","0","0","50","0","2018","Fer","Invernale","9.198950125","45.705742211","POINT (9.198950125 45.705742211)"
"C_nov 2017","144","S01414","LO","LC","OLCIO","97046","Mandello del Lario","TIRANO-MILANO Lc-So","30","10","3","50","26","0","40","10","0","25","1","2017","Fer","Invernale","9.313931929","45.938086276","POINT (9.313931929 45.938086276)"
"C_Luglio2023","75","S01028","LO","VA","SOMMA LOMBARDO","12123","Somma Lombardo","DOMODOSSOLA-MILANO","140","70","5","510","32","0","510","0","0","32","0","2023","Feriale","estivo","8.713033505","45.686501084","POINT (8.713033505 45.686501084)"
"C_nov 2018","2.756","S01760","LO","CO","Fino Mornasco","13102","Fino Mornasco","Saronno - Como","380","100","8","1060","61","0","1050","10","0","60","1","2018","Fer","Invernale","9.047021129","45.746532082","POINT (9.047021129 45.746532082)"
"C_nov 2018","5.835","S01032","LO","MI","Milano Romolo","15146","Milano","MILANO-MORTARA-AL","340","950","8","2110","69","2110","0","0","69","0","0","2018","Fer","Invernale","9.159273436","4.544587573","POINT (9.159273436 45.44587573)"
"C_nov 2021","125","S01318","LO","MI","SEREGNO","108039","Seregno","CHIASSO-MILANO","1560","710","24","4590","166","3440","0","1150","132","0","34","2021","Feriale","Invernale","9.202885996","45.646087713","POINT (9.202885996 45.646087713)"
"C_nov 2021","315","S01930","LO","PV","BRESSANA ARGINE","18023","Bressana Bottarone","PAVIA-STRADELLA","80","30","4","180","26","0","180","0","0","26","0","2021","Feriale","Invernale","9.137068363","45.072826093","POINT (9.137068363 45.072826093)"
"C_nov 2021","296","S01902","LO","BS","MANERBIO","17103","Manerbio","BRESCIA-CREMONA","110","20","3","310","28","0","310","0","0","28","0","2021","Feriale","Invernale","10.132373607","45.357291955","POINT (10.132373607 45.357291955)"
"C_Novembre2023","121","S01312","LO","CO","CUCCIAGO","13084","Cucciago","CHIASSO-MILANO","140","30","8","380","71","380","0","0","71","0","0","2023","Feriale","Invernale","9.082243395","45.740890259","POINT (9.082243395 45.740890259)"
"C_Novembre2023","313","S01923","LO","MN","CASTELLUCCHIO","20016","Castellucchio","CODOGNO-MANTOVA","50","20","4","160","28","0","50","120","0","7","21","2023","Feriale","Invernale","10.647514805","45.144370088","POINT (10.647514805 45.144370088)"
"C_Novembre2023","320","S01942","LO","PV","CASTEGGIO","18037","Casteggio","ALESS.-PIACENZA","0","0","0","20","6","0","20","0","0","6","0","2023","Feriale","Invernale","9.124623708","4.501745237","POINT (9.124623708 45.01745237)"
"C_nov 2016","2.793","S01780","LO","BS","Piancamuno-Gratacasolo","17142","Pian Camuno","Pisogne - Breno","20","10","3","30","19","0","30","0","0","19","0","2016","Fer","Invernale","10.138337016","45.839909876","POINT (10.138337016 45.839909876)"
"C_nov 2015","5.833","S01791","LO","BS","Rovato Città","17166","Rovato","Bornato - Rovato","10","10","4","20","16","0","20","0","0","16","0","2015","Fer","Invernale","10.005993837","45.565816711","POINT (10.005993837 45.565816711)"
"C_nov 2015","259","S01822","LO","MI","MELEGNANO","15140","Melegnano","MILANO-BOLOGNA","680","210","8","2050","76","2040","10","0","75","1","0","2015","FER","Invernale","0.009319302","45.356405865","POINT (9.319302 45.356405865)"
"C_nov 2018","80","S01034","LO","MI","CANEGRATE","15046","Canegrate","DOMODOSSOLA-MILANO","620","220","9","1870","75","1750","120","0","74","1","0","2018","Fer","Invernale","8.926634655","45.569313656","POINT (8.926634655 45.569313656)"
"C_nov 2016","283","S01861","LO","PV","PAVIA PORTA GARIBALDI","18110","Pavia","PAVIA-CASALPUST.","20","210","4","240","27","0","240","0","0","27","0","2016","Fer","Invernale","9.167359084","45.184073158","POINT (9.167359084 45.184073158)"
"C_nov 2018","283","S01861","LO","PV","PAVIA PORTA GARIBALDI","18110","Pavia","PAVIA-CASALPUST.","20","240","4","250","27","0","250","0","0","27","0","2018","Fer","Invernale","9.167359084","45.184073158","POINT (9.167359084 45.184073158)"
"C_nov 2020","2.772","S01737","LO","VA","Malnate","12096","Malnate","Saronno - Varese Nord","140","60","11","460","66","0","370","90","0","54","12","2020","Feriale","Invernale","8.878340888","45.795307714","POINT (8.878340888 45.795307714)"
"C_nov 2018","2.775","S01089","LO","CO","Mariano Comense","13143","Mariano Comense","Seveso - Asso","680","380","9","1990","55","70","1930","0","4","51","0","2018","Fer","Invernale","0.918152941","45.693595207","POINT (9.18152941 45.693595207)"
"C_nov 2020","154","S01428","LO","SO","S.PIETRO BERBENNO","14007","Berbenno di Valtellina","TIRANO-MILANO Lc-So","20","10","4","60","20","0","60","0","0","20","0","2020","Feriale","Invernale","9.740521601","46.161425271","POINT (9.740521601 46.161425271)"
"C_Luglio2023","293","S01871","LO","LO","OSPEDALETTO LODIGIANO","98043","Ospedaletto Lodigiano","PAVIA-CASALPUST.","10","10","2","130","22","0","130","0","0","22","0","2023","Feriale","estivo","9.575189061","45.169411515","POINT (9.575189061 45.169411515)"
"C_Novembre2023","37","S00275","LO","PV","TROMELLO","18164","Tromello","VERCELLI-PAVIA","40","20","3","200","25","0","200","0","0","25","0","2023","Feriale","Invernale","8.872184279","45.212069548","POINT (8.872184279 45.212069548)"
"C_nov 2019","38","S00276","LO","PV","GARLASCO","18069","Garlasco","VERCELLI-PAVIA","200","30","4","290","20","0","290","0","0","20","0","2019","Fer","Invernale","8.926867354","45.199033929","POINT (8.926867354 45.199033929)"
"C_nov 2022","2.762","S01724","LO","VA","Gerenzano-Turate","12075","Gerenzano","Saronno - Varese Nord","650","80","8","1470","59","0","1470","0","0","59","0","2022","Feriale","Invernale","9.001531027","45.645585349","POINT (9.001531027 45.645585349)"
"C_nov 2021","39","S00277","LO","PV","GROPELLO CAIROLI","18076","Gropello Cairoli","VERCELLI-PAVIA","60","20","4","110","25","0","110","0","0","25","0","2021","Feriale","Invernale","8.991656466","4.517318205","POINT (8.991656466 45.17318205)"
"C_nov 2015","283","S01861","LO","PV","PAVIA PORTA GARIBALDI","18110","Pavia","PAVIA-CASALPUST.","20","210","4","220","29","0","220","0","0","29","0","2015","FER","Invernale","9.167359084","45.184073158","POINT (9.167359084 45.184073158)"
"C_nov 2021","2.740","S01075","LO","MI","Cesate","15076","Cesate","Milano Nord Cadorna - Sar","560","120","14","1290","114","1290","0","0","114","0","0","2021","Feriale","Invernale","9.066684079","45.590910137","POINT (9.066684079 45.590910137)"
"C_nov 2015","136","S01405","LO","SO","DUBINO","14027","Dubino","CHIAVENNA-COLICO","40","10","3","100","30","0","100","0","0","30","0","2015","Fer","Invernale","0.943221491","4.617287979","POINT (9.43221491 46.17287979)"
"C_nov 2022","2.817","S01751","LO","MI","Turbigo","15226","Turbigo","Saronno - Novara","360","70","6","810","34","0","810","0","0","34","0","2022","Feriale","Invernale","8.738913891","45.528044364","POINT (8.738913891 45.528044364)"
"C_nov 2020","2.752","S01006","LO","BS","Darfo-Corna","17065","Darfo Boario Terme","Pisogne - Breno","20","20","4","90","30","0","60","40","0","17","13","2020","Feriale","Invernale","10.181314081","45.884311375","POINT (10.181314081 45.884311375)"
"C_nov 2022","273","S01845","LO","BS","REMEDELLO SOPRA","17160","Remedello","BRESCIA-PARMA","30","90","4","190","26","0","190","0","0","26","0","2022","Feriale","Invernale","10.379240842","45.278565103","POINT (10.379240842 45.278565103)"
"C_nov 2018","185","S01488","LO","MI","BESANA","108008","Besana in Brianza","MONZA-LECCO","250","90","6","670","40","670","0","0","40","0","0","2018","Fer","Invernale","0.928291338","45.702901578","POINT (9.28291338 45.702901578)"
"C_Luglio2023","44","S00402","LO","PV","PIEVE ALBIGNOLA","18112","Pieve Albignola","CAVA C.-TORREBER","10","10","4","30","24","0","30","0","0","24","0","2023","Feriale","estivo","8.959758126","45.116329989","POINT (8.959758126 45.116329989)"
"C_nov 2021","2.749","S01765","LO","CO","Como Nord Lago","13075","Como","Saronno - Como","200","480","8","1930","63","0","1820","120","0","60","3","2021","Feriale","Invernale","9.084320036","45.813688508","POINT (9.084320036 45.813688508)"
"C_nov 2017","2.859","S01139","LO","VA","Malpensa Aeroporto T1","12140","Vizzola Ticino","Busto Arsizio - Malpensa","550","880","18","4620","150","0","1330","3290","0","41","109","2017","Fer","Invernale","8.711317166","45.626885232","POINT (8.711317166 45.626885232)"
"C_nov 2019","188","S01491","LO","LC","COSTA MASNAGA","97026","Costa Masnaga","MONZA-LECCO","170","50","8","380","38","380","0","0","38","0","0","2019","Fer","Invernale","0.928526064","45.763506456","POINT (9.28526064 45.763506456)"
"C_nov 2021","248","S01801","LO","MI","LOCATE TRIULZI","15125","Locate di Triulzi","MILANO-GENOVA","520","190","8","2010","70","2000","0","10","69","0","1","2021","Feriale","Invernale","9.221434768","45.359805985","POINT (9.221434768 45.359805985)"
"C_Luglio2023","2.714","S01929","LO","MI","Seveso Baruccana","108040","Seveso","Saronno - Seregno","10","10","1","80","14","80","0","0","14","0","0","2023","Feriale","estivo","9.162510091","4.563793739","POINT (9.162510091 45.63793739)"
"C_Luglio2023","2.861","S01639","LO","MI","MILANO VILLAPIZZONE","15146","Milano","PASSANTE","630","570","26","2920","192","2600","90","250","168","9","15","2023","Feriale","estivo","9.150254378","45.502301332","POINT (9.150254378 45.502301332)"
"C_nov 2015","2.777","S01087","LO","MI","Meda","108030","Meda","Seveso - Asso","630","370","10","1640","62","90","1550","0","10","52","0","2015","Fer","Invernale","9.159047744","4.566230355","POINT (9.159047744 45.66230355)"
"C_nov 2022","264","S01827","LO","LO","CASALPUSTERLENGO","98010","Casalpusterlengo","MILANO-BOLOGNA","450","260","9","1740","62","0","1730","20","0","60","2","2022","Feriale","Invernale","9.653655261","45.182559249","POINT (9.653655261 45.182559249)"
"C_nov 2017","2.741","S01772","LO","BS","Ceto-Cerveno","17050","Ceto","Breno - Edolo","10","0","2","10","3","0","10","0","0","3","0","2017","Fer","Invernale","10.339003482","45.996851549","POINT (10.339003482 45.996851549)"
"C_nov 2017","193","S01504","LO","BG","TERNO","16213","Terno d'Isola","SEREGNO-BERGAMO","500","90","8","1060","50","0","1060","0","0","50","0","2017","Fer","Invernale","9.536197341","45.688730968","POINT (9.536197341 45.688730968)"
"C_Luglio2023","210","S01534","LO","BG","ALBANO S.ALESSANDRO","16003","Albano Sant'Alessandro","LECCO-BRESCIA","30","20","5","100","36","0","100","0","0","36","0","2023","Feriale","estivo","9.768053847","45.682821561","POINT (9.768053847 45.682821561)"
"C_nov 2016","2.747","S01764","LO","CO","Como Nord Borghi","13075","Como","Saronno - Como","530","740","10","2340","68","0","2020","330","0","58","10","2016","Fer","Invernale","0.909095794","45.804910086","POINT (9.09095794 45.804910086)"
"C_nov 2021","260","S01823","LO","MI","S.ZENONE AL LAMBRO","15202","San Zenone al Lambro","MILANO-BOLOGNA","350","80","6","860","65","860","0","0","65","0","0","2021","Feriale","Invernale","9.361288898","45.337904599","POINT (9.361288898 45.337904599)"
"C_nov 2018","39","S00277","LO","PV","GROPELLO CAIROLI","18076","Gropello Cairoli","VERCELLI-PAVIA","130","20","4","220","28","0","220","0","0","28","0","2018","Fer","Invernale","8.991656466","4.517318205","POINT (8.991656466 45.17318205)"
"C_nov 2022","309","S01919","LO","CR","PIADENA","19071","Piadena","CODOGNO-MANTOVA","190","70","7","830","62","0","430","410","0","41","21","2022","Feriale","Invernale","10.369987543","45.127689005","POINT (10.369987543 45.127689005)"
"C_nov 2018","2.762","S01724","LO","VA","Gerenzano-Turate","12075","Gerenzano","Saronno - Varese Nord","660","90","8","1370","58","0","1360","10","0","57","1","2018","Fer","Invernale","9.001531027","45.645585349","POINT (9.001531027 45.645585349)"
"C_nov 2017","107","S01144","LO","VA","MORNAGO CIMBRO","12106","Mornago","LUINO-GALLARATE","90","30","4","130","18","0","130","0","0","18","0","2017","Fer","Invernale","8.734232423","45.729818919","POINT (8.734232423 45.729818919)"
"C_nov 2019","127","S01321","LO","MI","LISSONE-MUGGIO'","108028","Lissone","CHIASSO-MILANO","1240","450","17","3880","139","3870","0","20","138","0","1","2019","Fer","Invernale","9.235404174","45.605998474","POINT (9.235404174 45.605998474)"
"C_nov 2021","169","S01454","LO","CO","MERONE","13147","Merone","ALBATE-MOLTENO","170","50","10","510","70","0","510","0","0","70","0","2021","Feriale","Invernale","9.243809899","4.578144619","POINT (9.243809899 45.78144619)"
"C_nov 2022","2.719","S01788","LO","BS","Borgonato Adro","17062","Corte Franca","Brescia - Iseo","30","10","5","90","37","0","90","0","0","37","0","2022","Feriale","Invernale","10.020113024","45.622225521","POINT (10.020113024 45.622225521)"
"C_nov 2016","271","S01843","LO","BS","CALVISANO","17034","Calvisano","BRESCIA-PARMA","50","20","4","150","24","0","150","0","0","24","0","2016","Fer","Invernale","10.349435029","45.346652138","POINT (10.349435029 45.346652138)"
"C_nov 2018","300","S01910","LO","LO","MALEO","98035","Maleo","CODOGNO-MANTOVA","10","0","3","20","17","0","20","0","0","16","1","2018","Fer","Invernale","9.755227418","45.170199162","POINT (9.755227418 45.170199162)"
"C_Novembre2023","293","S01871","LO","LO","OSPEDALETTO LODIGIANO","98043","Ospedaletto Lodigiano","PAVIA-CASALPUST.","50","20","2","220","22","0","220","0","0","22","0","2023","Feriale","Invernale","9.575189061","45.169411515","POINT (9.575189061 45.169411515)"
"C_nov 2018","2.784","S01740","LO","VA","Morosolo-Casciago","12038","Casciago","Varese Nord - Laveno Momb","160","40","8","310","43","0","100","220","0","21","22","2018","Fer","Invernale","8.777403493","45.826573232","POINT (8.777403493 45.826573232)"
"C_Luglio2023","2.822","S01736","LO","VA","Vedano Olona","12134","Vedano Olona","Saronno - Varese Nord","150","50","8","520","59","0","520","0","0","59","0","2023","Feriale","estivo","8.887080675","45.777359271","POINT (8.887080675 45.777359271)"
"C_nov 2016","2.788","S01794","LO","BS","Paderno (Franciacorta)","17130","Paderno Franciacorta","Brescia - Iseo","150","20","7","220","37","0","220","0","0","37","0","2016","Fer","Invernale","10.087064635","45.586766511","POINT (10.087064635 45.586766511)"
"C_nov 2020","2.857","S01647","LO","MI","MILANO P.G. PASS.","15146","Milano","PASSANTE","1040","1680","38","6300","270","6300","0","0","270","0","0","2020","Feriale","Invernale","9.185954917","45.484354097","POINT (9.185954917 45.484354097)"
"C_nov 2015","2.765","S01093","LO","CO","Inverigo","13118","Inverigo","Seveso - Asso","250","50","8","550","52","0","550","0","0","52","0","2015","Fer","Invernale","9.224441129","45.740269966","POINT (9.224441129 45.740269966)"
"C_nov 2021","74","S01027","LO","VA","VERGIATE","12138","Vergiate","DOMODOSSOLA-MILANO","120","30","6","330","32","0","330","0","0","32","0","2021","Feriale","Invernale","8.693230518","45.717200688","POINT (8.693230518 45.717200688)"
"C_nov 2021","2.792","S01776","LO","BS","Pian di Borno","17206","Piancogno","Pisogne - Breno","20","10","2","30","13","0","30","0","0","13","0","2021","Feriale","Invernale","10.221581526","45.915836231","POINT (10.221581526 45.915836231)"
"C_Novembre2023","145","S01415","LO","LC","MANDELLO DEL LARIO","97046","Mandello del Lario","TIRANO-MILANO Lc-So","390","60","8","770","53","0","360","420","0","26","27","2023","Feriale","Invernale","9.322094648","45.915283559","POINT (9.322094648 45.915283559)"
"C_Luglio2023","2.863","S01633","LO","MI","MILANO P.VITTORIA PASS.","15146","Milano","PASSANTE","1100","1220","38","5720","332","5720","0","0","332","0","0","2023","Feriale","estivo","9.225193061","45.459475193","POINT (9.225193061 45.459475193)"
"C_Luglio2023","2.804","S01755","LO","CO","Rovello Porro","13202","Rovello Porro","Saronno - Como","150","60","8","400","64","0","390","10","0","63","1","2023","Feriale","estivo","9.036261914","45.651408852","POINT (9.036261914 45.651408852)"
"C_Luglio2023","259","S01822","LO","MI","MELEGNANO","15140","Melegnano","MILANO-BOLOGNA","740","280","8","2150","70","2150","0","0","70","0","0","2023","Feriale","estivo","0.009319302","45.356405865","POINT (9.319302 45.356405865)"
"C_nov 2020","2.771","S01757","LO","CO","Lomazzo","13133","Lomazzo","Saronno - Como","210","90","9","660","56","0","640","20","0","54","2","2020","Feriale","Invernale","9.036101686","45.698756116","POINT (9.036101686 45.698756116)"
"C_nov 2022","103","S01140","LO","VA","SANGIANO","12141","Sangiano","LUINO-GALLARATE","20","10","3","80","28","40","50","0","10","18","0","2022","Feriale","Invernale","8.630805498","45.874544577","POINT (8.630805498 45.874544577)"
"C_nov 2018","2.722","S01005","LO","BS","Breno","17028","Breno","Pisogne - Breno","60","130","3","380","32","0","200","180","0","19","13","2018","Fer","Invernale","10.305483792","45.959261369","POINT (10.305483792 45.959261369)"
"C_nov 2019","87","S01060","LO","PV","PARONA LOMELLINA","18109","Parona","MILANO-MORTARA-AL","170","80","6","580","44","0","580","0","0","44","0","2019","Fer","Invernale","8.780351933","45.280183485","POINT (8.780351933 45.280183485)"
"C_nov 2022","2.727","S01099","LO","CO","Canzo","13042","Canzo","Seveso - Asso","100","20","3","260","34","0","260","0","0","34","0","2022","Feriale","Invernale","0.927022843","45.849100359","POINT (9.27022843 45.849100359)"
"C_nov 2020","300","S01910","LO","LO","MALEO","98035","Maleo","CODOGNO-MANTOVA","10","0","3","10","12","0","10","0","0","11","1","2020","Feriale","Invernale","9.755227418","45.170199162","POINT (9.755227418 45.170199162)"
"C_nov 2022","320","S01942","LO","PV","CASTEGGIO","18037","Casteggio","ALESS.-PIACENZA","0","0","0","30","6","0","30","0","0","6","0","2022","Feriale","Invernale","9.124623708","4.501745237","POINT (9.124623708 45.01745237)"
"C_Luglio2023","278","S01850","LO","CR","CASALMAGGIORE","19021","Casalmaggiore","BRESCIA-PARMA","70","40","4","380","32","0","380","0","0","32","0","2023","Feriale","estivo","10.425041217","44.993222003","POINT (10.425041217 44.993222003)"
"C_nov 2018","231","S01645","LO","MI","MILANO PORTA GARIBALDI","15146","Milano","TORINO-MILANO","3620","13370","56","37050","397","19450","10500","7110","187","132","78","2018","Fer","Invernale","9.186422092","45.485345292","POINT (9.186422092 45.485345292)"
"C_nov 2022","2.754","S01096","LO","CO","Erba","13095","Erba","Seveso - Asso","300","400","7","1280","50","0","1280","0","0","50","0","2022","Feriale","Invernale","9.230305963","45.813198114","POINT (9.230305963 45.813198114)"
"C_nov 2016","116","S01209","LO","VA","ALBIZZATE-SOLBIATE ARNO","12002","Albizzate","PORTO C.-GALLARATE","360","140","8","880","73","840","0","50","72","0","1","2016","Fer","Invernale","8.806241922","45.724198779","POINT (8.806241922 45.724198779)"
"C_Novembre2023","203","S01524","LO","LC","CALOLZIOCORTE-OLGINATE","97013","Calolziocorte","TIRANO-MILANO Mz-Lc","890","340","15","2780","112","2150","470","170","72","31","9","2023","Feriale","Invernale","9.427005558","4.580169532","POINT (9.427005558 45.80169532)"
"C_nov 2016","163","S01439","LO","SO","VILLA DI TIRANO","14078","Villa di Tirano","TIRANO-MILANO So-Tir","20","10","1","30","7","0","30","0","0","7","0","2016","Fer","Invernale","10.130361703","46.196242159","POINT (10.130361703 46.196242159)"
"C_nov 2017","301","S01911","LO","CR","PIZZIGHETTONE","19076","Pizzighettone","CODOGNO-MANTOVA","10","10","3","10","23","0","10","0","0","21","2","2017","Fer","Invernale","9.777166532","45.181857545","POINT (9.777166532 45.181857545)"
"C_Novembre2023","177","S01480","LO","MI","MONZA SOBBORGHI","108033","Monza","MONZA-LECCO","280","160","6","570","40","570","0","0","40","0","0","2023","Feriale","Invernale","9.284488422","45.582043348","POINT (9.284488422 45.582043348)"
"C_Novembre2023","2.825","S01735","LO","VA","Venegono Sup.-Castiglione","12137","Venegono Superiore","Saronno - Varese Nord","150","40","8","460","60","0","460","0","0","60","0","2023","Feriale","Invernale","8.890295606","45.758175712","POINT (8.890295606 45.758175712)"
"C_nov 2019","163","S01439","LO","SO","VILLA DI TIRANO","14078","Villa di Tirano","TIRANO-MILANO So-Tir","10","10","1","20","6","0","20","0","0","6","0","2019","Fer","Invernale","10.130361703","46.196242159","POINT (10.130361703 46.196242159)"
"C_nov 2016","148","S01420","LO","LC","COLICO","97023","Colico","TIRANO-MILANO Lc-So","610","430","13","2220","88","0","1290","940","0","60","28","2016","Fer","Invernale","9.375255676","46.138093311","POINT (9.375255676 46.138093311)"
"C_nov 2020","178","S01481","LO","MI","VILLASANTA","108049","Villasanta","MONZA-LECCO","60","30","6","160","40","160","0","0","40","0","0","2020","Feriale","Invernale","9.305121962","45.603443796","POINT (9.305121962 45.603443796)"
"C_nov 2021","2.798","S01761","LO","CO","Portichetto-Luisago","13135","Luisago","Saronno - Como","230","70","8","590","62","0","590","0","0","62","0","2021","Feriale","Invernale","9.050289685","45.759200753","POINT (9.050289685 45.759200753)"
"C_nov 2018","172","S01458","LO","LC","MOLTENO","97051","Molteno","MONZA-LECCO","300","70","12","770","61","460","320","0","38","23","0","2018","Fer","Invernale","9.301712216","45.781015442","POINT (9.301712216 45.781015442)"
"C_nov 2020","2.732","S01098","LO","CO","Caslino d'Erba","13052","Caslino d'Erba","Seveso - Asso","10","0","2","30","29","0","30","0","0","29","0","2020","Feriale","Invernale","9.232326937","45.835130456","POINT (9.232326937 45.835130456)"
"C_nov 2015","76","S01029","LO","VA","CASORATE SEMPIONE","12039","Casorate Sempione","DOMODOSSOLA-MILANO","160","30","4","350","29","0","350","0","0","29","0","2015","Fer","Invernale","8.743986914","45.675152648","POINT (8.743986914 45.675152648)"
"C_nov 2022","275","S01847","LO","MN","ASOLA","20002","Asola","BRESCIA-PARMA","60","20","4","200","26","0","200","0","0","26","0","2022","Feriale","Invernale","10.402333601","45.220534843","POINT (10.402333601 45.220534843)"
"C_nov 2017","2.788","S01794","LO","BS","Paderno (Franciacorta)","17130","Paderno Franciacorta","Brescia - Iseo","170","20","7","260","37","0","260","0","0","37","0","2017","Fer","Invernale","10.087064635","45.586766511","POINT (10.087064635 45.586766511)"
"C_nov 2020","10","S00039","LO","PV","TORREBERETTI","18156","Torre Beretti e Castellaro","MILANO-MORTARA-AL","20","10","5","40","32","0","40","0","0","32","0","2020","Feriale","Invernale","8.660466652","45.060615837","POINT (8.660466652 45.060615837)"
"C_Novembre2023","307","S01917","LO","CR","GAZZO-PIEVE S.GIACOMO","19075","Pieve San Giacomo","CODOGNO-MANTOVA","50","10","1","80","8","0","80","10","0","7","1","2023","Feriale","Invernale","1.018994286","45.137237048","POINT (10.18994286 45.137237048)"
"C_nov 2018","2.863","S01633","LO","MI","MILANO P.VITTORIA PASS.","15146","Milano","PASSANTE","1400","2060","40","7730","361","7730","0","0","361","0","0","2018","Fer","Invernale","9.225193061","45.459475193","POINT (9.225193061 45.459475193)"
"C_nov 2022","39","S00277","LO","PV","GROPELLO CAIROLI","18076","Gropello Cairoli","VERCELLI-PAVIA","90","10","4","150","25","0","150","0","0","25","0","2022","Feriale","Invernale","8.991656466","4.517318205","POINT (8.991656466 45.17318205)"
"C_Luglio2023","2.724","S01137","LO","VA","Busto Arsizio Nord","12026","Busto Arsizio","Saronno - Novara","1380","490","24","4120","201","220","2300","1610","21","78","102","2023","Feriale","estivo","0.885203345","45.606009961","POINT (8.85203345 45.606009961)"
"C_nov 2020","143","S01413","LO","LC","LIERNA","97043","Lierna","TIRANO-MILANO Lc-So","10","10","2","60","25","0","50","10","0","23","2","2020","Feriale","Invernale","9.303109353","45.961043911","POINT (9.303109353 45.961043911)"
"C_Luglio2023","297","S01903","LO","BS","VEROLANUOVA","17195","Verolanuova","BRESCIA-CREMONA","70","30","4","240","33","0","240","0","0","33","0","2023","Feriale","estivo","10.083906145","45.325064899","POINT (10.083906145 45.325064899)"
"C_nov 2018","166","S01451","LO","CO","CANTU'","13041","Cantu'","ALBATE-MOLTENO","30","20","4","70","23","0","70","0","0","23","0","2018","Fer","Invernale","9.130350159","45.752397871","POINT (9.130350159 45.752397871)"
"C_nov 2016","301","S01911","LO","CR","PIZZIGHETTONE","19076","Pizzighettone","CODOGNO-MANTOVA","0","0","3","10","23","0","10","0","0","21","2","2016","Fer","Invernale","9.777166532","45.181857545","POINT (9.777166532 45.181857545)"
"C_nov 2018","90","S01063","LO","MI","GAGGIANO","15103","Gaggiano","MILANO-MORTARA-AL","250","80","8","600","70","600","10","0","69","1","0","2018","Fer","Invernale","9.031152518","45.408906664","POINT (9.031152518 45.408906664)"
"C_nov 2017","299","S01905","LO","CR","OLMENETA","19063","Olmeneta","BRESCIA-CREMONA","80","20","8","120","67","0","120","0","0","67","0","2017","Fer","Invernale","10.031972373","45.231184025","POINT (10.031972373 45.231184025)"
"C_nov 2020","258","S01821","LO","MI","S.GIULIANO MILANESE","15195","San Giuliano Milanese","MILANO-BOLOGNA","140","110","8","420","42","420","0","0","42","0","0","2020","Feriale","Invernale","9.286452197","45.391305373","POINT (9.286452197 45.391305373)"
"C_nov 2015","41","S00279","LO","PV","CAVA CARBONARA","18151","Sommo","VERCELLI-PAVIA","20","10","5","30","30","0","30","0","0","30","0","2015","FER","Invernale","9.071427457","45.147136385","POINT (9.071427457 45.147136385)"
"C_nov 2022","76","S01029","LO","VA","CASORATE SEMPIONE","12039","Casorate Sempione","DOMODOSSOLA-MILANO","120","40","5","400","33","0","400","0","0","33","0","2022","Feriale","Invernale","8.743986914","45.675152648","POINT (8.743986914 45.675152648)"
"C_nov 2019","297","S01903","LO","BS","VEROLANUOVA","17195","Verolanuova","BRESCIA-CREMONA","160","70","4","360","30","0","360","0","0","30","0","2019","Fer","Invernale","10.083906145","45.325064899","POINT (10.083906145 45.325064899)"
"C_nov 2022","142","S01412","LO","LC","FIUMELATTE","97084","Varenna","TIRANO-MILANO Lc-So","0","0","2","10","23","0","10","0","0","22","1","2022","Feriale","Invernale","9.292892864","45.999092366","POINT (9.292892864 45.999092366)"
"C_Novembre2023","35","S00273","LO","PV","NICORVO","18103","Nicorvo","VERCELLI-PAVIA","10","10","2","70","22","0","70","0","0","22","0","2023","Feriale","Invernale","8.671238408","45.275537833","POINT (8.671238408 45.275537833)"
"C_nov 2017","2.789","S01082","LO","MI","Paderno Dugnano","15166","Paderno Dugnano","Milano Nord Bovisa - Seve","1190","380","16","2810","135","2810","0","0","135","0","0","2017","Fer","Invernale","9.161231422","45.564852006","POINT (9.161231422 45.564852006)"
"C_nov 2015","122","S01313","LO","CO","CANTU'-CERMENATE","13064","Cermenate","CHIASSO-MILANO","380","80","10","900","68","680","0","220","65","0","3","2015","Fer","Invernale","9.099312432","45.716313773","POINT (9.099312432 45.716313773)"
"C_nov 2015","179","S01482","LO","MI","BUTTAFAVA","108049","Villasanta","MONZA-LECCO","90","10","6","150","40","150","0","0","40","0","0","2015","Fer","Invernale","9.301221362","45.621491933","POINT (9.301221362 45.621491933)"
"C_Novembre2023","324","S01947","LO","PV","ARENA PO","18005","Arena Po","ALESS.-PIACENZA","10","10","1","30","14","0","30","0","0","14","0","2023","Feriale","Invernale","9.360421355","45.082147008","POINT (9.360421355 45.082147008)"
"C_Luglio2023","74","S01027","LO","VA","VERGIATE","12138","Vergiate","DOMODOSSOLA-MILANO","80","60","6","300","32","0","300","0","0","32","0","2023","Feriale","estivo","8.693230518","45.717200688","POINT (8.693230518 45.717200688)"
"C_nov 2015","220","S01603","LO","CR","CAPRALBA","19015","Capralba","BERGAMO-CREMONA","150","20","5","270","35","0","270","0","0","35","0","2015","Fer","Invernale","9.640048136","45.443945977","POINT (9.640048136 45.443945977)"
"C_Novembre2023","282","S01860","LO","PV","PAVIA","18110","Pavia","MILANO-GENOVA","1880","3780","31","10170","198","3800","3670","2720","72","97","29","2023","Feriale","Invernale","9.144713646","45.188924433","POINT (9.144713646 45.188924433)"
"C_nov 2019","5.836","S01608","LO","BG","ARCENE","16011","Arcene","BERGAMO-CREMONA","190","30","8","400","53","0","400","0","0","52","1","2019","Fer","Invernale","9.606556547","45.577555908","POINT (9.606556547 45.577555908)"
"C_nov 2016","325","S01948","EM","PC","CASTEL S.GIOVANNI","33013","Castel San Giovanni","ALESS.-PIACENZA","40","10","1","190","18","0","190","0","0","18","0","2016","Fer","Invernale","9.436615112","4.506320024","POINT (9.436615112 45.06320024)"
"C_nov 2021","47","S00405","LO","PV","LOMELLO","18083","Lomello","CAVA C.-TORREBER","20","10","4","90","24","0","90","0","0","24","0","2021","Feriale","Invernale","8.799151452","45.117357692","POINT (8.799151452 45.117357692)"
"C_nov 2021","323","S01945","LO","PV","STRADELLA","18153","Stradella","ALESS.-PIACENZA","90","40","3","440","32","0","440","0","0","32","0","2021","Feriale","Invernale","9.300895387","45.079551322","POINT (9.300895387 45.079551322)"
"C_nov 2018","125","S01318","LO","MI","SEREGNO","108039","Seregno","CHIASSO-MILANO","2580","710","22","6670","167","4700","0","1980","141","0","26","2018","Fer","Invernale","9.202885996","45.646087713","POINT (9.202885996 45.646087713)"
"C_nov 2017","89","S01062","LO","MI","ABBIATEGRASSO","15002","Abbiategrasso","MILANO-MORTARA-AL","1550","290","8","3550","46","0","3550","0","0","46","0","2017","Fer","Invernale","8.921337035","45.400715222","POINT (8.921337035 45.400715222)"
"C_Luglio2023","122","S01313","LO","CO","CANTU'-CERMENATE","13064","Cermenate","CHIASSO-MILANO","260","60","10","580","73","510","0","70","71","0","2","2023","Feriale","estivo","9.099312432","45.716313773","POINT (9.099312432 45.716313773)"
"C_nov 2020","140","S01409","LO","LC","BELLANO-TARTAVALLE TERME","97008","Bellano","TIRANO-MILANO Lc-So","30","20","6","100","51","0","40","60","0","23","28","2020","Feriale","Invernale","9.302811247","4.603952264","POINT (9.302811247 46.03952264)"
"C_nov 2020","48","S00406","LO","PV","MEDE","18088","Mede","CAVA C.-TORREBER","30","10","4","70","23","0","70","0","0","23","0","2020","Feriale","Invernale","8.742632705","45.095095656","POINT (8.742632705 45.095095656)"
"C_Novembre2023","150","S01424","LO","SO","COSIO-TRAONA","14024","Cosio Valtellino","TIRANO-MILANO Lc-So","10","10","3","70","22","0","70","0","0","22","0","2023","Feriale","Invernale","9.525530191","46.135638189","POINT (9.525530191 46.135638189)"
"C_nov 2017","2.712","S01741","LO","VA","Barasso-Comerio","12008","Barasso","Varese Nord - Laveno Momb","140","40","7","300","42","0","110","200","0","21","21","2017","Fer","Invernale","8.751273836","45.835130751","POINT (8.751273836 45.835130751)"
"C_nov 2018","44","S00402","LO","PV","PIEVE ALBIGNOLA","18112","Pieve Albignola","CAVA C.-TORREBER","20","10","4","80","26","0","80","0","0","26","0","2018","Fer","Invernale","8.959758126","45.116329989","POINT (8.959758126 45.116329989)"
"C_nov 2019","271","S01843","LO","BS","CALVISANO","17034","Calvisano","BRESCIA-PARMA","50","20","4","110","21","0","110","0","0","21","0","2019","Fer","Invernale","10.349435029","45.346652138","POINT (10.349435029 45.346652138)"
"C_nov 2022","2.726","S01759","LO","CO","Cadorago","13036","Cadorago","Saronno - Como","320","80","8","760","62","0","760","0","0","62","0","2022","Feriale","Invernale","9.041099041","45.729810407","POINT (9.041099041 45.729810407)"
"C_Luglio2023","321","S01943","LO","PV","S.GIULETTA","18140","Santa Giuletta","ALESS.-PIACENZA","0","0","0","10","6","0","10","0","0","6","0","2023","Feriale","estivo","9.179278043","45.035797363","POINT (9.179278043 45.035797363)"
"C_nov 2020","5","S00033","LO","PV","ALBONESE","18003","Albonese","NOVARA-MORTARA","10","10","3","10","10","0","10","0","0","10","0","2020","Feriale","Invernale","8.714636963","45.297869975","POINT (8.714636963 45.297869975)"
"C_nov 2019","2.711","S01101","LO","CO","Asso","13013","Asso","Seveso - Asso","110","50","5","290","40","0","290","0","0","40","0","2019","Fer","Invernale","9.269120449","45.854922626","POINT (9.269120449 45.854922626)"
"C_Luglio2023","227","S01630","LO","MI","MILANO S. CRISTOFORO","15146","Milano","MILANO-MORTARA-AL","90","280","6","870","45","0","870","0","0","45","0","2023","Feriale","estivo","9.130288258","45.442478529","POINT (9.130288258 45.442478529)"
"C_nov 2019","2.855","S01649","LO","MI","MILANO P. VENEZIA","15146","Milano","PASSANTE","2280","5270","41","16060","359","16060","0","0","359","0","0","2019","Fer","Invernale","9.207018409","45.476597527","POINT (9.207018409 45.476597527)"
"C_nov 2016","314","S01924","LO","MN","S.MICHELE IN BOSCO","20031","Marcaria","CODOGNO-MANTOVA","10","10","3","10","17","0","10","0","0","17","0","2016","Fer","Invernale","10.573308108","45.122485012","POINT (10.573308108 45.122485012)"
"C_nov 2021","171","S01457","LO","LC","CASLETTO-ROGENO","97072","Rogeno","ALBATE-MOLTENO","60","10","4","90","22","0","90","0","0","22","0","2021","Feriale","Invernale","9.275406768","45.786104223","POINT (9.275406768 45.786104223)"
"C_Luglio2023","2.865","S01624","LO","MI","SAN DONATO MILANESE","15192","San Donato Milanese","MILANO-BOLOGNA","150","100","8","600","70","600","0","0","70","0","0","2023","Feriale","estivo","9.253900071","45.417940908","POINT (9.253900071 45.417940908)"
"C_nov 2022","8","S00037","LO","PV","VALLE LOMELLINA","18168","Valle Lomellina","MILANO-MORTARA-AL","10","10","1","30","9","0","30","0","0","9","0","2022","Feriale","Invernale","8.685911785","45.150674037","POINT (8.685911785 45.150674037)"
"C_Novembre2023","258","S01821","LO","MI","S.GIULIANO MILANESE","15195","San Giuliano Milanese","MILANO-BOLOGNA","480","230","10","1560","78","1560","0","0","78","0","0","2023","Feriale","Invernale","9.286452197","45.391305373","POINT (9.286452197 45.391305373)"
"C_nov 2020","150","S01424","LO","SO","COSIO-TRAONA","14024","Cosio Valtellino","TIRANO-MILANO Lc-So","10","10","3","30","20","0","30","0","0","20","0","2020","Feriale","Invernale","9.525530191","46.135638189","POINT (9.525530191 46.135638189)"
"C_nov 2017","237","S01706","LO","MI","TRECELLA","15178","Pozzuolo Martesana","MILANO-VENEZIA","390","120","16","780","98","770","10","0","96","1","1","2017","Fer","Invernale","0.948762259","45.514065408","POINT (9.48762259 45.514065408)"
"C_nov 2017","282","S01860","LO","PV","PAVIA","18110","Pavia","MILANO-GENOVA","2110","3330","32","10620","212","3130","4850","2640","72","113","27","2017","Fer","Invernale","9.144713646","45.188924433","POINT (9.144713646 45.188924433)"
"C_nov 2017","227","S01630","LO","MI","MILANO S. CRISTOFORO","15146","Milano","MILANO-MORTARA-AL","460","950","14","2700","113","1470","1230","0","69","44","0","2017","Fer","Invernale","9.130288258","45.442478529","POINT (9.130288258 45.442478529)"
"C_nov 2021","240","S01709","LO","BG","VIDALENGO","16053","Caravaggio","MILANO-VENEZIA","50","20","5","100","31","0","100","0","0","31","0","2021","Feriale","Invernale","0.963970536","45.517936977","POINT (9.63970536 45.517936977)"
"C_nov 2019","323","S01945","LO","PV","STRADELLA","18153","Stradella","ALESS.-PIACENZA","140","40","4","570","37","0","570","0","0","37","0","2019","Fer","Invernale","9.300895387","45.079551322","POINT (9.300895387 45.079551322)"
"C_nov 2017","195","S01511","LO","MI","CARNATE USMATE","108016","Carnate","TIRANO-MILANO Mz-Lc","2190","490","26","4550","154","2240","1900","420","70","78","6","2017","Fer","Invernale","9.375117342","45.653149706","POINT (9.375117342 45.653149706)"
"C_Novembre2023","2.791","S01793","LO","BS","Passirano","17136","Passirano","Brescia - Iseo","80","20","6","210","34","0","210","0","0","34","0","2023","Feriale","Invernale","1.006368133","45.590113375","POINT (10.06368133 45.590113375)"
"C_nov 2021","214","S01538","LO","BS","PALAZZOLO SULL'OGLIO","17133","Palazzolo sull'Oglio","LECCO-BRESCIA","130","90","4","520","34","0","520","0","0","34","0","2021","Feriale","Invernale","9.896263591","4.560155941","POINT (9.896263591 45.60155941)"
"C_Luglio2023","2.818","S01753","LO","MI","Vanzaghello","15249","Vanzaghello","Saronno - Novara","150","60","6","380","34","0","380","0","0","34","0","2023","Feriale","estivo","8.787492635","4.557757515","POINT (8.787492635 45.57757515)"
"C_nov 2016","2.798","S01761","LO","CO","Portichetto-Luisago","13135","Luisago","Saronno - Como","290","70","7","650","59","0","650","0","0","58","1","2016","Fer","Invernale","9.050289685","45.759200753","POINT (9.050289685 45.759200753)"
"C_Novembre2023","6","S00034","LO","PV","MORTARA","18102","Mortara","MILANO-MORTARA-AL","900","210","12","2650","85","0","2650","0","0","85","0","2023","Feriale","Invernale","0.873168138","45.252256076","POINT (8.73168138 45.252256076)"
"C_Luglio2023","5.842","S01039","LO","MI","RHO FIERA MILANO","15182","Rho","TORINO-MILANO","990","1710","34","6260","254","3890","590","1800","164","36","54","2023","Feriale","estivo","9.088380294","4.552123731","POINT (9.088380294 45.52123731)"
"C_nov 2018","2.733","S01752","LO","MI","Castano Primo","15062","Castano Primo","Saronno - Novara","410","70","6","850","38","0","850","0","0","38","0","2018","Fer","Invernale","8.772746679","45.556048921","POINT (8.772746679 45.556048921)"
"C_nov 2017","125","S01318","LO","MI","SEREGNO","108039","Seregno","CHIASSO-MILANO","2270","750","26","6520","190","4840","130","1560","140","28","22","2017","Fer","Invernale","9.202885996","45.646087713","POINT (9.202885996 45.646087713)"
"C_nov 2017","2.731","S01758","LO","CO","Caslino al Piano","13036","Cadorago","Saronno - Como","230","40","8","480","61","0","470","10","0","60","1","2017","Fer","Invernale","9.040174552","45.711047814","POINT (9.040174552 45.711047814)"
"C_nov 2015","2.775","S01089","LO","CO","Mariano Comense","13143","Mariano Comense","Seveso - Asso","620","410","11","1800","63","50","1760","0","9","54","0","2015","Fer","Invernale","0.918152941","45.693595207","POINT (9.18152941 45.693595207)"
"C_nov 2021","5.842","S01039","LO","MI","RHO FIERA MILANO","15182","Rho","TORINO-MILANO","870","1310","33","5580","228","3850","580","1160","143","36","49","2021","Feriale","Invernale","9.088380294","4.552123731","POINT (9.088380294 45.52123731)"
"C_nov 2015","46","S00404","LO","PV","FERRERA LOMELLINA","18062","Ferrera Erbognone","CAVA C.-TORREBER","20","10","4","60","27","0","60","0","0","27","0","2015","FER","Invernale","8.862842274","45.111893407","POINT (8.862842274 45.111893407)"
"C_nov 2022","2.790","S01083","LO","MI","Palazzolo Milanese","15166","Paderno Dugnano","Milano Nord Bovisa - Seve","1020","270","16","2400","128","2400","0","0","128","0","0","2022","Feriale","Invernale","9.156496054","45.580997631","POINT (9.156496054 45.580997631)"
"C_nov 2020","90","S01063","LO","MI","GAGGIANO","15103","Gaggiano","MILANO-MORTARA-AL","40","20","6","140","57","140","10","0","55","2","0","2020","Feriale","Invernale","9.031152518","45.408906664","POINT (9.031152518 45.408906664)"
"C_nov 2019","5.839","S01058","LO","MI","PREGNANA MIL.","15179","Pregnana Milanese","TORINO-MILANO","440","130","8","1200","74","1200","0","0","74","0","0","2019","Fer","Invernale","8.983574748","45.503547665","POINT (8.983574748 45.503547665)"
"C_nov 2022","133","S01402","LO","SO","SAMOLACO","14057","Samolaco","CHIAVENNA-COLICO","50","10","3","90","29","0","90","0","0","29","0","2022","Feriale","Invernale","9.423617479","46.246509103","POINT (9.423617479 46.246509103)"
"C_Luglio2023","242","S01711","LO","BG","ROMANO","16183","Romano di Lombardia","MILANO-VENEZIA","520","170","10","1790","69","0","670","1120","0","33","36","2023","Feriale","estivo","0.975343152","45.523917724","POINT (9.75343152 45.523917724)"
"C_nov 2016","186","S01489","LO","MI","RENATE VEDUGGIO","108037","Renate","MONZA-LECCO","230","20","5","510","36","510","0","0","36","0","0","2016","Fer","Invernale","0.927986722","4.572838114","POINT (9.27986722 45.72838114)"
"C_nov 2015","115","S01208","LO","VA","CASTRONNO","12047","Castronno","PORTO C.-GALLARATE","270","90","8","660","75","610","0","50","74","0","1","2015","Fer","Invernale","8.810338911","45.745312285","POINT (8.810338911 45.745312285)"
"C_nov 2016","324","S01947","LO","PV","ARENA PO","18005","Arena Po","ALESS.-PIACENZA","10","10","2","30","18","0","30","0","0","18","0","2016","Fer","Invernale","9.360421355","45.082147008","POINT (9.360421355 45.082147008)"
"C_Luglio2023","5.836","S01608","LO","BG","ARCENE","16011","Arcene","BERGAMO-CREMONA","100","30","8","300","47","0","300","0","0","46","1","2023","Feriale","estivo","9.606556547","45.577555908","POINT (9.606556547 45.577555908)"
"C_Luglio2023","303","S01913","LO","CR","ACQUANEGRA CREMONESE","19001","Acquanegra Cremonese","CODOGNO-MANTOVA","10","10","3","20","11","0","20","0","0","11","0","2023","Feriale","estivo","9.888484165","45.172179192","POINT (9.888484165 45.172179192)"
"C_nov 2021","331","S02084","LO","BS","DESENZANO DEL GARDA-SIR.","17067","Desenzano del Garda","MILANO-VENEZIA","280","90","5","1120","32","0","0","1120","0","0","32","2021","Feriale","Invernale","10.536345381","45.462760508","POINT (10.536345381 45.462760508)"
"C_Novembre2023","267","S01830","LO","MI","BORGOLOMBARDO","15192","San Donato Milanese","MILANO-BOLOGNA","260","170","9","780","78","780","0","0","78","0","0","2023","Feriale","Invernale","9.271012475","4.540385926","POINT (9.271012475 45.40385926)"
"C_nov 2017","5.836","S01608","LO","BG","ARCENE","16011","Arcene","BERGAMO-CREMONA","160","40","8","360","53","0","360","0","0","52","1","2017","Fer","Invernale","9.606556547","45.577555908","POINT (9.606556547 45.577555908)"
"C_nov 2020","202","S01523","LO","LC","VERCURAGO-S.GIROLAMO","97086","Vercurago","TIRANO-MILANO Mz-Lc","10","0","4","10","13","0","10","0","0","13","0","2020","Feriale","Invernale","9.422384671","4.581219368","POINT (9.422384671 45.81219368)"
"C_nov 2016","2.709","S01092","LO","CO","Arosio","13012","Arosio","Seveso - Asso","290","40","7","570","50","0","570","0","0","50","0","2016","Fer","Invernale","9.210246869","4.571835634","POINT (9.210246869 45.71835634)"
"C_nov 2019","2.785","S01726","LO","CO","Mozzate","13159","Mozzate","Saronno - Varese Nord","430","90","8","980","57","0","980","0","0","57","0","2019","Fer","Invernale","8.955224279","45.677788011","POINT (8.955224279 45.677788011)"
"C_nov 2020","2.749","S01765","LO","CO","Como Nord Lago","13075","Como","Saronno - Como","100","180","8","610","56","0","600","20","0","54","2","2020","Feriale","Invernale","9.084320036","45.813688508","POINT (9.084320036 45.813688508)"
"C_nov 2016","274","S01846","LO","BS","REMEDELLO SOTTO","17160","Remedello","BRESCIA-PARMA","20","10","3","60","24","0","60","0","0","24","0","2016","Fer","Invernale","1.038843093","45.257552358","POINT (10.38843093 45.257552358)"
"C_Novembre2023","38","S00276","LO","PV","GARLASCO","18069","Garlasco","VERCELLI-PAVIA","130","30","3","330","25","0","330","0","0","25","0","2023","Feriale","Invernale","8.926867354","45.199033929","POINT (8.926867354 45.199033929)"
"C_nov 2017","2.811","S01925","LO","MI","Seveso","108040","Seveso","Milano Nord Bovisa - Seve","1510","550","24","3470","186","1820","1660","0","135","51","0","2017","Fer","Invernale","0.914058178","45.647945743","POINT (9.14058178 45.647945743)"
"C_nov 2021","88","S01061","LO","PV","VIGEVANO","18177","Vigevano","MILANO-MORTARA-AL","1080","470","8","3600","46","0","3600","0","0","46","0","2021","Feriale","Invernale","8.862008085","45.312797339","POINT (8.862008085 45.312797339)"
"C_Novembre2023","2.726","S01759","LO","CO","Cadorago","13036","Cadorago","Saronno - Como","320","30","8","700","64","0","690","20","0","63","1","2023","Feriale","Invernale","9.041099041","45.729810407","POINT (9.041099041 45.729810407)"
"C_nov 2018","2.787","S01070","LO","MI","Novate Milanese","15157","Novate Milanese","Milano Nord Cadorna - Sar","1330","530","18","3680","140","3680","0","0","140","0","0","2018","Fer","Invernale","9.132723827","45.533079873","POINT (9.132723827 45.533079873)"
"C_nov 2015","2.726","S01759","LO","CO","Cadorago","13036","Cadorago","Saronno - Como","260","40","7","620","62","0","620","10","0","61","1","2015","Fer","Invernale","9.041099041","45.729810407","POINT (9.041099041 45.729810407)"
"C_nov 2022","2.798","S01761","LO","CO","Portichetto-Luisago","13135","Luisago","Saronno - Como","320","90","8","770","62","0","770","0","0","62","0","2022","Feriale","Invernale","9.050289685","45.759200753","POINT (9.050289685 45.759200753)"
"C_nov 2022","5.820","S01492","LO","MI","Milano Forlanini","15146","Milano","PASSANTE","590","870","25","3080","206","3070","0","20","202","0","4","2022","Feriale","Invernale","9.237061003","45.462399481","POINT (9.237061003 45.462399481)"
"C_Luglio2023","35","S00273","LO","PV","NICORVO","18103","Nicorvo","VERCELLI-PAVIA","10","0","1","10","4","0","10","0","0","4","0","2023","Feriale","estivo","8.671238408","45.275537833","POINT (8.671238408 45.275537833)"
"C_nov 2019","2.768","S01747","LO","VA","Laveno Mombello Nord","12087","Laveno-Mombello","Varese Nord - Laveno Momb","180","380","7","740","42","0","390","360","0","21","21","2019","Fer","Invernale","8.619246466","45.907983681","POINT (8.619246466 45.907983681)"
"C_nov 2021","91","S01064","LO","MI","CORSICO","15093","Corsico","MILANO-MORTARA-AL","240","120","9","670","61","670","10","0","59","2","0","2021","Feriale","Invernale","9.105184247","45.434772406","POINT (9.105184247 45.434772406)"
"C_nov 2019","164","S01440","LO","SO","TIRANO","14066","Tirano","TIRANO-MILANO So-Tir","230","140","4","830","31","0","90","750","0","8","23","2019","Fer","Invernale","10.166987267","46.215458161","POINT (10.166987267 46.215458161)"
"C_Novembre2023","301","S01911","LO","CR","PIZZIGHETTONE","19076","Pizzighettone","CODOGNO-MANTOVA","10","10","4","10","13","0","10","0","0","10","3","2023","Feriale","Invernale","9.777166532","45.181857545","POINT (9.777166532 45.181857545)"
"C_nov 2022","2.792","S01776","LO","BS","Pian di Borno","17206","Piancogno","Pisogne - Breno","20","10","2","40","11","0","40","0","0","11","0","2022","Feriale","Invernale","10.221581526","45.915836231","POINT (10.221581526 45.915836231)"
"C_nov 2017","234","S01703","LO","MI","PIOLTELLO-LIMITO","15175","Pioltello","MILANO-VENEZIA","2180","1190","35","6870","257","3790","620","2460","146","28","83","2017","Fer","Invernale","9.329349311","45.485909836","POINT (9.329349311 45.485909836)"
"C_nov 2016","182","S01485","LO","MI","TRIUGGIO-PONTE ALBIATE","108043","Triuggio","MONZA-LECCO","310","30","6","480","40","480","0","0","40","0","0","2016","Fer","Invernale","9.266989378","45.659034087","POINT (9.266989378 45.659034087)"
"C_nov 2019","45","S00403","LO","PV","SANNAZZARO","18138","Sannazzaro de' Burgondi","CAVA C.-TORREBER","70","30","3","360","22","0","360","0","0","22","0","2019","Fer","Invernale","8.905182695","45.105626227","POINT (8.905182695 45.105626227)"
"C_nov 2020","153","S01427","LO","SO","ARDENNO-MASINO","14005","Ardenno","TIRANO-MILANO Lc-So","20","10","4","30","20","0","30","0","0","20","0","2020","Feriale","Invernale","9.651405996","46.162053348","POINT (9.651405996 46.162053348)"
"C_nov 2018","5.837","S01611","LO","BG","LEVATE","16126","Levate","BERGAMO-CREMONA","130","40","8","260","53","0","260","0","0","52","1","2018","Fer","Invernale","0.962785005","45.622899995","POINT (9.62785005 45.622899995)"
"C_nov 2015","141","S01411","LO","LC","VARENNA ESINO","97084","Varenna","TIRANO-MILANO Lc-So","100","30","8","460","54","0","180","290","0","27","27","2015","Fer","Invernale","9.286432309","46.015079717","POINT (9.286432309 46.015079717)"
"C_Luglio2023","148","S01420","LO","LC","COLICO","97023","Colico","TIRANO-MILANO Lc-So","160","170","10","1810","99","0","910","900","0","66","33","2023","Feriale","estivo","9.375255676","46.138093311","POINT (9.375255676 46.138093311)"
"C_Novembre2023","289","S01867","LO","PV","MIRADOLO TERME","18093","Miradolo Terme","PAVIA-CASALPUST.","80","10","4","180","22","0","180","0","0","22","0","2023","Feriale","Invernale","9.449985524","45.162088065","POINT (9.449985524 45.162088065)"
"C_nov 2020","225","S01609","LO","CR","CASALBUTTANO","19016","Casalbuttano ed Uniti","BERGAMO-CREMONA","20","10","4","90","34","0","90","0","0","34","0","2020","Feriale","Invernale","9.962387322","45.255479026","POINT (9.962387322 45.255479026)"
"C_nov 2022","2.819","S01084","LO","MI","Varedo","108045","Varedo","Milano Nord Bovisa - Seve","730","220","16","1920","128","1920","0","0","128","0","0","2022","Feriale","Invernale","9.153183844","45.595435441","POINT (9.153183844 45.595435441)"
"C_nov 2015","164","S01440","LO","SO","TIRANO","14066","Tirano","TIRANO-MILANO So-Tir","270","110","4","770","33","0","70","700","0","12","21","2015","FER","Invernale","10.166987267","46.215458161","POINT (10.166987267 46.215458161)"
"C_nov 2017","308","S01918","LO","CR","TORRE DE' PICENARDI","19107","Torre de' Picenardi","CODOGNO-MANTOVA","10","0","2","90","22","0","90","10","0","21","1","2017","Fer","Invernale","10.286872398","45.137279533","POINT (10.286872398 45.137279533)"
"C_nov 2017","2.711","S01101","LO","CO","Asso","13013","Asso","Seveso - Asso","110","110","6","260","39","0","260","0","0","39","0","2017","Fer","Invernale","9.269120449","45.854922626","POINT (9.269120449 45.854922626)"
"C_nov 2022","225","S01609","LO","CR","CASALBUTTANO","19016","Casalbuttano ed Uniti","BERGAMO-CREMONA","30","20","4","190","36","0","190","0","0","36","0","2022","Feriale","Invernale","9.962387322","45.255479026","POINT (9.962387322 45.255479026)"
"C_nov 2016","119","S01307","LO","CO","COMO S.GIOVANNI","13075","Como","CHIASSO-MILANO","1010","720","22","3110","133","1650","100","1370","92","20","21","2016","Fer","Invernale","9.072359552","45.809022727","POINT (9.072359552 45.809022727)"
"C_nov 2019","2.739","S01086","LO","MI","Cesano Maderno","108019","Cesano Maderno","Milano Nord Bovisa - Seve","2070","780","33","5460","250","3610","1860","0","200","50","0","2019","Fer","Invernale","9.141966766","45.631316886","POINT (9.141966766 45.631316886)"
"C_Luglio2023","2.810","S01073","LO","MI","Garbagnate Parco Groane","15105","Garbagnate Milanese","Milano Nord Cadorna - Sar","360","110","16","980","133","980","0","0","133","0","0","2023","Feriale","estivo","9.091157698","45.571158456","POINT (9.091157698 45.571158456)"
"C_nov 2017","206","S01527","LO","BG","AMBIVERE-MAPELLO","16009","Ambivere","LECCO-BRESCIA","130","40","4","350","32","0","350","0","0","32","0","2017","Fer","Invernale","9.550472449","45.722244877","POINT (9.550472449 45.722244877)"
"C_nov 2016","273","S01845","LO","BS","REMEDELLO SOPRA","17160","Remedello","BRESCIA-PARMA","30","130","3","180","24","0","180","0","0","24","0","2016","Fer","Invernale","10.379240842","45.278565103","POINT (10.379240842 45.278565103)"
"C_nov 2021","332","S02088","VE","VR","PESCHIERA DEL GARDA","23059","Peschiera del Garda","MILANO-VENEZIA","180","100","5","910","32","0","0","910","0","0","32","2021","Feriale","Invernale","1.070247103","4.543838223","POINT (10.70247103 45.43838223)"
"C_Luglio2023","201","S01522","LO","LC","LECCO MAGGIANICO","97042","Lecco","TIRANO-MILANO Mz-Lc","80","60","8","520","68","520","0","0","68","0","0","2023","Feriale","estivo","0.000941172","45.831255298","POINT (9.41172 45.831255298)"
"C_Novembre2023","118","S01301","LO","CO","CHIASSO","13075","Como","CHIASSO-MILANO","650","1390","15","6440","124","2360","0","4090","92","0","32","2023","Feriale","Invernale","9.031333374","4.583194478","POINT (9.031333374 45.83194478)"
"C_nov 2019","2.724","S01137","LO","VA","Busto Arsizio Nord","12026","Busto Arsizio","Saronno - Novara","2310","740","26","5910","220","330","2780","2810","36","75","109","2019","Fer","Invernale","0.885203345","45.606009961","POINT (8.85203345 45.606009961)"
"C_Novembre2023","2.853","S01748","PI","NO","Galliate","3068","Galliate","Saronno - Novara","220","70","6","530","36","0","530","0","0","36","0","2023","Feriale","Invernale","8.691135844","45.481138261","POINT (8.691135844 45.481138261)"
"C_nov 2020","77","S01030","LO","VA","GALLARATE","12070","Gallarate","DOMODOSSOLA-MILANO","590","460","31","2460","197","930","890","650","82","62","53","2020","Feriale","Invernale","0.879828248","45.659901549","POINT (8.79828248 45.659901549)"
"C_nov 2015","196","S01512","LO","LC","OSNAGO","97061","Osnago","TIRANO-MILANO Mz-Lc","410","60","7","790","62","790","0","0","62","0","0","2015","Fer","Invernale","9.387021835","45.678609287","POINT (9.387021835 45.678609287)"
"C_nov 2020","2.733","S01752","LO","MI","Castano Primo","15062","Castano Primo","Saronno - Novara","80","30","6","230","34","0","230","0","0","34","0","2020","Feriale","Invernale","8.772746679","45.556048921","POINT (8.772746679 45.556048921)"
"C_nov 2015","321","S01943","LO","PV","S.GIULETTA","18140","Santa Giuletta","ALESS.-PIACENZA","10","10","1","30","15","0","30","0","0","15","0","2015","Fer","Invernale","9.179278043","45.035797363","POINT (9.179278043 45.035797363)"
"C_Luglio2023","5","S00033","LO","PV","ALBONESE","18003","Albonese","NOVARA-MORTARA","10","10","3","10","10","0","10","0","0","10","0","2023","Feriale","estivo","8.714636963","45.297869975","POINT (8.714636963 45.297869975)"
"C_Novembre2023","41","S00279","LO","PV","CAVA CARBONARA","18151","Sommo","VERCELLI-PAVIA","30","20","5","100","26","0","100","0","0","26","0","2023","Feriale","Invernale","9.071427457","45.147136385","POINT (9.071427457 45.147136385)"
"C_nov 2019","2.804","S01755","LO","CO","Rovello Porro","13202","Rovello Porro","Saronno - Como","400","80","8","820","61","0","820","0","0","61","0","2019","Fer","Invernale","9.036261914","45.651408852","POINT (9.036261914 45.651408852)"
"C_nov 2021","277","S01849","LO","CR","S.GIOVANNI IN CROCE","19090","San Giovanni in Croce","BRESCIA-PARMA","40","20","4","90","32","0","90","0","0","32","0","2021","Feriale","Invernale","1.037754875","45.075865263","POINT (10.37754875 45.075865263)"
"C_nov 2021","2.780","S01079","LO","MI","Milano Bruzzano","15146","Milano","Milano Nord Bovisa - Seve","180","80","20","460","123","460","0","0","123","0","0","2021","Feriale","Invernale","9.172814019","45.533621361","POINT (9.172814019 45.533621361)"
"C_nov 2022","148","S01420","LO","LC","COLICO","97023","Colico","TIRANO-MILANO Lc-So","560","300","12","1870","85","0","1140","730","0","56","29","2022","Feriale","Invernale","9.375255676","46.138093311","POINT (9.375255676 46.138093311)"
"C_Luglio2023","2.910","S01112","LO","MI","Cesano Boscone","15074","Cesano Boscone","MILANO-MORTARA-AL","0","0","0","10","2","0","10","0","0","2","0","2023","Feriale","estivo","0.909119676","45.430270342","POINT (9.09119676 45.430270342)"
"C_nov 2018","116","S01209","LO","VA","ALBIZZATE-SOLBIATE ARNO","12002","Albizzate","PORTO C.-GALLARATE","330","90","8","970","73","920","0","60","72","0","1","2018","Fer","Invernale","8.806241922","45.724198779","POINT (8.806241922 45.724198779)"
"C_nov 2016","175","S01462","LO","LC","CIVATE","97022","Civate","MONZA-LECCO","20","20","5","70","34","60","10","0","33","1","0","2016","Fer","Invernale","9.352910244","45.831371067","POINT (9.352910244 45.831371067)"
"C_nov 2015","198","S01514","LO","LC","OLGIATE CALCO-BRIVIO","97058","Olgiate Molgora","TIRANO-MILANO Mz-Lc","810","70","7","1560","63","1540","0","20","62","0","1","2015","Fer","Invernale","0.940379608","45.729243447","POINT (9.40379608 45.729243447)"
"C_Novembre2023","2.819","S01084","LO","MI","Varedo","108045","Varedo","Milano Nord Bovisa - Seve","1070","180","16","2360","133","2360","0","0","133","0","0","2023","Feriale","Invernale","9.153183844","45.595435441","POINT (9.153183844 45.595435441)"
"C_Novembre2023","223","S01606","LO","CR","CASTELLEONE","19025","Castelleone","BERGAMO-CREMONA","140","40","5","350","36","0","350","0","0","36","0","2023","Feriale","Invernale","9.767822253","45.301905969","POINT (9.767822253 45.301905969)"
"C_nov 2015","2.822","S01736","LO","VA","Vedano Olona","12134","Vedano Olona","Saronno - Varese Nord","280","60","8","690","61","0","690","0","0","61","0","2015","Fer","Invernale","8.887080675","45.777359271","POINT (8.887080675 45.777359271)"
"C_nov 2021","216","S01540","LO","BS","COCCAGLIO","17056","Coccaglio","LECCO-BRESCIA","120","40","5","230","34","0","230","0","0","34","0","2021","Feriale","Invernale","9.977670318","45.561044402","POINT (9.977670318 45.561044402)"
"C_nov 2020","2.756","S01760","LO","CO","Fino Mornasco","13102","Fino Mornasco","Saronno - Como","100","60","8","350","54","0","350","0","0","54","0","2020","Feriale","Invernale","9.047021129","45.746532082","POINT (9.047021129 45.746532082)"
"C_nov 2022","2.862","S01650","LO","MI","MILANO DATEO","15146","Milano","PASSANTE","870","1400","39","5490","330","5490","0","0","330","0","0","2022","Feriale","Invernale","9.217309375","45.467669611","POINT (9.217309375 45.467669611)"
"C_nov 2018","295","S01901","LO","BS","BAGNOLO MELLA","17009","Bagnolo Mella","BRESCIA-CREMONA","70","30","3","290","31","0","290","0","0","31","0","2018","Fer","Invernale","10.183641825","45.428611146","POINT (10.183641825 45.428611146)"
"C_nov 2022","10","S00039","LO","PV","TORREBERETTI","18156","Torre Beretti e Castellaro","MILANO-MORTARA-AL","20","10","5","60","33","0","60","0","0","33","0","2022","Feriale","Invernale","8.660466652","45.060615837","POINT (8.660466652 45.060615837)"
"C_nov 2015","93","S01113","LO","VA","LUINO","12092","Luino","LUINO-GALLARATE","150","100","4","580","35","0","580","0","0","35","0","2015","FER","Invernale","8.737497575","45.996713632","POINT (8.737497575 45.996713632)"
"C_nov 2020","233","S01701","LO","MI","MILANO LAMBRATE","15146","Milano","MILANO-BOLOGNA","840","1710","54","4760","298","830","1570","2370","55","109","134","2020","Feriale","Invernale","9.237361806","45.485012046","POINT (9.237361806 45.485012046)"
"C_nov 2022","74","S01027","LO","VA","VERGIATE","12138","Vergiate","DOMODOSSOLA-MILANO","170","60","6","480","33","0","480","0","0","33","0","2022","Feriale","Invernale","8.693230518","45.717200688","POINT (8.693230518 45.717200688)"
"C_nov 2021","4","S00032","PI","NO","BORGO LAVEZZARO","3023","Borgolavezzaro","NOVARA-MORTARA","0","0","0","0","2","0","0","0","0","2","0","2021","Feriale","Invernale","8.703316141","0.453188806","POINT (8.703316141 45.3188806)"
"C_Novembre2023","5.844","S01059","LO","MI","ALBAIRATE-VERMEZZO","15005","Albairate","MILANO-MORTARA-AL","740","210","12","1980","110","1140","840","0","64","46","0","2023","Feriale","Invernale","8.957371048","45.404429355","POINT (8.957371048 45.404429355)"
"C_nov 2017","238","S01707","LO","MI","CASSANO D'ADDA","15059","Cassano d'Adda","MILANO-VENEZIA","560","190","16","1130","99","1120","10","10","96","1","2","2017","Fer","Invernale","9.512780391","0.455144503","POINT (9.512780391 45.5144503)"
"C_nov 2020","310","S01920","LO","MN","BOZZOLO","20007","Bozzolo","CODOGNO-MANTOVA","10","10","3","60","28","0","20","50","0","7","21","2020","Feriale","Invernale","10.472685666","45.107331585","POINT (10.472685666 45.107331585)"
"C_nov 2016","2.797","S01097","LO","CO","Pontelambro-Castelmarte","13188","Ponte Lambro","Seveso - Asso","80","20","6","190","39","0","190","0","0","39","0","2016","Fer","Invernale","9.225759459","45.829181272","POINT (9.225759459 45.829181272)"
"C_nov 2018","320","S01942","LO","PV","CASTEGGIO","18037","Casteggio","ALESS.-PIACENZA","10","10","1","70","12","0","70","0","0","12","0","2018","Fer","Invernale","9.124623708","4.501745237","POINT (9.124623708 45.01745237)"
"C_nov 2022","50","S00408","LO","PV","SAIRANO","18190","Zinasco","CAVA C.-TORREBER","10","10","4","30","23","0","30","0","0","23","0","2022","Feriale","Invernale","9.046900985","45.138935103","POINT (9.046900985 45.138935103)"
"C_nov 2021","158","S01434","LO","SO","PONTE IN VALTELLINA","14052","Ponte in Valtellina","TIRANO-MILANO So-Tir","20","10","1","20","10","0","10","20","0","4","6","2021","Feriale","Invernale","9.975919439","46.162708899","POINT (9.975919439 46.162708899)"
"C_nov 2022","269","S01841","LO","BS","GHEDI","17078","Ghedi","BRESCIA-PARMA","60","20","4","180","26","0","180","0","0","26","0","2022","Feriale","Invernale","10.280538985","45.409522832","POINT (10.280538985 45.409522832)"
"C_nov 2016","2.865","S01624","LO","MI","SAN DONATO MILANESE","15192","San Donato Milanese","MILANO-BOLOGNA","100","410","9","650","79","650","0","0","79","0","0","2016","Fer","Invernale","9.253900071","45.417940908","POINT (9.253900071 45.417940908)"
"C_nov 2021","191","S01502","LO","LC","PADERNO-ROBBIATE","97062","Paderno d'Adda","SEREGNO-BERGAMO","260","50","5","750","40","0","750","0","0","40","0","2021","Feriale","Invernale","9.439232645","4.567838448","POINT (9.439232645 45.67838448)"
"C_nov 2015","224","S01607","LO","CR","SORESINA","19098","Soresina","BERGAMO-CREMONA","150","30","5","420","37","0","420","0","0","37","0","2015","FER","Invernale","9.856662219","45.283167819","POINT (9.856662219 45.283167819)"
"C_Novembre2023","83","S01037","LO","MI","RHO","15182","Rho","TORINO-MILANO","1760","1180","20","6730","164","6730","0","0","164","0","0","2023","Feriale","Invernale","9.043583998","45.523927896","POINT (9.043583998 45.523927896)"
"C_nov 2018","2.771","S01757","LO","CO","Lomazzo","13133","Lomazzo","Saronno - Como","1010","200","11","2360","70","0","1920","450","0","60","10","2018","Fer","Invernale","9.036101686","45.698756116","POINT (9.036101686 45.698756116)"
"C_nov 2018","271","S01843","LO","BS","CALVISANO","17034","Calvisano","BRESCIA-PARMA","50","20","4","130","24","0","130","0","0","24","0","2018","Fer","Invernale","10.349435029","45.346652138","POINT (10.349435029 45.346652138)"
"C_nov 2019","197","S01513","LO","LC","CERNUSCO-MERATE","97020","Cernusco Lombardone","TIRANO-MILANO Mz-Lc","710","100","9","1510","70","1390","0","130","67","0","3","2019","Fer","Invernale","9.396827762","45.695177577","POINT (9.396827762 45.695177577)"
"C_Luglio2023","198","S01514","LO","LC","OLGIATE CALCO-BRIVIO","97058","Olgiate Molgora","TIRANO-MILANO Mz-Lc","370","90","8","1240","68","1240","0","0","68","0","0","2023","Feriale","estivo","0.940379608","45.729243447","POINT (9.40379608 45.729243447)"
"C_Novembre2023","218","S01601","LO","BG","TREVIGLIO OVEST","16219","Treviglio","BERGAMO-CREMONA","370","150","11","850","63","0","540","320","0","46","17","2023","Feriale","Invernale","0.958031324","45.521845567","POINT (9.58031324 45.521845567)"
"C_Novembre2023","94","S01116","LO","VA","PORTO VALTRAVAGLIA","12114","Porto Valtravaglia","LUINO-GALLARATE","20","10","2","80","27","40","50","0","11","16","0","2023","Feriale","Invernale","0.867417775","45.958294809","POINT (8.67417775 45.958294809)"
"C_nov 2019","180","S01483","LO","MI","BIASSONO-LESMO","108009","Biassono","MONZA-LECCO","210","30","6","340","40","340","0","0","40","0","0","2019","Fer","Invernale","9.298437032","45.632291281","POINT (9.298437032 45.632291281)"
"C_nov 2021","176","S01463","LO","LC","VALMADRERA","97083","Valmadrera","MONZA-LECCO","50","60","7","290","40","270","20","0","35","5","0","2021","Feriale","Invernale","9.368215149","45.846520175","POINT (9.368215149 45.846520175)"
"C_nov 2016","5.852","S01927","LO","MI","Ceriano L. Groane","108018","Ceriano Laghetto","Saronno - Seregno","60","30","8","290","68","290","0","0","68","0","0","2016","Fer","Invernale","0.009099863","45.627200546","POINT (9.099863 45.627200546)"
"C_nov 2021","299","S01905","LO","CR","OLMENETA","19063","Olmeneta","BRESCIA-CREMONA","70","20","8","120","64","0","120","0","0","64","0","2021","Feriale","Invernale","10.031972373","45.231184025","POINT (10.031972373 45.231184025)"
"C_nov 2020","2.760","S01743","LO","VA","Gavirate-Verbano","12072","Gavirate","Varese Nord - Laveno Momb","0","0","0","10","2","0","10","0","0","2","0","2020","Feriale","Invernale","8.706523665","45.851178857","POINT (8.706523665 45.851178857)"
"C_Novembre2023","2.756","S01760","LO","CO","Fino Mornasco","13102","Fino Mornasco","Saronno - Como","300","50","8","550","64","0","540","10","0","63","1","2023","Feriale","Invernale","9.047021129","45.746532082","POINT (9.047021129 45.746532082)"
"C_Novembre2023","332","S02088","VE","VR","PESCHIERA DEL GARDA","23059","Peschiera del Garda","MILANO-VENEZIA","260","100","5","1290","36","0","0","1290","0","0","36","2023","Feriale","Invernale","1.070247103","4.543838223","POINT (10.70247103 45.43838223)"
"C_nov 2021","2.754","S01096","LO","CO","Erba","13095","Erba","Seveso - Asso","220","300","7","1090","47","0","1090","0","0","47","0","2021","Feriale","Invernale","9.230305963","45.813198114","POINT (9.230305963 45.813198114)"
"C_nov 2018","249","S01802","LO","MI","VILLAMAGGIORE","15115","Lacchiarella","MILANO-GENOVA","560","150","8","1270","74","1270","0","10","72","0","2","2018","Fer","Invernale","9.190704857","45.320530164","POINT (9.190704857 45.320530164)"
"C_nov 2019","312","S01922","LO","MN","OSPITALETTO MANTOV.","20031","Marcaria","CODOGNO-MANTOVA","10","0","1","10","6","0","10","0","0","6","0","2019","Fer","Invernale","10.604427864","45.129824898","POINT (10.604427864 45.129824898)"
"C_nov 2018","2.716","S01071","LO","MI","Bollate Centro","15027","Bollate","Milano Nord Cadorna - Sar","1720","610","18","4370","140","4370","0","0","140","0","0","2018","Fer","Invernale","9.123062868","45.542718874","POINT (9.123062868 45.542718874)"
"C_Novembre2023","48","S00406","LO","PV","MEDE","18088","Mede","CAVA C.-TORREBER","80","60","4","300","24","0","300","0","0","24","0","2023","Feriale","Invernale","8.742632705","45.095095656","POINT (8.742632705 45.095095656)"
"C_nov 2021","2.806","S01933","LO","VA","Saronno","12119","Saronno","Milano Nord Cadorna - Sar","3660","3080","72","13560","487","2940","7970","2670","172","197","118","2021","Feriale","Invernale","9.030524424","0.456251346","POINT (9.030524424 45.6251346)"
"C_nov 2017","6","S00034","LO","PV","MORTARA","18102","Mortara","MILANO-MORTARA-AL","900","550","14","2810","87","0","2810","0","0","87","0","2017","Fer","Invernale","0.873168138","45.252256076","POINT (8.73168138 45.252256076)"
"C_nov 2015","2.741","S01772","LO","BS","Ceto-Cerveno","17050","Ceto","Breno - Edolo","10","0","2","10","3","0","10","0","0","3","0","2015","Fer","Invernale","10.339003482","45.996851549","POINT (10.339003482 45.996851549)"
"C_nov 2020","82","S01036","LO","MI","VANZAGO POGLIANO","15229","Vanzago","DOMODOSSOLA-MILANO","170","80","10","530","64","490","30","30","62","1","1","2020","Feriale","Invernale","8.995565824","4.552529528","POINT (8.995565824 45.52529528)"
"C_nov 2020","2.726","S01759","LO","CO","Cadorago","13036","Cadorago","Saronno - Como","80","30","8","260","54","0","260","0","0","54","0","2020","Feriale","Invernale","9.041099041","45.729810407","POINT (9.041099041 45.729810407)"
"C_Novembre2023","169","S01454","LO","CO","MERONE","13147","Merone","ALBATE-MOLTENO","110","30","9","460","74","0","460","0","0","74","0","2023","Feriale","Invernale","9.243809899","4.578144619","POINT (9.243809899 45.78144619)"
"C_nov 2017","248","S01801","LO","MI","LOCATE TRIULZI","15125","Locate di Triulzi","MILANO-GENOVA","610","160","8","1870","74","1870","0","0","72","0","2","2017","Fer","Invernale","9.221434768","45.359805985","POINT (9.221434768 45.359805985)"
"C_Luglio2023","2.746","S01775","LO","BS","Cogno-Esine","17206","Piancogno","Pisogne - Breno","10","10","2","70","18","0","70","0","0","18","0","2023","Feriale","estivo","10.241034794","45.929174261","POINT (10.241034794 45.929174261)"
"C_Luglio2023","288","S01866","LO","PV","S.CRISTINA E BISSONE","18139","Santa Cristina e Bissone","PAVIA-CASALPUST.","20","20","4","50","22","0","50","0","0","22","0","2023","Feriale","estivo","9.401036576","45.160614144","POINT (9.401036576 45.160614144)"
"C_Novembre2023","45","S00403","LO","PV","SANNAZZARO","18138","Sannazzaro de' Burgondi","CAVA C.-TORREBER","120","90","4","470","24","0","470","0","0","24","0","2023","Feriale","Invernale","8.905182695","45.105626227","POINT (8.905182695 45.105626227)"
"C_nov 2016","140","S01409","LO","LC","BELLANO-TARTAVALLE TERME","97008","Bellano","TIRANO-MILANO Lc-So","160","40","7","460","54","0","180","280","0","26","28","2016","Fer","Invernale","9.302811247","4.603952264","POINT (9.302811247 46.03952264)"
"C_Luglio2023","147","S01417","LO","SO","PRATA-CAMPORTACCIO","14054","Prata Camportaccio","CHIAVENNA-COLICO","10","10","4","50","29","0","50","0","0","29","0","2023","Feriale","estivo","9.396817599","46.307723227","POINT (9.396817599 46.307723227)"
"C_nov 2019","95","S01117","LO","VA","CALDE'","12045","Castelveccana","LUINO-GALLARATE","10","10","2","40","28","0","40","0","0","28","0","2019","Fer","Invernale","8.663196767","45.945891984","POINT (8.663196767 45.945891984)"
"C_nov 2019","172","S01458","LO","LC","MOLTENO","97051","Molteno","MONZA-LECCO","300","110","12","880","61","510","370","0","38","23","0","2019","Fer","Invernale","9.301712216","45.781015442","POINT (9.301712216 45.781015442)"
"C_nov 2020","244","S01713","LO","BS","CHIARI","17052","Chiari","MILANO-VENEZIA","110","70","9","530","65","0","250","290","0","31","34","2020","Feriale","Invernale","9.926507709","45.540192478","POINT (9.926507709 45.540192478)"
"C_nov 2022","208","S01529","LO","BG","BERGAMO","16024","Bergamo","LECCO-BRESCIA","2540","3990","31","14570","205","0","8870","5700","0","152","53","2022","Feriale","Invernale","9.675111057","45.690343725","POINT (9.675111057 45.690343725)"
"C_nov 2015","72","S01025","PI","NO","DORMELLETTO","3062","Dormelletto","DOMODOSSOLA-MILANO","50","20","5","100","29","0","100","0","0","29","0","2015","Fer","Invernale","0.857439962","4.573009066","POINT (8.57439962 45.73009066)"
"C_Novembre2023","181","S01484","LO","MI","MACHERIO CANONICA","108029","Macherio","MONZA-LECCO","80","20","6","140","40","140","0","0","40","0","0","2023","Feriale","Invernale","9.286771042","45.645615415","POINT (9.286771042 45.645615415)"
"C_nov 2016","106","S01143","LO","VA","TERNATE-VARANO BORGHI","12126","Ternate","LUINO-GALLARATE","160","60","6","260","31","0","260","0","0","31","0","2016","Fer","Invernale","8.700412081","45.781912094","POINT (8.700412081 45.781912094)"
"C_Luglio2023","265","S01828","LO","LO","CODOGNO","98019","Codogno","MILANO-BOLOGNA","470","150","13","1620","87","0","1020","600","0","65","22","2023","Feriale","estivo","9.701405698","45.154978635","POINT (9.701405698 45.154978635)"
"C_nov 2017","251","S01804","LO","PV","S.MARTINO-CAVA","18041","Cava Manara","MILANO-GENOVA","160","20","7","330","38","0","290","50","0","32","6","2017","Fer","Invernale","9.115360868","4.514494907","POINT (9.115360868 45.14494907)"
"C_nov 2016","128","S01322","LO","MI","MONZA","108033","Monza","CHIASSO-MILANO","5530","3570","53","20250","352","13170","3080","4010","251","48","53","2016","Fer","Invernale","9.273281444","45.577867268","POINT (9.273281444 45.577867268)"
"C_nov 2016","169","S01454","LO","CO","MERONE","13147","Merone","ALBATE-MOLTENO","210","40","9","570","70","0","570","0","0","70","0","2016","Fer","Invernale","9.243809899","4.578144619","POINT (9.243809899 45.78144619)"
"C_nov 2022","2.857","S01647","LO","MI","MILANO P.G. PASS.","15146","Milano","PASSANTE","2780","5710","39","20100","330","20100","0","0","330","0","0","2022","Feriale","Invernale","9.185954917","45.484354097","POINT (9.185954917 45.484354097)"
"C_nov 2020","120","S01310","LO","CO","ALBATE-CAMERLATA","13075","Como","CHIASSO-MILANO","70","30","14","220","109","130","10","90","70","13","26","2020","Feriale","Invernale","0.907349887","45.777443385","POINT (9.07349887 45.777443385)"
"C_nov 2020","2.862","S01650","LO","MI","MILANO DATEO","15146","Milano","PASSANTE","250","550","38","1640","270","1640","0","0","270","0","0","2020","Feriale","Invernale","9.217309375","45.467669611","POINT (9.217309375 45.467669611)"
"C_nov 2021","2.729","S01076","LO","VA","Caronno Pertusella","12034","Caronno Pertusella","Milano Nord Cadorna - Sar","510","160","14","1160","114","1160","0","0","114","0","0","2021","Feriale","Invernale","9.058328414","45.598187372","POINT (9.058328414 45.598187372)"
"C_nov 2017","158","S01434","LO","SO","PONTE IN VALTELLINA","14052","Ponte in Valtellina","TIRANO-MILANO So-Tir","10","10","1","30","14","0","30","10","0","9","5","2017","Fer","Invernale","9.975919439","46.162708899","POINT (9.975919439 46.162708899)"
"C_nov 2020","209","S01533","LO","BG","SERIATE","16198","Seriate","LECCO-BRESCIA","30","20","5","130","34","0","130","0","0","34","0","2020","Feriale","Invernale","9.724660449","45.683226571","POINT (9.724660449 45.683226571)"
"C_nov 2018","2.857","S01647","LO","MI","MILANO P.G. PASS.","15146","Milano","PASSANTE","3600","7680","40","26220","361","26220","0","0","361","0","0","2018","Fer","Invernale","9.185954917","45.484354097","POINT (9.185954917 45.484354097)"
"C_nov 2017","2.758","S01074","LO","MI","Garbagnate Milanese","15105","Garbagnate Milanese","Milano Nord Cadorna - Sar","1420","340","18","3610","141","3610","0","0","141","0","0","2017","Fer","Invernale","0.908029848","45.579923026","POINT (9.08029848 45.579923026)"
"C_nov 2019","244","S01713","LO","BS","CHIARI","17052","Chiari","MILANO-VENEZIA","580","160","9","1830","63","0","820","1010","0","31","32","2019","Fer","Invernale","9.926507709","45.540192478","POINT (9.926507709 45.540192478)"
"C_Luglio2023","276","S01848","LO","MN","CANNETO SULL'OGLIO","20008","Canneto sull'Oglio","BRESCIA-PARMA","40","30","4","150","25","0","150","0","0","25","0","2023","Feriale","estivo","10.371498908","45.150287495","POINT (10.371498908 45.150287495)"
"C_nov 2019","322","S01944","LO","PV","BRONI","18024","Broni","ALESS.-PIACENZA","100","30","4","470","37","0","470","0","0","37","0","2019","Fer","Invernale","9.258788494","45.066345425","POINT (9.258788494 45.066345425)"
"C_nov 2020","94","S01116","LO","VA","PORTO VALTRAVAGLIA","12114","Porto Valtravaglia","LUINO-GALLARATE","10","10","3","40","29","0","40","0","0","29","0","2020","Feriale","Invernale","0.867417775","45.958294809","POINT (8.67417775 45.958294809)"
"C_nov 2020","176","S01463","LO","LC","VALMADRERA","97083","Valmadrera","MONZA-LECCO","40","40","8","160","41","160","10","0","36","5","0","2020","Feriale","Invernale","9.368215149","45.846520175","POINT (9.368215149 45.846520175)"
"C_nov 2018","6","S00034","LO","PV","MORTARA","18102","Mortara","MILANO-MORTARA-AL","890","570","14","2930","87","0","2930","0","0","87","0","2018","Fer","Invernale","0.873168138","45.252256076","POINT (8.73168138 45.252256076)"
"C_Novembre2023","40","S00278","LO","PV","VILLANOVA D'ARDENGHI","18179","Villanova d'Ardenghi","VERCELLI-PAVIA","20","20","4","80","25","0","80","0","0","25","0","2023","Feriale","Invernale","9.037210497","45.157063438","POINT (9.037210497 45.157063438)"
"C_nov 2017","5.838","S01612","LO","BG","STEZZANO","16207","Stezzano","BERGAMO-CREMONA","130","40","8","280","53","0","280","10","0","52","1","2017","Fer","Invernale","9.644627368","45.658395935","POINT (9.644627368 45.658395935)"
"C_nov 2015","37","S00275","LO","PV","TROMELLO","18164","Tromello","VERCELLI-PAVIA","70","10","4","170","28","0","170","0","0","28","0","2015","Fer","Invernale","8.872184279","45.212069548","POINT (8.872184279 45.212069548)"
"C_nov 2021","85","S01041","LO","MI","CORBETTA-S.STEFANO TIC.","15200","Santo Stefano Ticino","TORINO-MILANO","340","110","8","1100","67","1100","0","0","67","0","0","2021","Feriale","Invernale","8.917496093","45.480908343","POINT (8.917496093 45.480908343)"
"C_nov 2017","215","S01539","LO","BS","COLOGNE","17059","Cologne","LECCO-BRESCIA","50","20","3","210","31","0","210","0","0","31","0","2017","Fer","Invernale","9.935343868","45.576709508","POINT (9.935343868 45.576709508)"
"C_nov 2017","126","S01320","LO","MI","DESIO","108023","Desio","CHIASSO-MILANO","1290","410","18","3480","142","3380","0","100","140","0","2","2017","Fer","Invernale","9.218522811","45.620194911","POINT (9.218522811 45.620194911)"
"C_nov 2015","2.802","S01792","LO","BS","Rovato Borgo","17166","Rovato","Bornato - Rovato","10","20","4","30","16","0","30","0","0","16","0","2015","Fer","Invernale","10.002190507","45.552804384","POINT (10.002190507 45.552804384)"
"C_Luglio2023","2.813","S01785","LO","BS","Sulzano","17182","Sulzano","Iseo - Pisogne","40","20","5","640","32","0","560","90","0","21","11","2023","Feriale","estivo","10.100657593","45.689468948","POINT (10.100657593 45.689468948)"
"C_nov 2020","2.731","S01758","LO","CO","Caslino al Piano","13036","Cadorago","Saronno - Como","50","30","8","140","54","0","140","0","0","54","0","2020","Feriale","Invernale","9.040174552","45.711047814","POINT (9.040174552 45.711047814)"
"C_nov 2017","289","S01867","LO","PV","MIRADOLO TERME","18093","Miradolo Terme","PAVIA-CASALPUST.","90","20","5","160","28","0","160","0","0","28","0","2017","Fer","Invernale","9.449985524","45.162088065","POINT (9.449985524 45.162088065)"
"C_nov 2020","5.820","S01492","LO","MI","Milano Forlanini","15146","Milano","PASSANTE","180","300","23","1000","185","1000","0","0","185","0","0","2020","Feriale","Invernale","9.237061003","45.462399481","POINT (9.237061003 45.462399481)"
"C_nov 2017","36","S00274","LO","PV","GAMBOLO'-REMONDO'","18068","Gambolo'","VERCELLI-PAVIA","20","10","4","50","28","0","50","0","0","28","0","2017","Fer","Invernale","8.797608181","45.235955245","POINT (8.797608181 45.235955245)"
"C_Novembre2023","2.714","S01929","LO","MI","Seveso Baruccana","108040","Seveso","Saronno - Seregno","120","60","7","480","63","480","0","0","63","0","0","2023","Feriale","Invernale","9.162510091","4.563793739","POINT (9.162510091 45.63793739)"
"C_nov 2020","2.817","S01751","LO","MI","Turbigo","15226","Turbigo","Saronno - Novara","60","30","6","200","34","0","200","0","0","34","0","2020","Feriale","Invernale","8.738913891","45.528044364","POINT (8.738913891 45.528044364)"
"C_nov 2016","94","S01116","LO","VA","PORTO VALTRAVAGLIA","12114","Porto Valtravaglia","LUINO-GALLARATE","50","20","3","120","30","0","120","0","0","30","0","2016","Fer","Invernale","0.867417775","45.958294809","POINT (8.67417775 45.958294809)"
"C_nov 2019","308","S01918","LO","CR","TORRE DE' PICENARDI","19107","Torre de' Picenardi","CODOGNO-MANTOVA","10","0","1","70","9","0","60","10","0","8","1","2019","Fer","Invernale","10.286872398","45.137279533","POINT (10.286872398 45.137279533)"
"C_nov 2021","207","S01528","LO","BG","PONTE S.PIETRO","16170","Ponte San Pietro","LECCO-BRESCIA","460","150","10","1340","71","0","1340","0","0","71","0","2021","Feriale","Invernale","9.584359693","45.699232686","POINT (9.584359693 45.699232686)"
"C_nov 2022","107","S01144","LO","VA","MORNAGO CIMBRO","12106","Mornago","LUINO-GALLARATE","50","20","5","110","28","40","80","0","10","18","0","2022","Feriale","Invernale","8.734232423","45.729818919","POINT (8.734232423 45.729818919)"
"C_nov 2016","287","S01865","LO","PV","CORTEOLONA","18056","Corteolona","PAVIA-CASALPUST.","100","20","6","140","28","0","140","0","0","28","0","2016","Fer","Invernale","9.375508787","45.159782769","POINT (9.375508787 45.159782769)"
"C_nov 2021","2.709","S01092","LO","CO","Arosio","13012","Arosio","Seveso - Asso","190","40","8","460","47","0","460","0","0","47","0","2021","Feriale","Invernale","9.210246869","4.571835634","POINT (9.210246869 45.71835634)"
"C_nov 2015","229","S01632","LO","MI","MILANO PORTA ROMANA","15146","Milano","MILANO-MORTARA-AL","330","770","8","1720","69","1720","0","0","69","0","0","2015","Fer","Invernale","0.921316275","45.445922893","POINT (9.21316275 45.445922893)"
"C_Novembre2023","232","S01700","LO","MI","MILANO CENTRALE","15146","Milano","MILANO-BOLOGNA","3100","8650","43","31470","283","120","3610","27750","3","48","232","2023","Feriale","Invernale","9.204867788","45.486276592","POINT (9.204867788 45.486276592)"
"C_nov 2016","251","S01804","LO","PV","S.MARTINO-CAVA","18041","Cava Manara","MILANO-GENOVA","140","20","7","250","38","0","210","40","0","32","6","2016","Fer","Invernale","9.115360868","4.514494907","POINT (9.115360868 45.14494907)"
"C_nov 2017","242","S01711","LO","BG","ROMANO","16183","Romano di Lombardia","MILANO-VENEZIA","770","230","10","2070","64","0","1090","980","0","33","31","2017","Fer","Invernale","0.975343152","45.523917724","POINT (9.75343152 45.523917724)"
"C_nov 2020","2.785","S01726","LO","CO","Mozzate","13159","Mozzate","Saronno - Varese Nord","90","50","8","300","54","0","300","0","0","54","0","2020","Feriale","Invernale","8.955224279","45.677788011","POINT (8.955224279 45.677788011)"
"C_nov 2018","2.805","S01784","LO","BS","Sale Marasino","17169","Sale Marasino","Iseo - Pisogne","90","20","4","210","34","0","160","60","0","21","13","2018","Fer","Invernale","10.111830104","4.571279216","POINT (10.111830104 45.71279216)"
"C_Novembre2023","2.820","S01738","LO","VA","Varese Nord","12133","Varese","Saronno - Varese Nord","860","1470","13","4170","80","0","2840","1330","0","63","17","2023","Feriale","Invernale","8.834307422","4.581847437","POINT (8.834307422 45.81847437)"
"C_Novembre2023","162","S01438","LO","SO","BIANZONE","14008","Bianzone","TIRANO-MILANO So-Tir","30","10","1","30","5","0","10","30","0","4","1","2023","Feriale","Invernale","1.011252885","46.179456527","POINT (10.11252885 46.179456527)"
"C_nov 2022","93","S01113","LO","VA","LUINO","12092","Luino","LUINO-GALLARATE","50","60","4","330","29","180","150","0","10","19","0","2022","Feriale","Invernale","8.737497575","45.996713632","POINT (8.737497575 45.996713632)"
"C_nov 2016","36","S00274","LO","PV","GAMBOLO'-REMONDO'","18068","Gambolo'","VERCELLI-PAVIA","20","10","4","40","28","0","40","0","0","28","0","2016","Fer","Invernale","8.797608181","45.235955245","POINT (8.797608181 45.235955245)"
"C_nov 2022","302","S01912","LO","CR","PONTE D'ADDA","19076","Pizzighettone","CODOGNO-MANTOVA","210","40","6","360","33","0","50","310","0","11","22","2022","Feriale","Invernale","9.790770435","45.184437624","POINT (9.790770435 45.184437624)"
"C_nov 2018","5.838","S01612","LO","BG","STEZZANO","16207","Stezzano","BERGAMO-CREMONA","120","50","8","300","53","0","300","0","0","52","1","2018","Fer","Invernale","9.644627368","45.658395935","POINT (9.644627368 45.658395935)"
"C_nov 2022","183","S01486","LO","MI","CARATE-CALO'","108015","Carate Brianza","MONZA-LECCO","20","10","8","40","40","40","0","0","40","0","0","2022","Feriale","Invernale","9.252340508","4.567652894","POINT (9.252340508 45.67652894)"
"C_nov 2015","47","S00405","LO","PV","LOMELLO","18083","Lomello","CAVA C.-TORREBER","40","10","4","100","27","0","100","0","0","27","0","2015","FER","Invernale","8.799151452","45.117357692","POINT (8.799151452 45.117357692)"
"C_nov 2015","2.803","S01756","LO","CO","Rovellasca-Manera","13201","Rovellasca","Saronno - Como","510","60","7","990","62","0","990","10","0","61","1","2015","Fer","Invernale","9.038331172","0.456656699","POINT (9.038331172 45.6656699)"
"C_nov 2017","169","S01454","LO","CO","MERONE","13147","Merone","ALBATE-MOLTENO","240","70","9","620","73","0","620","0","0","73","0","2017","Fer","Invernale","9.243809899","4.578144619","POINT (9.243809899 45.78144619)"
"C_nov 2019","110","S01202","LO","VA","BISUSCHIO-VIGGIU'","12015","Bisuschio","PORTO C.-GALLARATE","60","30","4","160","34","0","0","160","0","0","34","2019","Fer","Invernale","8.887580152","45.870733966","POINT (8.887580152 45.870733966)"
"C_nov 2020","89","S01062","LO","MI","ABBIATEGRASSO","15002","Abbiategrasso","MILANO-MORTARA-AL","370","130","7","1290","45","0","1290","0","0","45","0","2020","Feriale","Invernale","8.921337035","45.400715222","POINT (8.921337035 45.400715222)"
"C_nov 2017","137","S01406","LO","LC","PIONA","97023","Colico","TIRANO-MILANO Lc-So","10","10","3","50","27","0","50","0","0","26","1","2017","Fer","Invernale","0.935079332","46.124769888","POINT (9.35079332 46.124769888)"
"C_Luglio2023","214","S01538","LO","BS","PALAZZOLO SULL'OGLIO","17133","Palazzolo sull'Oglio","LECCO-BRESCIA","130","70","5","550","39","0","550","0","0","39","0","2023","Feriale","estivo","9.896263591","4.560155941","POINT (9.896263591 45.60155941)"
"C_nov 2016","77","S01030","LO","VA","GALLARATE","12070","Gallarate","DOMODOSSOLA-MILANO","2780","1530","26","9000","193","3180","3010","2820","76","65","52","2016","Fer","Invernale","0.879828248","45.659901549","POINT (8.79828248 45.659901549)"
"C_nov 2015","207","S01528","LO","BG","PONTE S.PIETRO","16170","Ponte San Pietro","LECCO-BRESCIA","770","280","12","1910","81","0","1910","0","0","81","0","2015","Fer","Invernale","9.584359693","45.699232686","POINT (9.584359693 45.699232686)"
"C_nov 2019","2.860","S01138","LO","VA","Ferno-Lonate P.","12068","Ferno","Busto Arsizio - Malpensa","270","120","8","820","73","200","620","0","36","37","0","2019","Fer","Invernale","8.754982528","45.608628952","POINT (8.754982528 45.608628952)"
"C_nov 2017","2.784","S01740","LO","VA","Morosolo-Casciago","12038","Casciago","Varese Nord - Laveno Momb","150","30","8","290","42","0","90","200","0","21","21","2017","Fer","Invernale","8.777403493","45.826573232","POINT (8.777403493 45.826573232)"
"C_nov 2018","2.736","S01790","LO","BS","Cazzago S.Martino","17046","Cazzago San Martino","Bornato - Rovato","10","10","4","20","16","0","20","0","0","16","0","2018","Fer","Invernale","10.027624252","45.576339503","POINT (10.027624252 45.576339503)"
"C_nov 2021","151","S01425","LO","SO","MORBEGNO","14045","Morbegno","TIRANO-MILANO Lc-So","370","240","7","1060","48","0","520","540","0","20","28","2021","Feriale","Invernale","9.568674621","46.136732198","POINT (9.568674621 46.136732198)"
"C_nov 2020","289","S01867","LO","PV","MIRADOLO TERME","18093","Miradolo Terme","PAVIA-CASALPUST.","10","10","4","30","20","0","30","0","0","20","0","2020","Feriale","Invernale","9.449985524","45.162088065","POINT (9.449985524 45.162088065)"
"C_nov 2015","2.807","S01077","LO","VA","Saronno Sud","12119","Saronno","Milano Nord Cadorna - Sar","430","190","24","1010","207","1010","0","0","207","0","0","2015","Fer","Invernale","9.045593579","45.611839478","POINT (9.045593579 45.611839478)"
"C_nov 2019","2.776","S01783","LO","BS","Marone-Zone","17106","Marone","Iseo - Pisogne","70","10","4","190","34","0","140","50","0","21","13","2019","Fer","Invernale","10.093296727","45.738197328","POINT (10.093296727 45.738197328)"
"C_Luglio2023","2.717","S01072","LO","MI","Bollate Nord","15027","Bollate","Milano Nord Cadorna - Sar","300","110","16","840","133","840","0","0","133","0","0","2023","Feriale","estivo","9.112398385","45.552681567","POINT (9.112398385 45.552681567)"
"C_nov 2021","327","S01950","EM","PC","ROTTOFRENO","33039","Rottofreno","ALESS.-PIACENZA","0","0","0","20","11","0","20","0","0","11","0","2021","Feriale","Invernale","9.549300156","4.506050732","POINT (9.549300156 45.06050732)"
"C_nov 2021","89","S01062","LO","MI","ABBIATEGRASSO","15002","Abbiategrasso","MILANO-MORTARA-AL","950","320","8","2720","46","0","2720","0","0","46","0","2021","Feriale","Invernale","8.921337035","45.400715222","POINT (8.921337035 45.400715222)"
"C_nov 2022","2.815","S01729","LO","VA","Tradate","12127","Tradate","Saronno - Varese Nord","910","410","13","2270","76","0","1620","650","0","60","16","2022","Feriale","Invernale","8.906902965","45.710305004","POINT (8.906902965 45.710305004)"
"C_nov 2019","2.722","S01005","LO","BS","Breno","17028","Breno","Pisogne - Breno","50","130","3","310","32","0","150","160","0","19","13","2019","Fer","Invernale","10.305483792","45.959261369","POINT (10.305483792 45.959261369)"
"C_nov 2019","41","S00279","LO","PV","CAVA CARBONARA","18151","Sommo","VERCELLI-PAVIA","10","10","4","10","21","0","10","0","0","21","0","2019","Fer","Invernale","9.071427457","45.147136385","POINT (9.071427457 45.147136385)"
"C_nov 2016","2.728","S01771","LO","BS","Capo di Ponte","17035","Capo di Ponte","Breno - Edolo","20","10","3","70","17","0","40","40","0","4","13","2016","Fer","Invernale","10.346501697","46.030817614","POINT (10.346501697 46.030817614)"
"C_nov 2021","2.720","S01789","LO","BS","Bornato Calino","17046","Cazzago San Martino","Brescia - Iseo","120","20","8","190","41","0","170","20","0","38","3","2021","Feriale","Invernale","10.033113278","45.590424717","POINT (10.033113278 45.590424717)"
"C_nov 2020","221","S01604","LO","CR","CASALETTO VAPRIO","19020","Casaletto Vaprio","BERGAMO-CREMONA","20","10","4","50","33","0","50","0","0","33","0","2020","Feriale","Invernale","9.631769572","45.408725407","POINT (9.631769572 45.408725407)"
"C_nov 2021","110","S01202","LO","VA","BISUSCHIO-VIGGIU'","12015","Bisuschio","PORTO C.-GALLARATE","50","80","4","150","33","0","0","150","0","0","33","2021","Feriale","Invernale","8.887580152","45.870733966","POINT (8.887580152 45.870733966)"
"C_Novembre2023","95","S01117","LO","VA","CALDE'","12045","Castelveccana","LUINO-GALLARATE","10","10","1","30","26","20","20","0","11","15","0","2023","Feriale","Invernale","8.663196767","45.945891984","POINT (8.663196767 45.945891984)"
"C_nov 2021","2.864","S01715","LO","MI","SEGRATE","15205","Segrate","MILANO-VENEZIA","460","420","16","1620","134","1620","0","0","134","0","0","2021","Feriale","Invernale","9.291418669","45.479594282","POINT (9.291418669 45.479594282)"
"C_nov 2022","268","S01840","LO","BS","MONTIRONE","17114","Montirone","BRESCIA-PARMA","20","10","4","50","25","0","50","0","0","25","0","2022","Feriale","Invernale","10.239507594","45.451430581","POINT (10.239507594 45.451430581)"
"C_nov 2022","243","S01712","LO","BG","CALCIO","16044","Calcio","MILANO-VENEZIA","40","20","5","160","30","0","160","0","0","30","0","2022","Feriale","Invernale","9.841366587","45.533015966","POINT (9.841366587 45.533015966)"
"C_nov 2019","2.790","S01083","LO","MI","Palazzolo Milanese","15166","Paderno Dugnano","Milano Nord Bovisa - Seve","1210","220","17","2750","135","2750","0","0","135","0","0","2019","Fer","Invernale","9.156496054","45.580997631","POINT (9.156496054 45.580997631)"
"C_nov 2016","306","S01916","LO","CR","VILLETTA MALAGNINO","19056","Malagnino","CODOGNO-MANTOVA","40","10","2","50","22","0","50","10","0","21","1","2016","Fer","Invernale","10.111974549","45.137104731","POINT (10.111974549 45.137104731)"
"C_nov 2020","325","S01948","EM","PC","CASTEL S.GIOVANNI","33013","Castel San Giovanni","ALESS.-PIACENZA","20","10","1","150","14","0","150","0","0","14","0","2020","Feriale","Invernale","9.436615112","4.506320024","POINT (9.436615112 45.06320024)"
"C_nov 2022","141","S01411","LO","LC","VARENNA ESINO","97084","Varenna","TIRANO-MILANO Lc-So","110","70","6","640","52","0","130","510","0","23","29","2022","Feriale","Invernale","9.286432309","46.015079717","POINT (9.286432309 46.015079717)"
"C_nov 2018","5","S00033","LO","PV","ALBONESE","18003","Albonese","NOVARA-MORTARA","30","10","3","30","10","0","30","0","0","10","0","2018","Fer","Invernale","8.714636963","45.297869975","POINT (8.714636963 45.297869975)"
"C_nov 2020","188","S01491","LO","LC","COSTA MASNAGA","97026","Costa Masnaga","MONZA-LECCO","20","20","8","80","38","80","0","0","38","0","0","2020","Feriale","Invernale","0.928526064","45.763506456","POINT (9.28526064 45.763506456)"
"C_nov 2022","207","S01528","LO","BG","PONTE S.PIETRO","16170","Ponte San Pietro","LECCO-BRESCIA","590","260","10","1650","72","0","1650","0","0","72","0","2022","Feriale","Invernale","9.584359693","45.699232686","POINT (9.584359693 45.699232686)"
"C_Novembre2023","122","S01313","LO","CO","CANTU'-CERMENATE","13064","Cermenate","CHIASSO-MILANO","420","100","10","800","73","700","0","110","71","0","2","2023","Feriale","Invernale","9.099312432","45.716313773","POINT (9.099312432 45.716313773)"
"C_nov 2020","2.737","S01769","LO","BS","Cedegolo","17047","Cedegolo","Breno - Edolo","20","10","4","20","17","0","10","10","0","4","13","2020","Feriale","Invernale","10.350009092","46.072304074","POINT (10.350009092 46.072304074)"
"C_Novembre2023","207","S01528","LO","BG","PONTE S.PIETRO","16170","Ponte San Pietro","LECCO-BRESCIA","460","320","10","1200","71","0","1200","0","0","71","0","2023","Feriale","Invernale","9.584359693","45.699232686","POINT (9.584359693 45.699232686)"
"C_nov 2015","45","S00403","LO","PV","SANNAZZARO","18138","Sannazzaro de' Burgondi","CAVA C.-TORREBER","90","50","4","350","27","0","350","0","0","27","0","2015","FER","Invernale","8.905182695","45.105626227","POINT (8.905182695 45.105626227)"
"C_Luglio2023","2.727","S01099","LO","CO","Canzo","13042","Canzo","Seveso - Asso","40","10","3","190","33","0","190","0","0","33","0","2023","Feriale","estivo","0.927022843","45.849100359","POINT (9.27022843 45.849100359)"
"C_nov 2015","157","S01433","LO","SO","POGGIRIDENTI-TRESIVIO","14051","Poggiridenti","TIRANO-MILANO So-Tir","0","0","1","10","11","0","10","0","0","11","0","2015","FER","Invernale","9.933843175","46.166961926","POINT (9.933843175 46.166961926)"
"C_nov 2018","7","S00036","LO","PV","OLEVANO","18104","Olevano di Lomellina","MILANO-MORTARA-AL","20","10","2","90","10","0","90","0","0","10","0","2018","Fer","Invernale","0.871185336","4.521219615","POINT (8.71185336 45.21219615)"
"C_nov 2017","5.840","S01722","LO","MI","POZZUOLO MART.","15178","Pozzuolo Martesana","MILANO-VENEZIA","470","130","16","980","97","980","10","0","96","1","0","2017","Fer","Invernale","9.465176435","45.510126551","POINT (9.465176435 45.510126551)"
"C_Luglio2023","2.775","S01089","LO","CO","Mariano Comense","13143","Mariano Comense","Seveso - Asso","470","120","8","1100","53","40","1070","0","3","50","0","2023","Feriale","estivo","0.918152941","45.693595207","POINT (9.18152941 45.693595207)"
"C_nov 2018","105","S01142","LO","VA","TRAVEDONA-BIANDRONNO","12128","Travedona-Monate","LUINO-GALLARATE","20","10","3","90","30","0","90","0","0","30","0","2018","Fer","Invernale","8.696358289","4.580968175","POINT (8.696358289 45.80968175)"
"C_nov 2019","2.783","S01066","LO","MI","Milano Nord Cadorna","15146","Milano","Milano Nord Cadorna - Sar","3440","20130","62","48360","464","14670","23580","10120","154","202","108","2019","Fer","Invernale","9.175179183","45.468514231","POINT (9.175179183 45.468514231)"
"C_nov 2021","221","S01604","LO","CR","CASALETTO VAPRIO","19020","Casaletto Vaprio","BERGAMO-CREMONA","70","20","4","210","35","0","210","0","0","35","0","2021","Feriale","Invernale","9.631769572","45.408725407","POINT (9.631769572 45.408725407)"
"C_Novembre2023","2.792","S01776","LO","BS","Pian di Borno","17206","Piancogno","Pisogne - Breno","20","10","2","40","11","0","40","0","0","11","0","2023","Feriale","Invernale","10.221581526","45.915836231","POINT (10.221581526 45.915836231)"
"C_nov 2020","2.727","S01099","LO","CO","Canzo","13042","Canzo","Seveso - Asso","20","10","3","70","34","0","70","0","0","34","0","2020","Feriale","Invernale","0.927022843","45.849100359","POINT (9.27022843 45.849100359)"
"C_nov 2017","128","S01322","LO","MI","MONZA","108033","Monza","CHIASSO-MILANO","5300","3650","53","21030","355","14130","2730","4180","253","48","54","2017","Fer","Invernale","9.273281444","45.577867268","POINT (9.273281444 45.577867268)"
"C_nov 2021","282","S01860","LO","PV","PAVIA","18110","Pavia","MILANO-GENOVA","1520","2700","31","8800","197","2830","3710","2270","69","97","31","2021","Feriale","Invernale","9.144713646","45.188924433","POINT (9.144713646 45.188924433)"
"C_nov 2016","47","S00405","LO","PV","LOMELLO","18083","Lomello","CAVA C.-TORREBER","40","10","4","110","26","0","110","0","0","26","0","2016","Fer","Invernale","8.799151452","45.117357692","POINT (8.799151452 45.117357692)"
"C_Novembre2023","2","S00030","PI","AL","GARBAGNA","6079","Garbagna","NOVARA-MORTARA","30","10","3","40","10","0","40","0","0","10","0","2023","Feriale","Invernale","8.666334325","4.538567409","POINT (8.666334325 45.38567409)"
"C_nov 2017","2.810","S01073","LO","MI","Garbagnate Parco Groane","15105","Garbagnate Milanese","Milano Nord Cadorna - Sar","790","210","18","1700","141","1700","0","0","141","0","0","2017","Fer","Invernale","9.091157698","45.571158456","POINT (9.091157698 45.571158456)"
"C_Novembre2023","113","S01205","LO","VA","VARESE","12133","Varese","PORTO C.-GALLARATE","1110","1580","20","5650","161","3570","0","2090","123","0","38","2023","Feriale","Invernale","0.883313115","45.816277257","POINT (8.83313115 45.816277257)"
"C_nov 2022","2.759","S01742","LO","VA","Gavirate","12072","Gavirate","Varese Nord - Laveno Momb","150","190","6","660","40","0","410","260","0","24","16","2022","Feriale","Invernale","8.714805048","4.584561142","POINT (8.714805048 45.84561142)"
"C_nov 2015","241","S01710","LO","BG","MORENGO-BARIANO","16020","Bariano","MILANO-VENEZIA","120","10","5","240","33","0","240","0","0","32","1","2015","FER","Invernale","9.703143454","45.521713564","POINT (9.703143454 45.521713564)"
"C_nov 2022","278","S01850","LO","CR","CASALMAGGIORE","19021","Casalmaggiore","BRESCIA-PARMA","120","50","4","370","32","0","370","0","0","32","0","2022","Feriale","Invernale","10.425041217","44.993222003","POINT (10.425041217 44.993222003)"
"C_nov 2018","79","S01033","LO","MI","LEGNANO","15118","Legnano","DOMODOSSOLA-MILANO","1850","650","16","5930","116","3570","390","1980","74","7","35","2018","Fer","Invernale","8.910667666","4.559373533","POINT (8.910667666 45.59373533)"
"C_nov 2020","168","S01453","LO","CO","ANZANO DEL PARCO","13009","Anzano del Parco","ALBATE-MOLTENO","0","10","3","10","13","0","10","0","0","13","0","2020","Feriale","Invernale","9.202711127","45.765037334","POINT (9.202711127 45.765037334)"
"C_nov 2017","46","S00404","LO","PV","FERRERA LOMELLINA","18062","Ferrera Erbognone","CAVA C.-TORREBER","20","10","4","70","26","0","70","0","0","26","0","2017","Fer","Invernale","8.862842274","45.111893407","POINT (8.862842274 45.111893407)"
"C_nov 2017","230","S01640","LO","MI","MILANO CERTOSA","15146","Milano","TORINO-MILANO","1250","1400","24","5980","186","5870","80","40","179","4","3","2017","Fer","Invernale","0.913393857","45.507007737","POINT (9.13393857 45.507007737)"
"C_nov 2020","328","S01951","EM","PC","S.NICOLO'","33039","Rottofreno","ALESS.-PIACENZA","0","0","0","10","11","0","10","0","0","11","0","2020","Feriale","Invernale","9.606551575","4.505875181","POINT (9.606551575 45.05875181)"
"C_nov 2016","161","S01437","LO","SO","TRESENDA-APRICA-TEGLIO","14065","Teglio","TIRANO-MILANO So-Tir","90","10","4","180","30","0","20","170","0","9","21","2016","Fer","Invernale","10.083777059","46.162155619","POINT (10.083777059 46.162155619)"
"C_Luglio2023","2.817","S01751","LO","MI","Turbigo","15226","Turbigo","Saronno - Novara","170","70","6","510","34","0","510","0","0","34","0","2023","Feriale","estivo","8.738913891","45.528044364","POINT (8.738913891 45.528044364)"
"C_nov 2018","126","S01320","LO","MI","DESIO","108023","Desio","CHIASSO-MILANO","1310","380","18","3520","143","3430","0","100","141","0","2","2018","Fer","Invernale","9.218522811","45.620194911","POINT (9.218522811 45.620194911)"
"C_nov 2020","274","S01846","LO","BS","REMEDELLO SOTTO","17160","Remedello","BRESCIA-PARMA","10","20","5","30","23","0","30","0","0","23","0","2020","Feriale","Invernale","1.038843093","45.257552358","POINT (10.38843093 45.257552358)"
"C_nov 2016","207","S01528","LO","BG","PONTE S.PIETRO","16170","Ponte San Pietro","LECCO-BRESCIA","870","320","12","2130","81","0","2130","0","0","81","0","2016","Fer","Invernale","9.584359693","45.699232686","POINT (9.584359693 45.699232686)"
"C_nov 2017","5.841","S01104","LO","MI","PIEVE EMANUELE","15173","Pieve Emanuele","MILANO-GENOVA","400","180","8","1330","74","1330","0","10","72","0","2","2017","Fer","Invernale","9.204837997","45.341109745","POINT (9.204837997 45.341109745)"
"C_nov 2021","87","S01060","LO","PV","PARONA LOMELLINA","18109","Parona","MILANO-MORTARA-AL","100","80","5","500","43","0","500","0","0","43","0","2021","Feriale","Invernale","8.780351933","45.280183485","POINT (8.780351933 45.280183485)"
"C_nov 2018","175","S01462","LO","LC","CIVATE","97022","Civate","MONZA-LECCO","20","20","5","70","34","70","10","0","33","1","0","2018","Fer","Invernale","9.352910244","45.831371067","POINT (9.352910244 45.831371067)"
"C_Luglio2023","145","S01415","LO","LC","MANDELLO DEL LARIO","97046","Mandello del Lario","TIRANO-MILANO Lc-So","270","30","5","1140","56","0","330","820","0","27","29","2023","Feriale","estivo","9.322094648","45.915283559","POINT (9.322094648 45.915283559)"
"C_nov 2021","182","S01485","LO","MI","TRIUGGIO-PONTE ALBIATE","108043","Triuggio","MONZA-LECCO","150","20","6","290","40","290","0","0","40","0","0","2021","Feriale","Invernale","9.266989378","45.659034087","POINT (9.266989378 45.659034087)"
"C_nov 2021","293","S01871","LO","LO","OSPEDALETTO LODIGIANO","98043","Ospedaletto Lodigiano","PAVIA-CASALPUST.","30","10","2","120","22","0","120","0","0","22","0","2021","Feriale","Invernale","9.575189061","45.169411515","POINT (9.575189061 45.169411515)"
"C_nov 2021","152","S01426","LO","SO","TALAMONA","14063","Talamona","TIRANO-MILANO Lc-So","80","10","4","100","19","0","100","0","0","19","0","2021","Feriale","Invernale","0.959956252","46.139593883","POINT (9.59956252 46.139593883)"
"C_nov 2022","5.835","S01032","LO","MI","Milano Romolo","15146","Milano","MILANO-MORTARA-AL","330","860","8","1970","67","1970","0","0","67","0","0","2022","Feriale","Invernale","9.159273436","4.544587573","POINT (9.159273436 45.44587573)"
"C_nov 2015","277","S01849","LO","CR","S.GIOVANNI IN CROCE","19090","San Giovanni in Croce","BRESCIA-PARMA","30","10","3","100","27","0","100","0","0","27","0","2015","Fer","Invernale","1.037754875","45.075865263","POINT (10.37754875 45.075865263)"
"C_nov 2017","42","S00400","LO","PV","SAIRANO-ZINASCO","18190","Zinasco","CAVA C.-TORREBER","20","10","5","60","26","0","60","0","0","26","0","2017","Fer","Invernale","9.030186913","45.133877321","POINT (9.030186913 45.133877321)"
"C_nov 2016","327","S01950","EM","PC","ROTTOFRENO","33039","Rottofreno","ALESS.-PIACENZA","0","0","0","20","14","0","20","0","0","14","0","2016","Fer","Invernale","9.549300156","4.506050732","POINT (9.549300156 45.06050732)"
"C_nov 2017","236","S01705","LO","MI","MELZO","15142","Melzo","MILANO-VENEZIA","930","380","16","2290","99","2280","20","10","96","1","2","2017","Fer","Invernale","9.433304033","4.550454073","POINT (9.433304033 45.50454073)"
"C_nov 2022","312","S01922","LO","MN","OSPITALETTO MANTOV.","20031","Marcaria","CODOGNO-MANTOVA","10","0","1","10","6","0","10","0","0","6","0","2022","Feriale","Invernale","10.604427864","45.129824898","POINT (10.604427864 45.129824898)"
"C_nov 2017","2.740","S01075","LO","MI","Cesate","15076","Cesate","Milano Nord Cadorna - Sar","980","160","16","2130","139","2130","0","0","139","0","0","2017","Fer","Invernale","9.066684079","45.590910137","POINT (9.066684079 45.590910137)"
"C_Luglio2023","2.759","S01742","LO","VA","Gavirate","12072","Gavirate","Varese Nord - Laveno Momb","110","40","6","450","40","0","210","250","0","23","17","2023","Feriale","estivo","8.714805048","4.584561142","POINT (8.714805048 45.84561142)"
"C_nov 2015","84","S01040","LO","MI","MAGENTA","15130","Magenta","TORINO-MILANO","920","250","8","2510","74","2510","0","0","74","0","0","2015","Fer","Invernale","8.880674725","45.468283265","POINT (8.880674725 45.468283265)"
"C_nov 2015","387","S05000","EM","PC","PIACENZA","33032","Piacenza","MILANO-BOLOGNA","640","440","9","1920","59","0","1920","0","0","59","0","2015","Fer","Invernale","9.706305088","4.505208441","POINT (9.706305088 45.05208441)"
"C_nov 2019","112","S01204","LO","VA","INDUNO OLONA","12083","Induno Olona","PORTO C.-GALLARATE","340","90","12","870","104","580","0","290","70","0","34","2019","Fer","Invernale","8.838391122","45.846513143","POINT (8.838391122 45.846513143)"
"C_Novembre2023","170","S01456","LO","CO","MOIANA","13147","Merone","ALBATE-MOLTENO","30","10","4","60","22","0","60","0","0","22","0","2023","Feriale","Invernale","9.255642213","45.787158223","POINT (9.255642213 45.787158223)"
"C_nov 2019","2.766","S01021","LO","BS","Iseo","17085","Iseo","Brescia - Iseo","120","330","6","740","51","0","550","200","0","38","13","2019","Fer","Invernale","10.050103236","45.656525986","POINT (10.050103236 45.656525986)"
"C_Novembre2023","86","S01042","LO","MI","VITTUONE-ARLUNO","15243","Vittuone","TORINO-MILANO","730","320","8","1800","69","1800","0","0","69","0","0","2023","Feriale","Invernale","8.947336756","45.491137732","POINT (8.947336756 45.491137732)"
"C_Luglio2023","137","S01406","LO","LC","PIONA","97023","Colico","TIRANO-MILANO Lc-So","20","10","3","110","39","0","110","10","0","34","5","2023","Feriale","estivo","0.935079332","46.124769888","POINT (9.35079332 46.124769888)"
"C_nov 2018","2","S00030","PI","AL","GARBAGNA","6079","Garbagna","NOVARA-MORTARA","30","10","3","40","10","0","40","0","0","10","0","2018","Fer","Invernale","8.666334325","4.538567409","POINT (8.666334325 45.38567409)"
"C_nov 2017","285","S01863","LO","PV","ALBUZZANO","18004","Albuzzano","PAVIA-CASALPUST.","20","0","5","20","27","0","20","0","0","27","0","2017","Fer","Invernale","9.261661322","4.517259006","POINT (9.261661322 45.17259006)"
"C_nov 2019","291","S01869","LO","PV","LAMBRINIA","18048","Chignolo Po","PAVIA-CASALPUST.","30","10","4","70","22","0","70","0","0","22","0","2019","Fer","Invernale","9.527461442","45.164457002","POINT (9.527461442 45.164457002)"
"C_nov 2016","87","S01060","LO","PV","PARONA LOMELLINA","18109","Parona","MILANO-MORTARA-AL","160","80","7","440","44","0","440","0","0","44","0","2016","Fer","Invernale","8.780351933","45.280183485","POINT (8.780351933 45.280183485)"
"C_nov 2019","260","S01823","LO","MI","S.ZENONE AL LAMBRO","15202","San Zenone al Lambro","MILANO-BOLOGNA","650","90","8","1390","75","1390","0","0","75","0","0","2019","Fer","Invernale","9.361288898","45.337904599","POINT (9.361288898 45.337904599)"
"C_nov 2022","2.720","S01789","LO","BS","Bornato Calino","17046","Cazzago San Martino","Brescia - Iseo","130","20","7","220","40","0","200","20","0","37","3","2022","Feriale","Invernale","10.033113278","45.590424717","POINT (10.033113278 45.590424717)"
"C_nov 2016","2.822","S01736","LO","VA","Vedano Olona","12134","Vedano Olona","Saronno - Varese Nord","240","60","8","600","57","0","600","0","0","57","0","2016","Fer","Invernale","8.887080675","45.777359271","POINT (8.887080675 45.777359271)"
"C_Luglio2023","2.776","S01783","LO","BS","Marone-Zone","17106","Marone","Iseo - Pisogne","40","10","4","190","32","0","150","40","0","21","11","2023","Feriale","estivo","10.093296727","45.738197328","POINT (10.093296727 45.738197328)"
"C_Novembre2023","2.861","S01639","LO","MI","MILANO VILLAPIZZONE","15146","Milano","PASSANTE","780","1160","26","4040","192","3420","200","430","168","9","15","2023","Feriale","Invernale","9.150254378","45.502301332","POINT (9.150254378 45.502301332)"
"C_Luglio2023","2.726","S01759","LO","CO","Cadorago","13036","Cadorago","Saronno - Como","140","40","8","500","64","0","500","10","0","63","1","2023","Feriale","estivo","9.041099041","45.729810407","POINT (9.041099041 45.729810407)"
"C_Luglio2023","309","S01919","LO","CR","PIADENA","19071","Piadena","CODOGNO-MANTOVA","120","70","7","720","62","0","360","370","0","41","21","2023","Feriale","estivo","10.369987543","45.127689005","POINT (10.369987543 45.127689005)"
"C_nov 2021","5.835","S01032","LO","MI","Milano Romolo","15146","Milano","MILANO-MORTARA-AL","340","600","9","1380","59","1380","0","0","59","0","0","2021","Feriale","Invernale","9.159273436","4.544587573","POINT (9.159273436 45.44587573)"
"C_nov 2016","2.790","S01083","LO","MI","Palazzolo Milanese","15166","Paderno Dugnano","Milano Nord Bovisa - Seve","1340","190","16","2650","135","2650","0","0","135","0","0","2016","Fer","Invernale","9.156496054","45.580997631","POINT (9.156496054 45.580997631)"
"C_nov 2020","3","S00031","PI","NO","VESPOLATE","3158","Vespolate","NOVARA-MORTARA","20","10","3","20","10","0","20","0","0","10","0","2020","Feriale","Invernale","8.672069059","4.535153791","POINT (8.672069059 45.35153791)"
"C_nov 2021","8","S00037","LO","PV","VALLE LOMELLINA","18168","Valle Lomellina","MILANO-MORTARA-AL","20","10","1","30","7","0","30","0","0","7","0","2021","Feriale","Invernale","8.685911785","45.150674037","POINT (8.685911785 45.150674037)"
"C_nov 2017","168","S01453","LO","CO","ANZANO DEL PARCO","13009","Anzano del Parco","ALBATE-MOLTENO","20","10","4","50","22","0","50","0","0","22","0","2017","Fer","Invernale","9.202711127","45.765037334","POINT (9.202711127 45.765037334)"
"C_nov 2019","2.814","S01781","LO","BS","Toline","17143","Pisogne","Iseo - Pisogne","10","0","3","10","20","0","10","0","0","20","0","2019","Fer","Invernale","10.088229762","45.787237456","POINT (10.088229762 45.787237456)"
"C_nov 2018","141","S01411","LO","LC","VARENNA ESINO","97084","Varenna","TIRANO-MILANO Lc-So","160","80","7","540","53","0","160","390","0","26","27","2018","Fer","Invernale","9.286432309","46.015079717","POINT (9.286432309 46.015079717)"
"C_Novembre2023","96","S01118","LO","VA","LAVENO MOMBELLO","12087","Laveno-Mombello","LUINO-GALLARATE","40","40","3","190","27","80","120","0","11","16","0","2023","Feriale","Invernale","8.624617825","45.903348381","POINT (8.624617825 45.903348381)"
"C_nov 2019","2.742","S01725","LO","VA","Cislago","12050","Cislago","Saronno - Varese Nord","510","80","8","1120","57","0","1120","0","0","57","0","2019","Fer","Invernale","8.977690608","4.566104502","POINT (8.977690608 45.66104502)"
"C_nov 2020","256","S01810","PI","AL","TORTONA","6174","Tortona","MILANO-GENOVA","50","30","3","250","22","0","0","250","0","0","22","2020","Feriale","Invernale","0.886181929","4.490006568","POINT (8.86181929 44.90006568)"
"C_nov 2017","84","S01040","LO","MI","MAGENTA","15130","Magenta","TORINO-MILANO","890","330","8","2510","74","2510","0","0","74","0","0","2017","Fer","Invernale","8.880674725","45.468283265","POINT (8.880674725 45.468283265)"
"C_nov 2019","134","S01403","LO","SO","NOVATE MEZZOLA","14046","Novate Mezzola","CHIAVENNA-COLICO","90","20","4","190","32","0","190","0","0","32","0","2019","Fer","Invernale","9.446610911","46.216667852","POINT (9.446610911 46.216667852)"
"C_Luglio2023","267","S01830","LO","MI","BORGOLOMBARDO","15192","San Donato Milanese","MILANO-BOLOGNA","360","260","8","790","70","790","0","0","70","0","0","2023","Feriale","estivo","9.271012475","4.540385926","POINT (9.271012475 45.40385926)"
"C_Novembre2023","90","S01063","LO","MI","GAGGIANO","15103","Gaggiano","MILANO-MORTARA-AL","120","40","7","330","66","330","10","0","64","2","0","2023","Feriale","Invernale","9.031152518","45.408906664","POINT (9.031152518 45.408906664)"
"C_Luglio2023","250","S01803","LO","PV","CERTOSA DI PAVIA","18046","Certosa di Pavia","MILANO-GENOVA","270","40","8","640","71","640","0","10","70","0","1","2023","Feriale","estivo","9.154491353","45.257008002","POINT (9.154491353 45.257008002)"
"C_Novembre2023","260","S01823","LO","MI","S.ZENONE AL LAMBRO","15202","San Zenone al Lambro","MILANO-BOLOGNA","370","40","8","800","70","800","0","0","70","0","0","2023","Feriale","Invernale","9.361288898","45.337904599","POINT (9.361288898 45.337904599)"
"C_nov 2017","2.815","S01729","LO","VA","Tradate","12127","Tradate","Saronno - Varese Nord","1120","390","13","2580","78","0","1740","850","0","57","21","2017","Fer","Invernale","8.906902965","45.710305004","POINT (8.906902965 45.710305004)"
"C_Novembre2023","2.722","S01005","LO","BS","Breno","17028","Breno","Pisogne - Breno","40","180","2","100","14","0","80","20","0","11","3","2023","Feriale","Invernale","10.305483792","45.959261369","POINT (10.305483792 45.959261369)"
"C_nov 2015","172","S01458","LO","LC","MOLTENO","97051","Molteno","MONZA-LECCO","340","70","10","710","56","490","220","0","36","20","0","2015","Fer","Invernale","9.301712216","45.781015442","POINT (9.301712216 45.781015442)"
"C_nov 2020","246","S01716","LO","BS","OSPITALETTO TRAVAGLIATO","17127","Ospitaletto","MILANO-VENEZIA","50","30","9","190","58","0","190","0","0","58","0","2020","Feriale","Invernale","10.074385735","45.546125054","POINT (10.074385735 45.546125054)"
"C_nov 2020","5.838","S01612","LO","BG","STEZZANO","16207","Stezzano","BERGAMO-CREMONA","30","30","7","90","38","0","90","0","0","37","1","2020","Feriale","Invernale","9.644627368","45.658395935","POINT (9.644627368 45.658395935)"
"C_nov 2021","155","S01429","LO","SO","CASTIONE ANDEVENNO","14015","Castione Andevenno","TIRANO-MILANO Lc-So","0","0","1","0","1","0","0","0","0","1","0","2021","Feriale","Invernale","9.806179088","46.161737068","POINT (9.806179088 46.161737068)"
"C_Luglio2023","2.768","S01747","LO","VA","Laveno Mombello Nord","12087","Laveno-Mombello","Varese Nord - Laveno Momb","100","40","6","720","40","0","440","290","0","23","17","2023","Feriale","estivo","8.619246466","45.907983681","POINT (8.619246466 45.907983681)"
"C_Luglio2023","5.854","S01109","LO","MI","Cormano-Cusano Milanino","15098","Cusano Milanino","Milano Nord Bovisa - Seve","850","330","16","2330","133","2330","0","0","133","0","0","2023","Feriale","estivo","9.173714792","45.545195079","POINT (9.173714792 45.545195079)"
"C_nov 2022","2.772","S01737","LO","VA","Malnate","12096","Malnate","Saronno - Varese Nord","730","190","12","1690","76","0","1210","490","0","60","16","2022","Feriale","Invernale","8.878340888","45.795307714","POINT (8.878340888 45.795307714)"
"C_nov 2021","108","S01145","LO","VA","BESNATE","12012","Besnate","LUINO-GALLARATE","60","10","5","110","28","40","80","0","10","18","0","2021","Feriale","Invernale","8.761109294","45.695486482","POINT (8.761109294 45.695486482)"
"C_nov 2020","323","S01945","LO","PV","STRADELLA","18153","Stradella","ALESS.-PIACENZA","20","20","3","180","32","0","180","0","0","32","0","2020","Feriale","Invernale","9.300895387","45.079551322","POINT (9.300895387 45.079551322)"
"C_nov 2020","263","S01826","LO","LO","SECUGNAGO","98052","Secugnago","MILANO-BOLOGNA","60","30","7","160","40","0","160","0","0","39","1","2020","Feriale","Invernale","9.586872164","4.522332986","POINT (9.586872164 45.22332986)"
"C_nov 2019","310","S01920","LO","MN","BOZZOLO","20007","Bozzolo","CODOGNO-MANTOVA","70","10","2","200","23","0","50","160","0","6","17","2019","Fer","Invernale","10.472685666","45.107331585","POINT (10.472685666 45.107331585)"
"C_Luglio2023","162","S01438","LO","SO","BIANZONE","14008","Bianzone","TIRANO-MILANO So-Tir","10","0","1","10","3","0","10","10","0","2","1","2023","Feriale","estivo","1.011252885","46.179456527","POINT (10.11252885 46.179456527)"
"C_nov 2022","179","S01482","LO","MI","BUTTAFAVA","108049","Villasanta","MONZA-LECCO","60","20","8","110","40","110","0","0","40","0","0","2022","Feriale","Invernale","9.301221362","45.621491933","POINT (9.301221362 45.621491933)"
"C_nov 2017","185","S01488","LO","MI","BESANA","108008","Besana in Brianza","MONZA-LECCO","250","80","6","640","40","640","0","0","40","0","0","2017","Fer","Invernale","0.928291338","45.702901578","POINT (9.28291338 45.702901578)"
"C_nov 2015","302","S01912","LO","CR","PONTE D'ADDA","19076","Pizzighettone","CODOGNO-MANTOVA","180","30","6","400","45","0","90","310","0","24","21","2015","Fer","Invernale","9.790770435","45.184437624","POINT (9.790770435 45.184437624)"
"C_nov 2021","150","S01424","LO","SO","COSIO-TRAONA","14024","Cosio Valtellino","TIRANO-MILANO Lc-So","30","10","3","120","20","0","120","0","0","20","0","2021","Feriale","Invernale","9.525530191","46.135638189","POINT (9.525530191 46.135638189)"
"C_nov 2020","2.810","S01073","LO","MI","Garbagnate Parco Groane","15105","Garbagnate Milanese","Milano Nord Cadorna - Sar","150","60","12","410","78","410","0","0","78","0","0","2020","Feriale","Invernale","9.091157698","45.571158456","POINT (9.091157698 45.571158456)"
"C_Luglio2023","134","S01403","LO","SO","NOVATE MEZZOLA","14046","Novate Mezzola","CHIAVENNA-COLICO","30","20","5","170","30","0","170","0","0","30","0","2023","Feriale","estivo","9.446610911","46.216667852","POINT (9.446610911 46.216667852)"
"C_nov 2018","188","S01491","LO","LC","COSTA MASNAGA","97026","Costa Masnaga","MONZA-LECCO","220","40","8","360","38","360","0","0","38","0","0","2018","Fer","Invernale","0.928526064","45.763506456","POINT (9.28526064 45.763506456)"
"C_nov 2017","2.793","S01780","LO","BS","Piancamuno-Gratacasolo","17142","Pian Camuno","Pisogne - Breno","30","10","3","50","19","0","50","0","0","19","0","2017","Fer","Invernale","10.138337016","45.839909876","POINT (10.138337016 45.839909876)"
"C_nov 2016","308","S01918","LO","CR","TORRE DE' PICENARDI","19107","Torre de' Picenardi","CODOGNO-MANTOVA","10","10","2","100","22","0","100","10","0","21","1","2016","Fer","Invernale","10.286872398","45.137279533","POINT (10.286872398 45.137279533)"
"C_nov 2015","308","S01918","LO","CR","TORRE DE' PICENARDI","19107","Torre de' Picenardi","CODOGNO-MANTOVA","10","10","2","70","24","0","70","10","0","23","1","2015","FER","Invernale","10.286872398","45.137279533","POINT (10.286872398 45.137279533)"
"C_nov 2018","168","S01453","LO","CO","ANZANO DEL PARCO","13009","Anzano del Parco","ALBATE-MOLTENO","20","10","4","40","22","0","40","0","0","22","0","2018","Fer","Invernale","9.202711127","45.765037334","POINT (9.202711127 45.765037334)"
"C_nov 2017","315","S01930","LO","PV","BRESSANA ARGINE","18023","Bressana Bottarone","PAVIA-STRADELLA","110","10","5","210","28","0","210","0","0","28","0","2017","Fer","Invernale","9.137068363","45.072826093","POINT (9.137068363 45.072826093)"
"C_nov 2018","244","S01713","LO","BS","CHIARI","17052","Chiari","MILANO-VENEZIA","560","130","9","1820","64","0","810","1010","0","32","32","2018","Fer","Invernale","9.926507709","45.540192478","POINT (9.926507709 45.540192478)"
"C_nov 2015","126","S01320","LO","MI","DESIO","108023","Desio","CHIASSO-MILANO","1580","370","18","3460","137","3310","0","160","135","0","2","2015","Fer","Invernale","9.218522811","45.620194911","POINT (9.218522811 45.620194911)"
"C_nov 2018","2.815","S01729","LO","VA","Tradate","12127","Tradate","Saronno - Varese Nord","1090","370","13","2630","79","0","1740","900","0","57","22","2018","Fer","Invernale","8.906902965","45.710305004","POINT (8.906902965 45.710305004)"
"C_nov 2018","114","S01207","LO","VA","GAZZADA-SCHIANNO-MORAZZ.","12073","Gazzada Schianno","PORTO C.-GALLARATE","280","130","8","850","73","810","0","50","72","0","1","2018","Fer","Invernale","8.824846806","45.778700868","POINT (8.824846806 45.778700868)"
"C_Novembre2023","247","S01717","LO","BS","BRESCIA","17029","Brescia","MILANO-VENEZIA","1660","3510","31","11730","218","0","6090","5650","0","170","48","2023","Feriale","Invernale","10.212859202","4.553239364","POINT (10.212859202 45.53239364)"
"C_nov 2016","254","S01807","LO","PV","VOGHERA","18182","Voghera","MILANO-GENOVA","780","170","7","2110","48","0","520","1600","0","20","28","2016","Fer","Invernale","9.007971677","44.997878065","POINT (9.007971677 44.997878065)"
"C_nov 2022","2.821","S01739","LO","VA","Varese-Casbeno","12133","Varese","Varese Nord - Laveno Momb","260","500","7","1010","42","0","640","370","0","26","16","2022","Feriale","Invernale","8.811558243","45.814897655","POINT (8.811558243 45.814897655)"
"C_nov 2018","212","S01536","LO","BG","CHIUDUNO","16073","Chiuduno","LECCO-BRESCIA","70","30","4","290","35","0","290","0","0","35","0","2018","Fer","Invernale","9.846952911","45.650526953","POINT (9.846952911 45.650526953)"
"C_nov 2022","2.825","S01735","LO","VA","Venegono Sup.-Castiglione","12137","Venegono Superiore","Saronno - Varese Nord","220","50","8","560","59","0","560","0","0","59","0","2022","Feriale","Invernale","8.890295606","45.758175712","POINT (8.890295606 45.758175712)"
"C_nov 2020","269","S01841","LO","BS","GHEDI","17078","Ghedi","BRESCIA-PARMA","20","10","5","80","24","0","80","0","0","24","0","2020","Feriale","Invernale","10.280538985","45.409522832","POINT (10.280538985 45.409522832)"
"C_nov 2016","115","S01208","LO","VA","CASTRONNO","12047","Castronno","PORTO C.-GALLARATE","330","130","8","730","73","690","0","50","72","0","1","2016","Fer","Invernale","8.810338911","45.745312285","POINT (8.810338911 45.745312285)"
"C_Luglio2023","187","S01490","LO","LC","CASSAGO-NIBIONNO-BULC.","97017","Cassago Brianza","MONZA-LECCO","40","30","6","250","42","220","10","30","39","1","2","2023","Feriale","estivo","9.279864449","45.746319529","POINT (9.279864449 45.746319529)"
"C_nov 2016","2.715","S01778","LO","BS","Boario Terme","17065","Darfo Boario Terme","Pisogne - Breno","50","20","3","200","32","0","110","90","0","19","13","2016","Fer","Invernale","10.190958686","45.892043214","POINT (10.190958686 45.892043214)"
"C_nov 2019","2.725","S01088","LO","CO","Cabiate","13035","Cabiate","Seveso - Asso","300","90","10","640","55","60","580","0","5","50","0","2019","Fer","Invernale","9.168578192","45.675909631","POINT (9.168578192 45.675909631)"
"C_Novembre2023","222","S01605","LO","CR","CREMA","19035","Crema","BERGAMO-CREMONA","230","250","5","970","36","0","970","0","0","36","0","2023","Feriale","Invernale","9.694241457","45.366939013","POINT (9.694241457 45.366939013)"
"C_nov 2017","2.855","S01649","LO","MI","MILANO P. VENEZIA","15146","Milano","PASSANTE","1580","4510","39","13340","359","13340","0","0","359","0","0","2017","Fer","Invernale","9.207018409","45.476597527","POINT (9.207018409 45.476597527)"
"C_nov 2017","2.756","S01760","LO","CO","Fino Mornasco","13102","Fino Mornasco","Saronno - Como","460","80","8","1040","61","0","1030","10","0","60","1","2017","Fer","Invernale","9.047021129","45.746532082","POINT (9.047021129 45.746532082)"
"C_nov 2018","77","S01030","LO","VA","GALLARATE","12070","Gallarate","DOMODOSSOLA-MILANO","2730","1530","29","9470","210","3560","3030","2890","94","64","52","2018","Fer","Invernale","0.879828248","45.659901549","POINT (8.79828248 45.659901549)"
"C_nov 2021","273","S01845","LO","BS","REMEDELLO SOPRA","17160","Remedello","BRESCIA-PARMA","30","130","4","150","26","0","150","0","0","26","0","2021","Feriale","Invernale","10.379240842","45.278565103","POINT (10.379240842 45.278565103)"
"C_nov 2022","2.718","S01797","LO","BS","Borgo S. Giovanni","17029","Brescia","Brescia - Iseo","20","40","6","90","37","0","90","0","0","37","0","2022","Feriale","Invernale","10.190716021","45.543253206","POINT (10.190716021 45.543253206)"
"C_nov 2020","127","S01321","LO","MI","LISSONE-MUGGIO'","108028","Lissone","CHIASSO-MILANO","320","200","15","1210","122","1210","0","0","122","0","0","2020","Feriale","Invernale","9.235404174","45.605998474","POINT (9.235404174 45.605998474)"
"C_Novembre2023","233","S01701","LO","MI","MILANO LAMBRATE","15146","Milano","MILANO-BOLOGNA","2890","6970","55","17210","318","3460","5390","8370","64","108","146","2023","Feriale","Invernale","9.237361806","45.485012046","POINT (9.237361806 45.485012046)"
"C_nov 2015","2.744","S01774","LO","BS","Cividate Malegno","17055","Cividate Camuno","Pisogne - Breno","20","10","3","50","19","0","50","0","0","19","0","2015","Fer","Invernale","10.268355766","45.943563723","POINT (10.268355766 45.943563723)"
"C_nov 2015","803","S02083","LO","BS","LONATO","17092","Lonato","MILANO-VENEZIA","10","10","1","10","3","0","10","0","0","3","0","2015","FER","Invernale","10.486740042","45.457282784","POINT (10.486740042 45.457282784)"
"C_nov 2021","116","S01209","LO","VA","ALBIZZATE-SOLBIATE ARNO","12002","Albizzate","PORTO C.-GALLARATE","190","70","8","590","68","550","0","50","67","0","1","2021","Feriale","Invernale","8.806241922","45.724198779","POINT (8.806241922 45.724198779)"
"C_nov 2015","2.808","S01770","LO","BS","Sellero","17176","Sellero","Breno - Edolo","0","0","1","0","2","0","0","0","0","2","0","2015","Fer","Invernale","10.346597177","46.046262075","POINT (10.346597177 46.046262075)"
"C_Luglio2023","2.767","S01094","LO","CO","Lambrugo-Lurago","13121","Lambrugo","Seveso - Asso","80","30","6","210","48","0","210","0","0","48","0","2023","Feriale","estivo","9.238491713","45.761639869","POINT (9.238491713 45.761639869)"
"C_nov 2017","259","S01822","LO","MI","MELEGNANO","15140","Melegnano","MILANO-BOLOGNA","950","280","10","2480","78","2480","0","0","78","0","0","2017","Fer","Invernale","0.009319302","45.356405865","POINT (9.319302 45.356405865)"
"C_nov 2019","2.732","S01098","LO","CO","Caslino d'Erba","13052","Caslino d'Erba","Seveso - Asso","40","0","3","90","31","0","90","0","0","31","0","2019","Fer","Invernale","9.232326937","45.835130456","POINT (9.232326937 45.835130456)"
"C_nov 2018","2.783","S01066","LO","MI","Milano Nord Cadorna","15146","Milano","Milano Nord Cadorna - Sar","2920","19520","62","45120","465","13380","21910","9830","153","202","110","2018","Fer","Invernale","9.175179183","45.468514231","POINT (9.175179183 45.468514231)"
"C_nov 2016","2.806","S01933","LO","VA","Saronno","12119","Saronno","Milano Nord Cadorna - Sar","4680","3430","69","15420","538","2860","8380","4190","207","191","140","2016","Fer","Invernale","9.030524424","0.456251346","POINT (9.030524424 45.6251346)"
"C_nov 2017","149","S01422","LO","SO","DELEBIO","14026","Delebio","TIRANO-MILANO Lc-So","100","20","4","260","28","0","260","0","0","27","1","2017","Fer","Invernale","9.461205764","46.138723845","POINT (9.461205764 46.138723845)"
"C_Novembre2023","168","S01453","LO","CO","ANZANO DEL PARCO","13009","Anzano del Parco","ALBATE-MOLTENO","20","10","4","30","22","0","30","0","0","22","0","2023","Feriale","Invernale","9.202711127","45.765037334","POINT (9.202711127 45.765037334)"
"C_nov 2018","187","S01490","LO","LC","CASSAGO-NIBIONNO-BULC.","97017","Cassago Brianza","MONZA-LECCO","140","30","6","340","38","340","0","0","38","0","0","2018","Fer","Invernale","9.279864449","45.746319529","POINT (9.279864449 45.746319529)"
"C_nov 2018","198","S01514","LO","LC","OLGIATE CALCO-BRIVIO","97058","Olgiate Molgora","TIRANO-MILANO Mz-Lc","700","80","8","1550","68","1550","0","0","68","0","0","2018","Fer","Invernale","0.940379608","45.729243447","POINT (9.40379608 45.729243447)"
"C_Luglio2023","286","S01864","LO","PV","BELGIOIOSO","18013","Belgioioso","PAVIA-CASALPUST.","50","30","4","160","22","0","160","0","0","22","0","2023","Feriale","estivo","9.316907213","45.164645746","POINT (9.316907213 45.164645746)"
"C_Novembre2023","2.762","S01724","LO","VA","Gerenzano-Turate","12075","Gerenzano","Saronno - Varese Nord","650","120","8","1550","60","0","1550","0","0","60","0","2023","Feriale","Invernale","9.001531027","45.645585349","POINT (9.001531027 45.645585349)"
"C_Luglio2023","200","S01520","LO","LC","LECCO","97042","Lecco","TIRANO-MILANO Mz-Lc","1030","1060","24","8730","209","3480","1580","3680","104","66","39","2023","Feriale","estivo","0.939367574","45.856547373","POINT (9.39367574 45.856547373)"
"C_Luglio2023","219","S01602","LO","BG","CARAVAGGIO","16053","Caravaggio","BERGAMO-CREMONA","80","30","5","290","35","0","290","0","0","35","0","2023","Feriale","estivo","9.637752922","45.491237226","POINT (9.637752922 45.491237226)"
"C_nov 2015","2.797","S01097","LO","CO","Pontelambro-Castelmarte","13188","Ponte Lambro","Seveso - Asso","80","30","8","210","49","0","210","0","0","49","0","2015","FER","Invernale","9.225759459","45.829181272","POINT (9.225759459 45.829181272)"
"C_nov 2015","2.722","S01005","LO","BS","Breno","17028","Breno","Pisogne - Breno","50","90","3","320","32","0","190","140","0","19","13","2015","Fer","Invernale","10.305483792","45.959261369","POINT (10.305483792 45.959261369)"
"C_nov 2021","121","S01312","LO","CO","CUCCIAGO","13084","Cucciago","CHIASSO-MILANO","60","30","8","130","71","130","0","0","71","0","0","2021","Feriale","Invernale","9.082243395","45.740890259","POINT (9.082243395 45.740890259)"
"C_nov 2016","331","S02084","LO","BS","DESENZANO DEL GARDA-SIR.","17067","Desenzano del Garda","MILANO-VENEZIA","590","200","6","1730","34","0","70","1670","0","2","32","2016","Fer","Invernale","10.536345381","45.462760508","POINT (10.536345381 45.462760508)"
"C_nov 2019","137","S01406","LO","LC","PIONA","97023","Colico","TIRANO-MILANO Lc-So","10","10","3","40","26","0","40","0","0","25","1","2019","Fer","Invernale","0.935079332","46.124769888","POINT (9.35079332 46.124769888)"
"C_nov 2021","103","S01140","LO","VA","SANGIANO","12141","Sangiano","LUINO-GALLARATE","30","10","3","70","28","30","50","0","10","18","0","2021","Feriale","Invernale","8.630805498","45.874544577","POINT (8.630805498 45.874544577)"
"C_nov 2015","158","S01434","LO","SO","PONTE IN VALTELLINA","14052","Ponte in Valtellina","TIRANO-MILANO So-Tir","10","0","1","30","13","0","30","0","0","12","1","2015","FER","Invernale","9.975919439","46.162708899","POINT (9.975919439 46.162708899)"
"C_nov 2021","153","S01427","LO","SO","ARDENNO-MASINO","14005","Ardenno","TIRANO-MILANO Lc-So","50","20","4","80","20","0","80","0","0","20","0","2021","Feriale","Invernale","9.651405996","46.162053348","POINT (9.651405996 46.162053348)"
"C_Luglio2023","172","S01458","LO","LC","MOLTENO","97051","Molteno","MONZA-LECCO","90","60","12","390","61","240","150","0","38","23","0","2023","Feriale","estivo","9.301712216","45.781015442","POINT (9.301712216 45.781015442)"
"C_nov 2021","231","S01645","LO","MI","MILANO PORTA GARIBALDI","15146","Milano","TORINO-MILANO","2290","7670","55","22400","394","10400","7900","4120","188","132","74","2021","Feriale","Invernale","9.186422092","45.485345292","POINT (9.186422092 45.485345292)"
"C_nov 2019","2.737","S01769","LO","BS","Cedegolo","17047","Cedegolo","Breno - Edolo","70","10","4","80","17","0","50","40","0","4","13","2019","Fer","Invernale","10.350009092","46.072304074","POINT (10.350009092 46.072304074)"
"C_nov 2017","91","S01064","LO","MI","CORSICO","15093","Corsico","MILANO-MORTARA-AL","270","120","8","770","70","770","0","0","69","1","0","2017","Fer","Invernale","9.105184247","45.434772406","POINT (9.105184247 45.434772406)"
"C_nov 2022","11","S00041","PI","AL","VALENZA","6177","Valenza","CHIVASSO-ALESSANDRIA","140","110","6","350","31","0","350","0","0","31","0","2022","Feriale","Invernale","8.625966209","4.502351446","POINT (8.625966209 45.02351446)"
"C_nov 2016","2.855","S01649","LO","MI","MILANO P. VENEZIA","15146","Milano","PASSANTE","1480","4330","40","13000","361","13000","0","0","361","0","0","2016","Fer","Invernale","9.207018409","45.476597527","POINT (9.207018409 45.476597527)"
"C_Luglio2023","2.754","S01096","LO","CO","Erba","13095","Erba","Seveso - Asso","210","170","7","650","49","0","650","0","0","49","0","2023","Feriale","estivo","9.230305963","45.813198114","POINT (9.230305963 45.813198114)"
"C_nov 2022","236","S01705","LO","MI","MELZO","15142","Melzo","MILANO-VENEZIA","710","320","16","1860","95","1850","20","10","92","2","1","2022","Feriale","Invernale","9.433304033","4.550454073","POINT (9.433304033 45.50454073)"
"C_nov 2016","261","S01824","LO","LO","TAVAZZANO","98056","Tavazzano con Villavesco","MILANO-BOLOGNA","500","110","8","1190","75","1190","0","0","75","0","0","2016","Fer","Invernale","9.402775545","45.326370144","POINT (9.402775545 45.326370144)"
"C_nov 2022","202","S01523","LO","LC","VERCURAGO-S.GIROLAMO","97086","Vercurago","TIRANO-MILANO Mz-Lc","20","20","4","50","14","0","50","0","0","14","0","2022","Feriale","Invernale","9.422384671","4.581219368","POINT (9.422384671 45.81219368)"
"C_nov 2017","5.839","S01058","LO","MI","PREGNANA MIL.","15179","Pregnana Milanese","TORINO-MILANO","300","100","8","820","74","820","0","0","74","0","0","2017","Fer","Invernale","8.983574748","45.503547665","POINT (8.983574748 45.503547665)"
"C_nov 2021","134","S01403","LO","SO","NOVATE MEZZOLA","14046","Novate Mezzola","CHIAVENNA-COLICO","80","10","4","140","31","0","140","0","0","31","0","2021","Feriale","Invernale","9.446610911","46.216667852","POINT (9.446610911 46.216667852)"
"C_nov 2018","207","S01528","LO","BG","PONTE S.PIETRO","16170","Ponte San Pietro","LECCO-BRESCIA","590","250","10","1640","71","0","1640","0","0","71","0","2018","Fer","Invernale","9.584359693","45.699232686","POINT (9.584359693 45.699232686)"
"C_nov 2019","241","S01710","LO","BG","MORENGO-BARIANO","16020","Bariano","MILANO-VENEZIA","120","20","5","240","31","0","240","0","0","31","0","2019","Fer","Invernale","9.703143454","45.521713564","POINT (9.703143454 45.521713564)"
"C_Luglio2023","299","S01905","LO","CR","OLMENETA","19063","Olmeneta","BRESCIA-CREMONA","40","20","8","160","67","0","160","0","0","67","0","2023","Feriale","estivo","10.031972373","45.231184025","POINT (10.031972373 45.231184025)"
"C_nov 2018","286","S01864","LO","PV","BELGIOIOSO","18013","Belgioioso","PAVIA-CASALPUST.","170","20","5","290","28","0","290","0","0","28","0","2018","Fer","Invernale","9.316907213","45.164645746","POINT (9.316907213 45.164645746)"
"C_nov 2015","205","S01526","LO","BG","PONTIDA","16171","Pontida","LECCO-BRESCIA","120","30","4","240","32","0","240","0","0","32","0","2015","Fer","Invernale","9.511662206","45.730161398","POINT (9.511662206 45.730161398)"
"C_nov 2019","78","S01031","LO","VA","BUSTO ARSIZIO","12026","Busto Arsizio","DOMODOSSOLA-MILANO","1770","840","26","6200","194","3190","1090","1940","110","33","51","2019","Fer","Invernale","8.865063882","45.616237821","POINT (8.865063882 45.616237821)"
"C_nov 2019","225","S01609","LO","CR","CASALBUTTANO","19016","Casalbuttano ed Uniti","BERGAMO-CREMONA","30","20","4","210","36","0","210","0","0","36","0","2019","Fer","Invernale","9.962387322","45.255479026","POINT (9.962387322 45.255479026)"
"C_nov 2017","2.812","S01766","LO","BS","Sonico","17181","Sonico","Breno - Edolo","0","0","1","0","2","0","0","0","0","2","0","2017","Fer","Invernale","10.351165528","46.163878231","POINT (10.351165528 46.163878231)"
"C_nov 2022","110","S01202","LO","VA","BISUSCHIO-VIGGIU'","12015","Bisuschio","PORTO C.-GALLARATE","70","80","4","180","34","0","0","180","0","0","34","2022","Feriale","Invernale","8.887580152","45.870733966","POINT (8.887580152 45.870733966)"
"C_nov 2018","5.853","S01798","LO","MI","Cesano M. Groane","108019","Cesano Maderno","Saronno - Seregno","40","20","7","240","64","240","0","0","64","0","0","2018","Fer","Invernale","0.912631598","45.630249423","POINT (9.12631598 45.630249423)"
"C_Luglio2023","238","S01707","LO","MI","CASSANO D'ADDA","15059","Cassano d'Adda","MILANO-VENEZIA","270","80","16","820","95","800","20","0","92","2","1","2023","Feriale","estivo","9.512780391","0.455144503","POINT (9.512780391 45.5144503)"
"C_nov 2018","321","S01943","LO","PV","S.GIULETTA","18140","Santa Giuletta","ALESS.-PIACENZA","10","10","1","20","12","0","20","0","0","12","0","2018","Fer","Invernale","9.179278043","45.035797363","POINT (9.179278043 45.035797363)"
"C_nov 2016","156","S01430","LO","SO","SONDRIO","14061","Sondrio","TIRANO-MILANO Lc-So","250","1050","7","2550","63","0","1170","1390","0","36","27","2016","Fer","Invernale","0.987296139","46.167141595","POINT (9.87296139 46.167141595)"
"C_nov 2016","2.754","S01096","LO","CO","Erba","13095","Erba","Seveso - Asso","300","280","6","1220","50","0","1220","0","0","50","0","2016","Fer","Invernale","9.230305963","45.813198114","POINT (9.230305963 45.813198114)"
"C_nov 2022","332","S02088","VE","VR","PESCHIERA DEL GARDA","23059","Peschiera del Garda","MILANO-VENEZIA","240","100","4","1490","32","0","0","1490","0","0","32","2022","Feriale","Invernale","1.070247103","4.543838223","POINT (10.70247103 45.43838223)"
"C_nov 2017","2.760","S01743","LO","VA","Gavirate-Verbano","12072","Gavirate","Varese Nord - Laveno Momb","20","200","4","230","14","0","160","80","0","10","4","2017","Fer","Invernale","8.706523665","45.851178857","POINT (8.706523665 45.851178857)"
"C_nov 2021","291","S01869","LO","PV","LAMBRINIA","18048","Chignolo Po","PAVIA-CASALPUST.","30","10","4","60","22","0","60","0","0","22","0","2021","Feriale","Invernale","9.527461442","45.164457002","POINT (9.527461442 45.164457002)"
"C_nov 2021","2.782","S01642","LO","MI","MILANO NORD BOVISA","15146","Milano","Milano Nord Cadorna - Sar","3060","4970","99","20090","695","10230","7410","2460","330","246","119","2021","Feriale","Invernale","9.158986972","4.550377781","POINT (9.158986972 45.50377781)"
"C_nov 2017","9","S00038","LO","PV","SARTIRANA","18146","Sartirana Lomellina","MILANO-MORTARA-AL","40","10","2","60","10","0","60","0","0","10","0","2017","Fer","Invernale","0.867016046","45.111810021","POINT (8.67016046 45.111810021)"
"C_Novembre2023","2.733","S01752","LO","MI","Castano Primo","15062","Castano Primo","Saronno - Novara","410","90","6","870","36","0","870","0","0","36","0","2023","Feriale","Invernale","8.772746679","45.556048921","POINT (8.772746679 45.556048921)"
"C_Luglio2023","295","S01901","LO","BS","BAGNOLO MELLA","17009","Bagnolo Mella","BRESCIA-CREMONA","60","20","3","290","31","0","290","0","0","31","0","2023","Feriale","estivo","10.183641825","45.428611146","POINT (10.183641825 45.428611146)"
"C_nov 2018","261","S01824","LO","LO","TAVAZZANO","98056","Tavazzano con Villavesco","MILANO-BOLOGNA","660","140","8","1480","75","1480","0","0","75","0","0","2018","Fer","Invernale","9.402775545","45.326370144","POINT (9.402775545 45.326370144)"
"C_nov 2020","309","S01919","LO","CR","PIADENA","19071","Piadena","CODOGNO-MANTOVA","60","40","8","290","60","0","140","150","0","39","21","2020","Feriale","Invernale","10.369987543","45.127689005","POINT (10.369987543 45.127689005)"
"C_Novembre2023","2.790","S01083","LO","MI","Palazzolo Milanese","15166","Paderno Dugnano","Milano Nord Bovisa - Seve","1320","190","16","2730","133","2730","0","0","133","0","0","2023","Feriale","Invernale","9.156496054","45.580997631","POINT (9.156496054 45.580997631)"
"C_nov 2020","2.744","S01774","LO","BS","Cividate Malegno","17055","Cividate Camuno","Pisogne - Breno","10","10","2","20","11","0","20","0","0","11","0","2020","Feriale","Invernale","10.268355766","45.943563723","POINT (10.268355766 45.943563723)"
"C_Luglio2023","313","S01923","LO","MN","CASTELLUCCHIO","20016","Castellucchio","CODOGNO-MANTOVA","30","10","4","170","28","0","30","150","0","7","21","2023","Feriale","estivo","10.647514805","45.144370088","POINT (10.647514805 45.144370088)"
"C_nov 2021","71","S01020","PI","NO","ARONA","3008","Arona","DOMODOSSOLA-MILANO","120","150","7","880","46","0","580","310","0","32","14","2021","Feriale","Invernale","8.559107617","4.575531295","POINT (8.559107617 45.75531295)"
"C_nov 2020","2.748","S01763","LO","CO","Como Camerlata (FN)","13075","Como","Saronno - Como","80","70","8","350","56","0","340","20","0","54","2","2020","Feriale","Invernale","9.079423298","4.578441339","POINT (9.079423298 45.78441339)"
"C_nov 2022","33","S00271","LO","PV","PALESTRO","18107","Palestro","VERCELLI-PAVIA","40","10","2","80","22","0","80","0","0","22","0","2022","Feriale","Invernale","8.534545108","45.307350574","POINT (8.534545108 45.307350574)"
"C_Novembre2023","171","S01457","LO","LC","CASLETTO-ROGENO","97072","Rogeno","ALBATE-MOLTENO","50","10","4","70","22","0","70","0","0","22","0","2023","Feriale","Invernale","9.275406768","45.786104223","POINT (9.275406768 45.786104223)"
"C_nov 2015","248","S01801","LO","MI","LOCATE TRIULZI","15125","Locate di Triulzi","MILANO-GENOVA","750","130","7","1780","74","1770","0","10","71","0","3","2015","FER","Invernale","9.221434768","45.359805985","POINT (9.221434768 45.359805985)"
"C_nov 2022","2.807","S01077","LO","VA","Saronno Sud","12119","Saronno","Milano Nord Cadorna - Sar","260","150","22","870","184","870","0","0","184","0","0","2022","Feriale","Invernale","9.045593579","45.611839478","POINT (9.045593579 45.611839478)"
"C_nov 2021","144","S01414","LO","LC","OLCIO","97046","Mandello del Lario","TIRANO-MILANO Lc-So","10","10","2","20","23","0","20","10","0","22","1","2021","Feriale","Invernale","9.313931929","45.938086276","POINT (9.313931929 45.938086276)"
"C_nov 2020","34","S00272","LO","PV","ROBBIO","18123","Robbio","VERCELLI-PAVIA","20","10","2","60","15","0","60","0","0","15","0","2020","Feriale","Invernale","8.597086609","45.293627181","POINT (8.597086609 45.293627181)"
"C_nov 2018","305","S01915","LO","CR","CREMONA","19036","Cremona","CODOGNO-MANTOVA","580","740","16","3220","119","0","1540","1690","0","98","21","2018","Fer","Invernale","10.017983096","45.143301262","POINT (10.017983096 45.143301262)"
"C_nov 2020","8","S00037","LO","PV","VALLE LOMELLINA","18168","Valle Lomellina","MILANO-MORTARA-AL","20","10","1","30","9","0","30","0","0","9","0","2020","Feriale","Invernale","8.685911785","45.150674037","POINT (8.685911785 45.150674037)"
"C_nov 2022","254","S01807","LO","PV","VOGHERA","18182","Voghera","MILANO-GENOVA","590","120","4","1660","36","0","70","1600","0","6","30","2022","Feriale","Invernale","9.007971677","44.997878065","POINT (9.007971677 44.997878065)"
"C_Luglio2023","132","S01401","LO","SO","S.CASSIANO VALCHIAVENNA","14054","Prata Camportaccio","CHIAVENNA-COLICO","20","10","4","80","29","0","80","0","0","29","0","2023","Feriale","estivo","0.093974465","4.627551067","POINT (9.3974465 46.27551067)"
"C_Novembre2023","2.747","S01764","LO","CO","Como Nord Borghi","13075","Como","Saronno - Como","490","1190","9","2460","66","0","2220","250","0","62","4","2023","Feriale","Invernale","0.909095794","45.804910086","POINT (9.09095794 45.804910086)"
"C_Luglio2023","149","S01422","LO","SO","DELEBIO","14026","Delebio","TIRANO-MILANO Lc-So","30","40","4","220","36","0","180","40","0","30","6","2023","Feriale","estivo","9.461205764","46.138723845","POINT (9.461205764 46.138723845)"
"C_nov 2020","2.789","S01082","LO","MI","Paderno Dugnano","15166","Paderno Dugnano","Milano Nord Bovisa - Seve","280","130","14","850","95","850","0","0","95","0","0","2020","Feriale","Invernale","9.161231422","45.564852006","POINT (9.161231422 45.564852006)"
"C_nov 2021","2.735","S01136","LO","VA","Castellanza","12042","Castellanza","Saronno - Novara","710","140","12","1540","76","0","1540","0","0","76","0","2021","Feriale","Invernale","8.875445238","45.610465237","POINT (8.875445238 45.610465237)"
"C_nov 2017","273","S01845","LO","BS","REMEDELLO SOPRA","17160","Remedello","BRESCIA-PARMA","40","110","3","230","24","0","230","0","0","24","0","2017","Fer","Invernale","10.379240842","45.278565103","POINT (10.379240842 45.278565103)"
"C_nov 2021","2.766","S01021","LO","BS","Iseo","17085","Iseo","Brescia - Iseo","80","210","7","640","52","0","500","140","0","39","13","2021","Feriale","Invernale","10.050103236","45.656525986","POINT (10.050103236 45.656525986)"
"C_nov 2020","75","S01028","LO","VA","SOMMA LOMBARDO","12123","Somma Lombardo","DOMODOSSOLA-MILANO","100","60","5","240","33","0","240","0","0","33","0","2020","Feriale","Invernale","8.713033505","45.686501084","POINT (8.713033505 45.686501084)"
"C_nov 2022","304","S01914","LO","CR","CAVA TIGOZZI","19095","Sesto ed Uniti","CODOGNO-MANTOVA","10","0","2","10","10","0","10","0","0","10","0","2022","Feriale","Invernale","0.995584963","45.156899589","POINT (9.95584963 45.156899589)"
"C_nov 2015","276","S01848","LO","MN","CANNETO SULL'OGLIO","20008","Canneto sull'Oglio","BRESCIA-PARMA","50","10","3","120","24","0","120","0","0","24","0","2015","Fer","Invernale","10.371498908","45.150287495","POINT (10.371498908 45.150287495)"
"C_nov 2017","2.777","S01087","LO","MI","Meda","108030","Meda","Seveso - Asso","730","430","10","1710","61","150","1570","0","10","51","0","2017","Fer","Invernale","9.159047744","4.566230355","POINT (9.159047744 45.66230355)"
"C_nov 2020","249","S01802","LO","MI","VILLAMAGGIORE","15115","Lacchiarella","MILANO-GENOVA","110","60","8","390","71","390","0","0","70","0","1","2020","Feriale","Invernale","9.190704857","45.320530164","POINT (9.190704857 45.320530164)"
"C_nov 2020","283","S01861","LO","PV","PAVIA PORTA GARIBALDI","18110","Pavia","PAVIA-CASALPUST.","10","20","4","30","20","0","30","0","0","20","0","2020","Feriale","Invernale","9.167359084","45.184073158","POINT (9.167359084 45.184073158)"
"C_nov 2017","229","S01632","LO","MI","MILANO PORTA ROMANA","15146","Milano","MILANO-MORTARA-AL","300","670","8","1740","69","1740","0","0","69","0","0","2017","Fer","Invernale","0.921316275","45.445922893","POINT (9.21316275 45.445922893)"
"C_nov 2021","5.839","S01058","LO","MI","PREGNANA MIL.","15179","Pregnana Milanese","TORINO-MILANO","220","80","8","740","67","740","0","0","67","0","0","2021","Feriale","Invernale","8.983574748","45.503547665","POINT (8.983574748 45.503547665)"
"C_nov 2020","223","S01606","LO","CR","CASTELLEONE","19025","Castelleone","BERGAMO-CREMONA","30","20","5","110","34","0","110","0","0","34","0","2020","Feriale","Invernale","9.767822253","45.301905969","POINT (9.767822253 45.301905969)"
"C_Novembre2023","134","S01403","LO","SO","NOVATE MEZZOLA","14046","Novate Mezzola","CHIAVENNA-COLICO","90","30","5","200","30","0","200","0","0","30","0","2023","Feriale","Invernale","9.446610911","46.216667852","POINT (9.446610911 46.216667852)"
"C_nov 2015","2.737","S01769","LO","BS","Cedegolo","17047","Cedegolo","Breno - Edolo","50","10","4","70","17","0","40","30","0","4","13","2015","Fer","Invernale","10.350009092","46.072304074","POINT (10.350009092 46.072304074)"
"C_nov 2015","2.788","S01794","LO","BS","Paderno (Franciacorta)","17130","Paderno Franciacorta","Brescia - Iseo","170","20","7","240","37","0","240","0","0","37","0","2015","Fer","Invernale","10.087064635","45.586766511","POINT (10.087064635 45.586766511)"
"C_Luglio2023","38","S00276","LO","PV","GARLASCO","18069","Garlasco","VERCELLI-PAVIA","30","20","2","120","16","0","120","0","0","16","0","2023","Feriale","estivo","8.926867354","45.199033929","POINT (8.926867354 45.199033929)"
"C_nov 2022","2.749","S01765","LO","CO","Como Nord Lago","13075","Como","Saronno - Como","290","540","8","2000","63","0","1880","130","0","60","3","2022","Feriale","Invernale","9.084320036","45.813688508","POINT (9.084320036 45.813688508)"
"C_nov 2019","141","S01411","LO","LC","VARENNA ESINO","97084","Varenna","TIRANO-MILANO Lc-So","200","70","7","620","53","0","140","480","0","25","28","2019","Fer","Invernale","9.286432309","46.015079717","POINT (9.286432309 46.015079717)"
"C_nov 2022","9","S00038","LO","PV","SARTIRANA","18146","Sartirana Lomellina","MILANO-MORTARA-AL","20","10","1","30","9","0","30","0","0","9","0","2022","Feriale","Invernale","0.867016046","45.111810021","POINT (8.67016046 45.111810021)"
"C_nov 2016","2.823","S01782","LO","BS","Vello","17106","Marone","Iseo - Pisogne","10","0","3","10","20","0","10","0","0","20","0","2016","Fer","Invernale","10.083908147","45.752417679","POINT (10.083908147 45.752417679)"
"C_nov 2022","90","S01063","LO","MI","GAGGIANO","15103","Gaggiano","MILANO-MORTARA-AL","220","70","8","530","69","520","10","0","67","2","0","2022","Feriale","Invernale","9.031152518","45.408906664","POINT (9.031152518 45.408906664)"
"C_nov 2018","236","S01705","LO","MI","MELZO","15142","Melzo","MILANO-VENEZIA","880","390","16","2260","99","2250","10","0","96","2","1","2018","Fer","Invernale","9.433304033","4.550454073","POINT (9.433304033 45.50454073)"
"C_nov 2022","2.747","S01764","LO","CO","Como Nord Borghi","13075","Como","Saronno - Como","560","770","9","2500","66","0","2310","190","0","61","5","2022","Feriale","Invernale","0.909095794","45.804910086","POINT (9.09095794 45.804910086)"
"C_Luglio2023","50","S00408","LO","PV","SAIRANO","18190","Zinasco","CAVA C.-TORREBER","10","10","4","20","23","0","20","0","0","23","0","2023","Feriale","estivo","9.046900985","45.138935103","POINT (9.046900985 45.138935103)"
"C_nov 2020","5.840","S01722","LO","MI","POZZUOLO MART.","15178","Pozzuolo Martesana","MILANO-VENEZIA","60","40","7","240","67","240","10","0","66","1","0","2020","Feriale","Invernale","9.465176435","45.510126551","POINT (9.465176435 45.510126551)"
"C_nov 2020","179","S01482","LO","MI","BUTTAFAVA","108049","Villasanta","MONZA-LECCO","10","10","6","30","40","30","0","0","40","0","0","2020","Feriale","Invernale","9.301221362","45.621491933","POINT (9.301221362 45.621491933)"
"C_nov 2015","245","S01714","LO","BS","ROVATO","17166","Rovato","MILANO-VENEZIA","740","280","16","1970","105","0","1200","780","0","74","31","2015","FER","Invernale","10.000952147","45.552008269","POINT (10.000952147 45.552008269)"
"C_nov 2015","291","S01869","LO","PV","LAMBRINIA","18048","Chignolo Po","PAVIA-CASALPUST.","40","10","5","80","30","0","80","0","0","30","0","2015","FER","Invernale","9.527461442","45.164457002","POINT (9.527461442 45.164457002)"
"C_nov 2018","2.718","S01797","LO","BS","Borgo S. Giovanni","17029","Brescia","Brescia - Iseo","20","40","6","70","37","0","70","0","0","37","0","2018","Fer","Invernale","10.190716021","45.543253206","POINT (10.190716021 45.543253206)"
"C_nov 2021","237","S01706","LO","MI","TRECELLA","15178","Pozzuolo Martesana","MILANO-VENEZIA","250","80","16","570","94","570","10","10","92","1","1","2021","Feriale","Invernale","0.948762259","45.514065408","POINT (9.48762259 45.514065408)"
"C_nov 2019","191","S01502","LO","LC","PADERNO-ROBBIATE","97062","Paderno d'Adda","SEREGNO-BERGAMO","540","140","8","1150","46","0","1150","0","0","46","0","2019","Fer","Invernale","9.439232645","4.567838448","POINT (9.439232645 45.67838448)"
"C_nov 2017","2.718","S01797","LO","BS","Borgo S. Giovanni","17029","Brescia","Brescia - Iseo","20","40","6","70","37","0","70","0","0","37","0","2017","Fer","Invernale","10.190716021","45.543253206","POINT (10.190716021 45.543253206)"
"C_nov 2016","295","S01901","LO","BS","BAGNOLO MELLA","17009","Bagnolo Mella","BRESCIA-CREMONA","90","30","3","290","31","0","290","0","0","31","0","2016","Fer","Invernale","10.183641825","45.428611146","POINT (10.183641825 45.428611146)"
"C_nov 2016","296","S01902","LO","BS","MANERBIO","17103","Manerbio","BRESCIA-CREMONA","100","30","4","420","33","0","420","0","0","33","0","2016","Fer","Invernale","10.132373607","45.357291955","POINT (10.132373607 45.357291955)"
"C_nov 2018","10","S00039","LO","PV","TORREBERETTI","18156","Torre Beretti e Castellaro","MILANO-MORTARA-AL","30","10","5","100","35","0","100","0","0","35","0","2018","Fer","Invernale","8.660466652","45.060615837","POINT (8.660466652 45.060615837)"
"C_nov 2017","48","S00406","LO","PV","MEDE","18088","Mede","CAVA C.-TORREBER","70","20","4","230","26","0","230","0","0","26","0","2017","Fer","Invernale","8.742632705","45.095095656","POINT (8.742632705 45.095095656)"
"C_nov 2019","171","S01457","LO","LC","CASLETTO-ROGENO","97072","Rogeno","ALBATE-MOLTENO","70","10","4","120","22","0","120","0","0","22","0","2019","Fer","Invernale","9.275406768","45.786104223","POINT (9.275406768 45.786104223)"
"C_nov 2019","230","S01640","LO","MI","MILANO CERTOSA","15146","Milano","TORINO-MILANO","1250","1350","23","6400","186","6240","140","30","179","4","3","2019","Fer","Invernale","0.913393857","45.507007737","POINT (9.13393857 45.507007737)"
"C_nov 2021","2.762","S01724","LO","VA","Gerenzano-Turate","12075","Gerenzano","Saronno - Varese Nord","560","70","8","1140","58","0","1140","0","0","58","0","2021","Feriale","Invernale","9.001531027","45.645585349","POINT (9.001531027 45.645585349)"
"C_nov 2017","254","S01807","LO","PV","VOGHERA","18182","Voghera","MILANO-GENOVA","770","150","7","2080","47","0","440","1640","0","20","27","2017","Fer","Invernale","9.007971677","44.997878065","POINT (9.007971677 44.997878065)"
"C_nov 2017","138","S01407","LO","LC","DORIO","97032","Dorio","TIRANO-MILANO Lc-So","10","10","3","30","27","0","30","10","0","26","1","2017","Fer","Invernale","9.319096567","46.102830519","POINT (9.319096567 46.102830519)"
"C_nov 2021","165","S01450","LO","CO","ALBATE TRECALLO","13075","Como","ALBATE-MOLTENO","10","30","4","30","22","0","30","0","0","22","0","2021","Feriale","Invernale","9.095790373","45.777467374","POINT (9.095790373 45.777467374)"
"C_nov 2021","127","S01321","LO","MI","LISSONE-MUGGIO'","108028","Lissone","CHIASSO-MILANO","1020","490","17","3160","131","3160","0","0","131","0","0","2021","Feriale","Invernale","9.235404174","45.605998474","POINT (9.235404174 45.605998474)"
"C_nov 2017","121","S01312","LO","CO","CUCCIAGO","13084","Cucciago","CHIASSO-MILANO","100","20","8","200","71","200","0","0","71","0","0","2017","Fer","Invernale","9.082243395","45.740890259","POINT (9.082243395 45.740890259)"
"C_nov 2016","288","S01866","LO","PV","S.CRISTINA E BISSONE","18139","Santa Cristina e Bissone","PAVIA-CASALPUST.","70","10","5","110","28","0","110","0","0","28","0","2016","Fer","Invernale","9.401036576","45.160614144","POINT (9.401036576 45.160614144)"
"C_Novembre2023","5.839","S01058","LO","MI","PREGNANA MIL.","15179","Pregnana Milanese","TORINO-MILANO","340","130","8","900","69","900","0","0","69","0","0","2023","Feriale","Invernale","8.983574748","45.503547665","POINT (8.983574748 45.503547665)"
"C_nov 2022","124","S01316","LO","MI","CAMNAGO-LENTATE","108054","Lentate sul Seveso","CHIASSO-MILANO","620","350","16","2020","138","2020","0","0","138","0","0","2022","Feriale","Invernale","9.133490346","45.668502905","POINT (9.133490346 45.668502905)"
"C_nov 2019","132","S01401","LO","SO","S.CASSIANO VALCHIAVENNA","14054","Prata Camportaccio","CHIAVENNA-COLICO","70","10","3","150","30","0","150","0","0","30","0","2019","Fer","Invernale","0.093974465","4.627551067","POINT (9.3974465 46.27551067)"
"C_Luglio2023","301","S01911","LO","CR","PIZZIGHETTONE","19076","Pizzighettone","CODOGNO-MANTOVA","10","10","4","20","13","0","20","10","0","10","3","2023","Feriale","estivo","9.777166532","45.181857545","POINT (9.777166532 45.181857545)"
"C_nov 2015","109","S01200","LO","VA","PORTO CERESIO","12113","Porto Ceresio","PORTO C.-GALLARATE","30","20","4","80","19","0","80","0","0","19","0","2015","FER","Invernale","8.900389083","45.903750516","POINT (8.900389083 45.903750516)"
"C_Novembre2023","2.855","S01649","LO","MI","MILANO P. VENEZIA","15146","Milano","PASSANTE","1380","3760","40","11890","342","11890","0","0","342","0","0","2023","Feriale","Invernale","9.207018409","45.476597527","POINT (9.207018409 45.476597527)"
"C_nov 2019","166","S01451","LO","CO","CANTU'","13041","Cantu'","ALBATE-MOLTENO","30","10","4","90","23","0","90","0","0","23","0","2019","Fer","Invernale","9.130350159","45.752397871","POINT (9.130350159 45.752397871)"
"C_nov 2016","160","S01436","LO","SO","S.GIACOMO DI TEGLIO","14065","Teglio","TIRANO-MILANO So-Tir","10","0","1","10","7","0","10","0","0","7","0","2016","Fer","Invernale","10.027439647","46.159795887","POINT (10.027439647 46.159795887)"
"C_nov 2021","276","S01848","LO","MN","CANNETO SULL'OGLIO","20008","Canneto sull'Oglio","BRESCIA-PARMA","50","20","4","120","25","0","120","0","0","25","0","2021","Feriale","Invernale","10.371498908","45.150287495","POINT (10.371498908 45.150287495)"
"C_nov 2017","293","S01871","LO","LO","OSPEDALETTO LODIGIANO","98043","Ospedaletto Lodigiano","PAVIA-CASALPUST.","50","20","3","130","28","0","130","0","0","28","0","2017","Fer","Invernale","9.575189061","45.169411515","POINT (9.575189061 45.169411515)"
"C_Luglio2023","85","S01041","LO","MI","CORBETTA-S.STEFANO TIC.","15200","Santo Stefano Ticino","TORINO-MILANO","350","120","8","960","69","960","0","0","69","0","0","2023","Feriale","estivo","8.917496093","45.480908343","POINT (8.917496093 45.480908343)"
"C_nov 2017","313","S01923","LO","MN","CASTELLUCCHIO","20016","Castellucchio","CODOGNO-MANTOVA","70","10","4","130","24","0","90","40","0","18","6","2017","Fer","Invernale","10.647514805","45.144370088","POINT (10.647514805 45.144370088)"
"C_nov 2019","114","S01207","LO","VA","GAZZADA-SCHIANNO-MORAZZ.","12073","Gazzada Schianno","PORTO C.-GALLARATE","240","150","8","760","73","740","0","30","72","0","1","2019","Fer","Invernale","8.824846806","45.778700868","POINT (8.824846806 45.778700868)"
"C_Novembre2023","212","S01536","LO","BG","CHIUDUNO","16073","Chiuduno","LECCO-BRESCIA","40","10","4","210","35","0","210","0","0","35","0","2023","Feriale","Invernale","9.846952911","45.650526953","POINT (9.846952911 45.650526953)"
"C_nov 2021","243","S01712","LO","BG","CALCIO","16044","Calcio","MILANO-VENEZIA","30","20","5","110","30","0","110","0","0","30","0","2021","Feriale","Invernale","9.841366587","45.533015966","POINT (9.841366587 45.533015966)"
"C_nov 2018","34","S00272","LO","PV","ROBBIO","18123","Robbio","VERCELLI-PAVIA","160","30","5","300","28","0","300","0","0","28","0","2018","Fer","Invernale","8.597086609","45.293627181","POINT (8.597086609 45.293627181)"
"C_nov 2015","201","S01522","LO","LC","LECCO MAGGIANICO","97042","Lecco","TIRANO-MILANO Mz-Lc","110","50","7","390","62","390","0","0","62","0","0","2015","Fer","Invernale","0.000941172","45.831255298","POINT (9.41172 45.831255298)"
"C_nov 2015","2.715","S01778","LO","BS","Boario Terme","17065","Darfo Boario Terme","Pisogne - Breno","50","30","4","190","32","0","110","90","0","19","13","2015","Fer","Invernale","10.190958686","45.892043214","POINT (10.190958686 45.892043214)"
"C_nov 2015","119","S01307","LO","CO","COMO S.GIOVANNI","13075","Como","CHIASSO-MILANO","1080","810","22","3060","123","1440","90","1530","83","20","20","2015","Fer","Invernale","9.072359552","45.809022727","POINT (9.072359552 45.809022727)"
"C_nov 2015","236","S01705","LO","MI","MELZO","15142","Melzo","MILANO-VENEZIA","780","340","16","1980","99","1970","20","10","96","1","2","2015","Fer","Invernale","9.433304033","4.550454073","POINT (9.433304033 45.50454073)"
"C_Luglio2023","115","S01208","LO","VA","CASTRONNO","12047","Castronno","PORTO C.-GALLARATE","110","40","8","390","68","370","0","30","67","0","1","2023","Feriale","estivo","8.810338911","45.745312285","POINT (8.810338911 45.745312285)"
"C_Novembre2023","2.784","S01740","LO","VA","Morosolo-Casciago","12038","Casciago","Varese Nord - Laveno Momb","90","50","7","220","40","0","90","130","0","23","17","2023","Feriale","Invernale","8.777403493","45.826573232","POINT (8.777403493 45.826573232)"
"C_nov 2015","209","S01533","LO","BG","SERIATE","16198","Seriate","LECCO-BRESCIA","100","50","5","310","39","0","310","0","0","39","0","2015","FER","Invernale","9.724660449","45.683226571","POINT (9.724660449 45.683226571)"
"C_nov 2016","84","S01040","LO","MI","MAGENTA","15130","Magenta","TORINO-MILANO","940","270","8","2630","74","2630","0","0","74","0","0","2016","Fer","Invernale","8.880674725","45.468283265","POINT (8.880674725 45.468283265)"
"C_nov 2021","2.805","S01784","LO","BS","Sale Marasino","17169","Sale Marasino","Iseo - Pisogne","50","10","4","160","34","0","110","60","0","21","13","2021","Feriale","Invernale","10.111830104","4.571279216","POINT (10.111830104 45.71279216)"
"C_nov 2017","211","S01535","LO","BG","MONTELLO GORLAGO","16139","Montello","LECCO-BRESCIA","110","30","4","450","36","0","450","0","0","36","0","2017","Fer","Invernale","0.980851611","45.670247257","POINT (9.80851611 45.670247257)"
"C_nov 2021","2.711","S01101","LO","CO","Asso","13013","Asso","Seveso - Asso","100","0","2","250","33","0","250","0","0","33","0","2021","Feriale","Invernale","9.269120449","45.854922626","POINT (9.269120449 45.854922626)"
"C_nov 2022","308","S01918","LO","CR","TORRE DE' PICENARDI","19107","Torre de' Picenardi","CODOGNO-MANTOVA","0","0","0","90","8","0","90","0","0","7","1","2022","Feriale","Invernale","10.286872398","45.137279533","POINT (10.286872398 45.137279533)"
"C_nov 2022","285","S01863","LO","PV","ALBUZZANO","18004","Albuzzano","PAVIA-CASALPUST.","30","10","4","30","22","0","30","0","0","22","0","2022","Feriale","Invernale","9.261661322","4.517259006","POINT (9.261661322 45.17259006)"
"C_nov 2017","202","S01523","LO","LC","VERCURAGO-S.GIROLAMO","97086","Vercurago","TIRANO-MILANO Mz-Lc","20","10","4","30","14","0","30","0","1","13","0","2017","Fer","Invernale","9.422384671","4.581219368","POINT (9.422384671 45.81219368)"
"C_Novembre2023","166","S01451","LO","CO","CANTU'","13041","Cantu'","ALBATE-MOLTENO","30","10","4","60","23","0","60","0","0","23","0","2023","Feriale","Invernale","9.130350159","45.752397871","POINT (9.130350159 45.752397871)"
"C_Novembre2023","2.740","S01075","LO","MI","Cesate","15076","Cesate","Milano Nord Cadorna - Sar","850","130","16","1440","133","1440","0","0","133","0","0","2023","Feriale","Invernale","9.066684079","45.590910137","POINT (9.066684079 45.590910137)"
"C_Luglio2023","159","S01435","LO","SO","CHIURO","14020","Chiuro","TIRANO-MILANO So-Tir","10","10","1","10","3","0","10","10","0","2","1","2023","Feriale","estivo","9.992350444","46.164731947","POINT (9.992350444 46.164731947)"
"C_nov 2016","2.821","S01739","LO","VA","Varese-Casbeno","12133","Varese","Varese Nord - Laveno Momb","420","490","8","1270","42","0","550","720","0","21","21","2016","Fer","Invernale","8.811558243","45.814897655","POINT (8.811558243 45.814897655)"
"C_nov 2015","38","S00276","LO","PV","GARLASCO","18069","Garlasco","VERCELLI-PAVIA","140","20","4","270","28","0","270","0","0","28","0","2015","Fer","Invernale","8.926867354","45.199033929","POINT (8.926867354 45.199033929)"
"C_nov 2015","118","S01301","LO","CO","CHIASSO","13075","Como","CHIASSO-MILANO","350","870","17","1950","95","900","0","1050","77","0","18","2015","Fer","Invernale","9.031333374","4.583194478","POINT (9.031333374 45.83194478)"
"C_nov 2015","2.799","S01787","LO","BS","Provaglio-Timoline","17156","Provaglio d'Iseo","Brescia - Iseo","40","20","5","110","42","0","110","0","0","42","0","2015","Fer","Invernale","10.035246585","45.635075228","POINT (10.035246585 45.635075228)"
"C_nov 2016","134","S01403","LO","SO","NOVATE MEZZOLA","14046","Novate Mezzola","CHIAVENNA-COLICO","160","210","5","900","31","0","900","0","0","31","0","2016","Fer","Invernale","9.446610911","46.216667852","POINT (9.446610911 46.216667852)"
"C_Novembre2023","71","S01020","PI","NO","ARONA","3008","Arona","DOMODOSSOLA-MILANO","340","140","7","1240","51","0","620","620","0","33","18","2023","Feriale","Invernale","8.559107617","4.575531295","POINT (8.559107617 45.75531295)"
"C_nov 2022","2.801","S01135","LO","MI","Rescaldina","15181","Rescaldina","Saronno - Novara","810","130","12","1850","77","0","1850","0","0","77","0","2022","Feriale","Invernale","8.946679489","45.622159013","POINT (8.946679489 45.622159013)"
"C_nov 2018","75","S01028","LO","VA","SOMMA LOMBARDO","12123","Somma Lombardo","DOMODOSSOLA-MILANO","280","130","5","740","33","0","740","0","0","33","0","2018","Fer","Invernale","8.713033505","45.686501084","POINT (8.713033505 45.686501084)"
"C_Luglio2023","207","S01528","LO","BG","PONTE S.PIETRO","16170","Ponte San Pietro","LECCO-BRESCIA","280","200","10","1160","71","0","1160","0","0","71","0","2023","Feriale","estivo","9.584359693","45.699232686","POINT (9.584359693 45.699232686)"
"C_Novembre2023","139","S01408","LO","LC","DERVIO","97030","Dervio","TIRANO-MILANO Lc-So","30","10","2","210","27","0","210","10","0","26","1","2023","Feriale","Invernale","9.305992528","46.077782965","POINT (9.305992528 46.077782965)"
"C_nov 2018","303","S01913","LO","CR","ACQUANEGRA CREMONESE","19001","Acquanegra Cremonese","CODOGNO-MANTOVA","10","10","4","20","16","0","20","0","0","16","0","2018","Fer","Invernale","9.888484165","45.172179192","POINT (9.888484165 45.172179192)"
"C_nov 2017","249","S01802","LO","MI","VILLAMAGGIORE","15115","Lacchiarella","MILANO-GENOVA","460","100","8","1030","74","1030","0","0","72","0","2","2017","Fer","Invernale","9.190704857","45.320530164","POINT (9.190704857 45.320530164)"
"C_nov 2015","316","S01931","LO","PV","PINAROLO PO","18115","Pinarolo Po","PAVIA-STRADELLA","80","10","5","150","28","0","150","0","0","28","0","2015","Fer","Invernale","9.170304953","45.073501505","POINT (9.170304953 45.073501505)"
"C_Novembre2023","2.775","S01089","LO","CO","Mariano Comense","13143","Mariano Comense","Seveso - Asso","510","190","7","1490","55","50","1440","0","3","52","0","2023","Feriale","Invernale","0.918152941","45.693595207","POINT (9.18152941 45.693595207)"
"C_nov 2020","136","S01405","LO","SO","DUBINO","14027","Dubino","CHIAVENNA-COLICO","10","10","3","40","29","0","40","0","0","29","0","2020","Feriale","Invernale","0.943221491","4.617287979","POINT (9.43221491 46.17287979)"
"C_nov 2018","50","S00408","LO","PV","SAIRANO","18190","Zinasco","CAVA C.-TORREBER","10","10","4","40","25","0","40","0","0","25","0","2018","Fer","Invernale","9.046900985","45.138935103","POINT (9.046900985 45.138935103)"
"C_nov 2021","294","S01900","LO","BS","S.ZENO FOLZANO","17173","San Zeno Naviglio","BRESCIA-CREMONA","20","10","7","60","53","0","60","0","0","53","0","2021","Feriale","Invernale","10.211709572","45.491635451","POINT (10.211709572 45.491635451)"
"C_nov 2015","184","S01487","LO","MI","VILLA RAVERIO","108008","Besana in Brianza","MONZA-LECCO","220","130","6","620","41","620","0","0","41","0","0","2015","FER","Invernale","0.926158805","45.690495348","POINT (9.26158805 45.690495348)"
"C_nov 2018","328","S01951","EM","PC","S.NICOLO'","33039","Rottofreno","ALESS.-PIACENZA","0","0","0","30","14","0","30","0","0","14","0","2018","Fer","Invernale","9.606551575","4.505875181","POINT (9.606551575 45.05875181)"
"C_nov 2019","227","S01630","LO","MI","MILANO S. CRISTOFORO","15146","Milano","MILANO-MORTARA-AL","620","1070","14","3000","111","1740","1270","0","67","44","0","2019","Fer","Invernale","9.130288258","45.442478529","POINT (9.130288258 45.442478529)"
"C_nov 2017","184","S01487","LO","MI","VILLA RAVERIO","108008","Besana in Brianza","MONZA-LECCO","260","120","6","680","40","680","0","0","40","0","0","2017","Fer","Invernale","0.926158805","45.690495348","POINT (9.26158805 45.690495348)"
"C_nov 2020","286","S01864","LO","PV","BELGIOIOSO","18013","Belgioioso","PAVIA-CASALPUST.","20","10","4","60","20","0","60","0","0","20","0","2020","Feriale","Invernale","9.316907213","45.164645746","POINT (9.316907213 45.164645746)"
"C_nov 2018","167","S01452","LO","CO","BRENNA-ALZATE","13029","Brenna","ALBATE-MOLTENO","10","10","4","30","22","0","30","0","0","22","0","2018","Fer","Invernale","9.183346262","4.575412075","POINT (9.183346262 45.75412075)"
"C_Luglio2023","2.811","S01925","LO","MI","Seveso","108040","Seveso","Milano Nord Bovisa - Seve","1170","350","24","3020","183","1520","1500","0","133","50","0","2023","Feriale","estivo","0.914058178","45.647945743","POINT (9.14058178 45.647945743)"
"C_nov 2019","157","S01433","LO","SO","POGGIRIDENTI-TRESIVIO","14051","Poggiridenti","TIRANO-MILANO So-Tir","10","0","1","20","7","0","20","0","0","7","0","2019","Fer","Invernale","9.933843175","46.166961926","POINT (9.933843175 46.166961926)"
"C_nov 2022","45","S00403","LO","PV","SANNAZZARO","18138","Sannazzaro de' Burgondi","CAVA C.-TORREBER","60","30","4","360","24","0","360","0","0","24","0","2022","Feriale","Invernale","8.905182695","45.105626227","POINT (8.905182695 45.105626227)"
"C_nov 2022","150","S01424","LO","SO","COSIO-TRAONA","14024","Cosio Valtellino","TIRANO-MILANO Lc-So","30","10","3","100","20","0","100","0","0","20","0","2022","Feriale","Invernale","9.525530191","46.135638189","POINT (9.525530191 46.135638189)"
"C_Novembre2023","119","S01307","LO","CO","COMO S.GIOVANNI","13075","Como","CHIASSO-MILANO","1160","920","26","5350","185","2050","120","3190","127","23","35","2023","Feriale","Invernale","9.072359552","45.809022727","POINT (9.072359552 45.809022727)"
"C_Luglio2023","249","S01802","LO","MI","VILLAMAGGIORE","15115","Lacchiarella","MILANO-GENOVA","260","110","8","790","71","790","0","10","70","0","1","2023","Feriale","estivo","9.190704857","45.320530164","POINT (9.190704857 45.320530164)"
"C_nov 2015","2.813","S01785","LO","BS","Sulzano","17182","Sulzano","Iseo - Pisogne","100","20","6","180","35","0","120","60","0","22","13","2015","Fer","Invernale","10.100657593","45.689468948","POINT (10.100657593 45.689468948)"
"C_Luglio2023","314","S01924","LO","MN","S.MICHELE IN BOSCO","20031","Marcaria","CODOGNO-MANTOVA","0","0","1","10","6","0","10","0","0","6","0","2023","Feriale","estivo","10.573308108","45.122485012","POINT (10.573308108 45.122485012)"
"C_nov 2016","213","S01537","LO","BG","GRUMELLO DEL MONTE","16120","Grumello del Monte","LECCO-BRESCIA","150","50","5","480","38","0","480","0","0","38","0","2016","Fer","Invernale","0.986279802","45.634179821","POINT (9.86279802 45.634179821)"
"C_Novembre2023","328","S01951","EM","PC","S.NICOLO'","33039","Rottofreno","ALESS.-PIACENZA","0","0","0","50","11","0","50","0","0","11","0","2023","Feriale","Invernale","9.606551575","4.505875181","POINT (9.606551575 45.05875181)"
"C_nov 2021","167","S01452","LO","CO","BRENNA-ALZATE","13029","Brenna","ALBATE-MOLTENO","10","10","4","10","22","0","10","0","0","22","0","2021","Feriale","Invernale","9.183346262","4.575412075","POINT (9.183346262 45.75412075)"
"C_nov 2015","239","S01708","LO","BG","TREVIGLIO","16219","Treviglio","MILANO-VENEZIA","2600","1530","40","8280","250","2390","4520","1380","96","122","32","2015","Fer","Invernale","9.587945358","45.515141265","POINT (9.587945358 45.515141265)"
"C_nov 2015","140","S01409","LO","LC","BELLANO-TARTAVALLE TERME","97008","Bellano","TIRANO-MILANO Lc-So","150","40","8","490","55","0","170","330","0","27","28","2015","Fer","Invernale","9.302811247","4.603952264","POINT (9.302811247 46.03952264)"
"C_nov 2020","96","S01118","LO","VA","LAVENO MOMBELLO","12087","Laveno-Mombello","LUINO-GALLARATE","20","10","3","90","29","0","90","0","0","29","0","2020","Feriale","Invernale","8.624617825","45.903348381","POINT (8.624617825 45.903348381)"
"C_Luglio2023","284","S01862","LO","PV","MOTTA S.DAMIANO","18110","Pavia","PAVIA-CASALPUST.","10","10","4","20","22","0","20","0","0","22","0","2023","Feriale","estivo","9.219902925","45.178421105","POINT (9.219902925 45.178421105)"
"C_Novembre2023","291","S01869","LO","PV","LAMBRINIA","18048","Chignolo Po","PAVIA-CASALPUST.","30","10","4","90","22","0","90","0","0","22","0","2023","Feriale","Invernale","9.527461442","45.164457002","POINT (9.527461442 45.164457002)"
"C_nov 2018","2.795","S01014","LO","BS","Pisogne","17143","Pisogne","Iseo - Pisogne","130","40","4","400","34","0","240","170","0","21","13","2018","Fer","Invernale","10.105622584","45.806591032","POINT (10.105622584 45.806591032)"
"C_nov 2021","2.770","S01727","LO","CO","Locate Varesino-Carbonate","13045","Carbonate","Saronno - Varese Nord","190","40","8","430","58","0","430","0","0","58","0","2021","Feriale","Invernale","8.936075743","45.689931017","POINT (8.936075743 45.689931017)"
"C_nov 2016","2.743","S01746","LO","VA","Cittiglio","12051","Cittiglio","Varese Nord - Laveno Momb","180","50","7","470","42","0","160","320","0","21","21","2016","Fer","Invernale","8.667398533","45.892327453","POINT (8.667398533 45.892327453)"
"C_nov 2021","324","S01947","LO","PV","ARENA PO","18005","Arena Po","ALESS.-PIACENZA","10","10","1","20","14","0","20","0","0","14","0","2021","Feriale","Invernale","9.360421355","45.082147008","POINT (9.360421355 45.082147008)"
"C_nov 2021","256","S01810","PI","AL","TORTONA","6174","Tortona","MILANO-GENOVA","230","100","3","680","21","0","0","680","0","0","21","2021","Feriale","Invernale","0.886181929","4.490006568","POINT (8.86181929 44.90006568)"
"C_Luglio2023","202","S01523","LO","LC","VERCURAGO-S.GIROLAMO","97086","Vercurago","TIRANO-MILANO Mz-Lc","20","10","4","40","14","0","40","0","0","14","0","2023","Feriale","estivo","9.422384671","4.581219368","POINT (9.422384671 45.81219368)"
"C_nov 2018","153","S01427","LO","SO","ARDENNO-MASINO","14005","Ardenno","TIRANO-MILANO Lc-So","70","10","5","120","27","0","120","0","0","27","0","2018","Fer","Invernale","9.651405996","46.162053348","POINT (9.651405996 46.162053348)"
"C_nov 2020","230","S01640","LO","MI","MILANO CERTOSA","15146","Milano","TORINO-MILANO","460","510","23","2440","152","2400","30","20","146","3","3","2020","Feriale","Invernale","0.913393857","45.507007737","POINT (9.13393857 45.507007737)"
"C_nov 2017","2.794","S01786","LO","BS","Pilzone","17085","Iseo","Iseo - Pisogne","30","10","4","50","20","0","50","0","0","20","0","2017","Fer","Invernale","10.079163075","45.674416503","POINT (10.079163075 45.674416503)"
"C_Luglio2023","2.856","S01648","LO","MI","MILANO REPUBBLICA","15146","Milano","PASSANTE","910","3620","39","9100","332","9100","0","0","332","0","0","2023","Feriale","estivo","9.198815201","45.480365497","POINT (9.198815201 45.480365497)"
"C_nov 2016","181","S01484","LO","MI","MACHERIO CANONICA","108029","Macherio","MONZA-LECCO","170","20","6","250","40","250","0","0","40","0","0","2016","Fer","Invernale","9.286771042","45.645615415","POINT (9.286771042 45.645615415)"
"C_nov 2017","265","S01828","LO","LO","CODOGNO","98019","Codogno","MILANO-BOLOGNA","870","310","15","2430","106","0","1610","830","0","85","21","2017","Fer","Invernale","9.701405698","45.154978635","POINT (9.701405698 45.154978635)"
"C_nov 2019","91","S01064","LO","MI","CORSICO","15093","Corsico","MILANO-MORTARA-AL","310","230","8","940","68","940","10","0","67","1","0","2019","Fer","Invernale","9.105184247","45.434772406","POINT (9.105184247 45.434772406)"
"C_nov 2021","2.820","S01738","LO","VA","Varese Nord","12133","Varese","Saronno - Varese Nord","650","780","12","3060","75","0","2020","1050","0","60","15","2021","Feriale","Invernale","8.834307422","4.581847437","POINT (8.834307422 45.81847437)"
"C_nov 2021","212","S01536","LO","BG","CHIUDUNO","16073","Chiuduno","LECCO-BRESCIA","70","30","4","230","32","0","230","0","0","32","0","2021","Feriale","Invernale","9.846952911","45.650526953","POINT (9.846952911 45.650526953)"
"C_nov 2019","246","S01716","LO","BS","OSPITALETTO TRAVAGLIATO","17127","Ospitaletto","MILANO-VENEZIA","190","80","9","450","60","0","450","0","0","60","0","2019","Fer","Invernale","10.074385735","45.546125054","POINT (10.074385735 45.546125054)"
"C_nov 2022","108","S01145","LO","VA","BESNATE","12012","Besnate","LUINO-GALLARATE","40","10","5","120","28","40","80","0","10","18","0","2022","Feriale","Invernale","8.761109294","45.695486482","POINT (8.761109294 45.695486482)"
"C_nov 2015","111","S01203","LO","VA","ARCISATE","12004","Arcisate","PORTO C.-GALLARATE","30","10","3","60","19","0","60","0","0","19","0","2015","FER","Invernale","8.862448264","4.585865032","POINT (8.862448264 45.85865032)"
"C_nov 2020","2.816","S01728","LO","VA","Tradate Abbiate Guazzone","12127","Tradate","Saronno - Varese Nord","50","30","8","150","54","0","150","0","0","54","0","2020","Feriale","Invernale","8.918610359","45.701903031","POINT (8.918610359 45.701903031)"
"C_nov 2020","104","S01141","LO","VA","BESOZZO","12013","Besozzo","LUINO-GALLARATE","30","10","4","70","27","0","70","0","0","27","0","2020","Feriale","Invernale","0.866303949","45.842264864","POINT (8.66303949 45.842264864)"
"C_nov 2016","73","S01026","LO","VA","SESTO CALENDE","12120","Sesto Calende","DOMODOSSOLA-MILANO","470","200","7","1450","50","0","940","520","0","33","17","2016","Fer","Invernale","0.862816964","45.726314213","POINT (8.62816964 45.726314213)"
"C_nov 2022","311","S01921","LO","MN","MARCARIA","20031","Marcaria","CODOGNO-MANTOVA","50","20","4","90","27","0","40","60","0","7","20","2022","Feriale","Invernale","10.533674343","45.124599549","POINT (10.533674343 45.124599549)"
"C_nov 2019","315","S01930","LO","PV","BRESSANA ARGINE","18023","Bressana Bottarone","PAVIA-STRADELLA","100","20","5","200","27","0","200","0","0","27","0","2019","Fer","Invernale","9.137068363","45.072826093","POINT (9.137068363 45.072826093)"
"C_nov 2015","213","S01537","LO","BG","GRUMELLO DEL MONTE","16120","Grumello del Monte","LECCO-BRESCIA","150","50","5","470","41","0","470","0","0","41","0","2015","FER","Invernale","0.986279802","45.634179821","POINT (9.86279802 45.634179821)"
"C_nov 2018","219","S01602","LO","BG","CARAVAGGIO","16053","Caravaggio","BERGAMO-CREMONA","180","40","5","380","35","0","380","0","0","35","0","2018","Fer","Invernale","9.637752922","45.491237226","POINT (9.637752922 45.491237226)"
"C_nov 2019","2.862","S01650","LO","MI","MILANO DATEO","15146","Milano","PASSANTE","1540","2490","41","8530","359","8530","0","0","359","0","0","2019","Fer","Invernale","9.217309375","45.467669611","POINT (9.217309375 45.467669611)"
"C_nov 2020","293","S01871","LO","LO","OSPEDALETTO LODIGIANO","98043","Ospedaletto Lodigiano","PAVIA-CASALPUST.","10","10","2","60","20","0","60","0","0","20","0","2020","Feriale","Invernale","9.575189061","45.169411515","POINT (9.575189061 45.169411515)"
"C_nov 2017","2.864","S01715","LO","MI","SEGRATE","15205","Segrate","MILANO-VENEZIA","610","540","16","2060","146","2060","0","0","146","0","0","2017","Fer","Invernale","9.291418669","45.479594282","POINT (9.291418669 45.479594282)"
"C_nov 2017","2.783","S01066","LO","MI","Milano Nord Cadorna","15146","Milano","Milano Nord Cadorna - Sar","2710","19770","62","44630","464","14290","21710","8650","153","202","109","2017","Fer","Invernale","9.175179183","45.468514231","POINT (9.175179183 45.468514231)"
"C_Luglio2023","2.807","S01077","LO","VA","Saronno Sud","12119","Saronno","Milano Nord Cadorna - Sar","190","80","17","540","146","540","0","0","146","0","0","2023","Feriale","estivo","9.045593579","45.611839478","POINT (9.045593579 45.611839478)"
"C_nov 2020","2.721","S01085","LO","MI","Bovisio Masciago - Mombello","108010","Bovisio-Masciago","Milano Nord Bovisa - Seve","200","60","8","610","71","610","0","0","71","0","0","2020","Feriale","Invernale","9.141581449","45.612055387","POINT (9.141581449 45.612055387)"
"C_nov 2015","117","S01210","LO","VA","CAVARIA-OGGIONA IERAGO","12048","Cavaria con Premezzo","PORTO C.-GALLARATE","290","100","8","820","75","770","0","50","74","0","1","2015","Fer","Invernale","0.880353632","45.698222542","POINT (8.80353632 45.698222542)"
"C_nov 2020","2.865","S01624","LO","MI","SAN DONATO MILANESE","15192","San Donato Milanese","MILANO-BOLOGNA","20","50","8","100","42","100","0","0","42","0","0","2020","Feriale","Invernale","9.253900071","45.417940908","POINT (9.253900071 45.417940908)"
"C_nov 2017","213","S01537","LO","BG","GRUMELLO DEL MONTE","16120","Grumello del Monte","LECCO-BRESCIA","150","70","5","460","38","0","460","0","0","38","0","2017","Fer","Invernale","0.986279802","45.634179821","POINT (9.86279802 45.634179821)"
"C_Luglio2023","2.712","S01741","LO","VA","Barasso-Comerio","12008","Barasso","Varese Nord - Laveno Momb","80","30","6","230","40","0","90","140","0","23","17","2023","Feriale","estivo","8.751273836","45.835130751","POINT (8.751273836 45.835130751)"
"C_Luglio2023","165","S01450","LO","CO","ALBATE TRECALLO","13075","Como","ALBATE-MOLTENO","10","10","4","20","22","0","20","0","0","22","0","2023","Feriale","estivo","9.095790373","45.777467374","POINT (9.095790373 45.777467374)"
"C_nov 2021","119","S01307","LO","CO","COMO S.GIOVANNI","13075","Como","CHIASSO-MILANO","680","550","28","2790","191","1460","80","1260","134","23","34","2021","Feriale","Invernale","9.072359552","45.809022727","POINT (9.072359552 45.809022727)"
"C_nov 2017","2.825","S01735","LO","VA","Venegono Sup.-Castiglione","12137","Venegono Superiore","Saronno - Varese Nord","250","60","8","540","57","0","540","0","0","57","0","2017","Fer","Invernale","8.890295606","45.758175712","POINT (8.890295606 45.758175712)"
"C_Luglio2023","104","S01141","LO","VA","BESOZZO","12013","Besozzo","LUINO-GALLARATE","60","20","4","180","29","70","120","0","13","16","0","2023","Feriale","estivo","0.866303949","45.842264864","POINT (8.66303949 45.842264864)"
"C_Novembre2023","314","S01924","LO","MN","S.MICHELE IN BOSCO","20031","Marcaria","CODOGNO-MANTOVA","10","10","1","10","6","0","10","0","0","6","0","2023","Feriale","Invernale","10.573308108","45.122485012","POINT (10.573308108 45.122485012)"
"C_nov 2020","193","S01504","LO","BG","TERNO","16213","Terno d'Isola","SEREGNO-BERGAMO","60","30","5","220","40","0","220","0","0","40","0","2020","Feriale","Invernale","9.536197341","45.688730968","POINT (9.536197341 45.688730968)"
"C_nov 2018","81","S01035","LO","MI","PARABIAGO","15168","Parabiago","DOMODOSSOLA-MILANO","1110","290","11","2920","77","2540","270","130","74","2","1","2018","Fer","Invernale","8.946358229","4.555251981","POINT (8.946358229 45.55251981)"
"C_nov 2018","5.841","S01104","LO","MI","PIEVE EMANUELE","15173","Pieve Emanuele","MILANO-GENOVA","670","180","8","1800","74","1800","0","10","72","0","2","2018","Fer","Invernale","9.204837997","45.341109745","POINT (9.204837997 45.341109745)"
"C_Novembre2023","304","S01914","LO","CR","CAVA TIGOZZI","19095","Sesto ed Uniti","CODOGNO-MANTOVA","20","10","2","20","10","0","20","0","0","10","0","2023","Feriale","Invernale","0.995584963","45.156899589","POINT (9.95584963 45.156899589)"
"C_nov 2020","43","S00401","LO","PV","ZINASCO NUOVO","18190","Zinasco","CAVA C.-TORREBER","10","10","5","20","23","0","20","0","0","23","0","2020","Feriale","Invernale","8.999696096","45.124641115","POINT (8.999696096 45.124641115)"
"C_nov 2018","2.711","S01101","LO","CO","Asso","13013","Asso","Seveso - Asso","100","50","6","250","40","0","250","0","0","40","0","2018","Fer","Invernale","9.269120449","45.854922626","POINT (9.269120449 45.854922626)"
"C_nov 2022","32","S00252","PI","NO","TRECATE","3149","Trecate","TORINO-MILANO","550","170","8","2020","69","2020","0","0","69","0","0","2022","Feriale","Invernale","8.739372114","4.542852569","POINT (8.739372114 45.42852569)"
"C_nov 2015","2.780","S01079","LO","MI","Milano Bruzzano","15146","Milano","Milano Nord Bovisa - Seve","280","150","16","840","131","840","0","0","131","0","0","2015","Fer","Invernale","9.172814019","45.533621361","POINT (9.172814019 45.533621361)"
"C_nov 2015","2.820","S01738","LO","VA","Varese Nord","12133","Varese","Saronno - Varese Nord","940","1100","12","4060","84","0","2410","1660","0","63","21","2015","Fer","Invernale","8.834307422","4.581847437","POINT (8.834307422 45.81847437)"
"C_nov 2015","202","S01523","LO","LC","VERCURAGO-S.GIROLAMO","97086","Vercurago","TIRANO-MILANO Mz-Lc","20","10","4","30","15","10","20","0","2","13","0","2015","Fer","Invernale","9.422384671","4.581219368","POINT (9.422384671 45.81219368)"
"C_nov 2016","218","S01601","LO","BG","TREVIGLIO OVEST","16219","Treviglio","BERGAMO-CREMONA","250","100","9","630","58","0","560","80","0","52","6","2016","Fer","Invernale","0.958031324","45.521845567","POINT (9.58031324 45.521845567)"
"C_Novembre2023","174","S01461","LO","LC","SALA AL BARRO-GALBIATE","97036","Galbiate","MONZA-LECCO","40","20","7","90","37","80","20","0","34","3","0","2023","Feriale","Invernale","9.359251698","45.821167176","POINT (9.359251698 45.821167176)"
"C_nov 2021","2.758","S01074","LO","MI","Garbagnate Milanese","15105","Garbagnate Milanese","Milano Nord Cadorna - Sar","720","250","14","2160","114","2160","0","0","114","0","0","2021","Feriale","Invernale","0.908029848","45.579923026","POINT (9.08029848 45.579923026)"
"C_Luglio2023","2.718","S01797","LO","BS","Borgo S. Giovanni","17029","Brescia","Brescia - Iseo","30","30","6","90","36","0","90","0","0","36","0","2023","Feriale","estivo","10.190716021","45.543253206","POINT (10.190716021 45.543253206)"
"C_Novembre2023","219","S01602","LO","BG","CARAVAGGIO","16053","Caravaggio","BERGAMO-CREMONA","130","40","5","340","35","0","340","0","0","35","0","2023","Feriale","Invernale","9.637752922","45.491237226","POINT (9.637752922 45.491237226)"
"C_nov 2022","84","S01040","LO","MI","MAGENTA","15130","Magenta","TORINO-MILANO","840","440","8","2590","69","2590","0","0","69","0","0","2022","Feriale","Invernale","8.880674725","45.468283265","POINT (8.880674725 45.468283265)"
"C_nov 2022","2.771","S01757","LO","CO","Lomazzo","13133","Lomazzo","Saronno - Como","1020","260","10","2170","67","0","1890","280","0","62","5","2022","Feriale","Invernale","9.036101686","45.698756116","POINT (9.036101686 45.698756116)"
"C_nov 2017","2.857","S01647","LO","MI","MILANO P.G. PASS.","15146","Milano","PASSANTE","2930","6790","39","22850","359","22850","0","0","359","0","0","2017","Fer","Invernale","9.185954917","45.484354097","POINT (9.185954917 45.484354097)"
"C_nov 2015","2.766","S01021","LO","BS","Iseo","17085","Iseo","Brescia - Iseo","120","380","7","780","57","0","570","220","0","44","13","2015","Fer","Invernale","10.050103236","45.656525986","POINT (10.050103236 45.656525986)"
"C_Novembre2023","5.836","S01608","LO","BG","ARCENE","16011","Arcene","BERGAMO-CREMONA","210","30","8","420","47","0","420","10","0","46","1","2023","Feriale","Invernale","9.606556547","45.577555908","POINT (9.606556547 45.577555908)"
"C_Luglio2023","196","S01512","LO","LC","OSNAGO","97061","Osnago","TIRANO-MILANO Mz-Lc","280","60","8","860","68","860","0","0","68","0","0","2023","Feriale","estivo","9.387021835","45.678609287","POINT (9.387021835 45.678609287)"
"C_nov 2017","2.861","S01639","LO","MI","MILANO VILLAPIZZONE","15146","Milano","PASSANTE","700","1170","26","3690","197","3270","130","300","179","5","13","2017","Fer","Invernale","9.150254378","45.502301332","POINT (9.150254378 45.502301332)"
"C_nov 2018","31","S00248","PI","NO","NOVARA","3106","Novara","TORINO-MILANO","530","1090","8","3010","84","2840","170","0","74","10","0","2018","Fer","Invernale","0.086249717","4.545129662","POINT (8.6249717 45.45129662)"
"C_nov 2020","2.823","S01782","LO","BS","Vello","17106","Marone","Iseo - Pisogne","0","0","2","10","18","0","10","0","0","18","0","2020","Feriale","Invernale","10.083908147","45.752417679","POINT (10.083908147 45.752417679)"
"C_nov 2020","7","S00036","LO","PV","OLEVANO","18104","Olevano di Lomellina","MILANO-MORTARA-AL","10","10","1","20","9","0","20","0","0","9","0","2020","Feriale","Invernale","0.871185336","4.521219615","POINT (8.71185336 45.21219615)"
"C_Luglio2023","166","S01451","LO","CO","CANTU'","13041","Cantu'","ALBATE-MOLTENO","20","10","4","50","23","0","50","0","0","23","0","2023","Feriale","estivo","9.130350159","45.752397871","POINT (9.130350159 45.752397871)"
"C_Novembre2023","288","S01866","LO","PV","S.CRISTINA E BISSONE","18139","Santa Cristina e Bissone","PAVIA-CASALPUST.","40","10","4","100","22","0","100","0","0","22","0","2023","Feriale","Invernale","9.401036576","45.160614144","POINT (9.401036576 45.160614144)"
"C_Novembre2023","2.749","S01765","LO","CO","Como Nord Lago","13075","Como","Saronno - Como","180","180","7","1930","62","0","1870","70","0","60","2","2023","Feriale","Invernale","9.084320036","45.813688508","POINT (9.084320036 45.813688508)"
"C_nov 2020","273","S01845","LO","BS","REMEDELLO SOPRA","17160","Remedello","BRESCIA-PARMA","20","30","5","60","24","0","60","0","0","24","0","2020","Feriale","Invernale","10.379240842","45.278565103","POINT (10.379240842 45.278565103)"
"C_nov 2018","290","S01868","LO","PV","CHIGNOLO PO","18048","Chignolo Po","PAVIA-CASALPUST.","70","20","5","140","28","0","140","0","0","28","0","2018","Fer","Invernale","9.494226195","45.161018526","POINT (9.494226195 45.161018526)"
"C_nov 2021","2.767","S01094","LO","CO","Lambrugo-Lurago","13121","Lambrugo","Seveso - Asso","80","30","6","230","46","0","230","0","0","46","0","2021","Feriale","Invernale","9.238491713","45.761639869","POINT (9.238491713 45.761639869)"
"C_nov 2021","92","S01065","LO","MI","TREZZANO S.N.","15220","Trezzano sul Naviglio","MILANO-MORTARA-AL","180","140","9","610","62","600","20","0","59","3","0","2021","Feriale","Invernale","0.907123474","45.422282484","POINT (9.07123474 45.422282484)"
"C_nov 2018","262","S01825","LO","LO","LODI","98031","Lodi","MILANO-BOLOGNA","2090","1720","19","6930","136","2670","3010","1260","75","41","20","2018","Fer","Invernale","9.497612624","45.309042271","POINT (9.497612624 45.309042271)"
"C_nov 2018","3","S00031","PI","NO","VESPOLATE","3158","Vespolate","NOVARA-MORTARA","70","10","3","80","10","0","80","0","0","10","0","2018","Fer","Invernale","8.672069059","4.535153791","POINT (8.672069059 45.35153791)"
"C_Luglio2023","326","S01949","EM","PC","SARMATO","33042","Sarmato","ALESS.-PIACENZA","0","0","0","20","11","0","20","0","0","11","0","2023","Feriale","estivo","0.949110168","4.506299749","POINT (9.49110168 45.06299749)"
"C_nov 2016","262","S01825","LO","LO","LODI","98031","Lodi","MILANO-BOLOGNA","2040","1220","19","5920","136","1960","2780","1190","75","41","20","2016","Fer","Invernale","9.497612624","45.309042271","POINT (9.497612624 45.309042271)"
"C_nov 2016","10","S00039","LO","PV","TORREBERETTI","18156","Torre Beretti e Castellaro","MILANO-MORTARA-AL","30","10","5","60","35","0","60","0","0","35","0","2016","Fer","Invernale","8.660466652","45.060615837","POINT (8.660466652 45.060615837)"
"C_nov 2015","124","S01316","LO","MI","CAMNAGO-LENTATE","108054","Lentate sul Seveso","CHIASSO-MILANO","490","190","16","1460","137","1460","0","0","137","0","0","2015","Fer","Invernale","9.133490346","45.668502905","POINT (9.133490346 45.668502905)"
"C_nov 2021","180","S01483","LO","MI","BIASSONO-LESMO","108009","Biassono","MONZA-LECCO","90","20","6","160","40","160","0","0","40","0","0","2021","Feriale","Invernale","9.298437032","45.632291281","POINT (9.298437032 45.632291281)"
"C_nov 2016","198","S01514","LO","LC","OLGIATE CALCO-BRIVIO","97058","Olgiate Molgora","TIRANO-MILANO Mz-Lc","630","70","8","1410","68","1410","0","0","68","0","0","2016","Fer","Invernale","0.940379608","45.729243447","POINT (9.40379608 45.729243447)"
"C_Luglio2023","2.860","S01138","LO","VA","Ferno-Lonate P.","12068","Ferno","Busto Arsizio - Malpensa","280","100","8","730","65","120","620","0","21","44","0","2023","Feriale","estivo","8.754982528","45.608628952","POINT (8.754982528 45.608628952)"
"C_nov 2019","116","S01209","LO","VA","ALBIZZATE-SOLBIATE ARNO","12002","Albizzate","PORTO C.-GALLARATE","260","100","8","840","73","810","0","40","72","0","1","2019","Fer","Invernale","8.806241922","45.724198779","POINT (8.806241922 45.724198779)"
"C_Novembre2023","82","S01036","LO","MI","VANZAGO POGLIANO","15229","Vanzago","DOMODOSSOLA-MILANO","720","170","10","1460","68","1310","80","80","66","1","1","2023","Feriale","Invernale","8.995565824","4.552529528","POINT (8.995565824 45.52529528)"
"C_nov 2016","2.770","S01727","LO","CO","Locate Varesino-Carbonate","13045","Carbonate","Saronno - Varese Nord","260","40","8","530","57","0","530","0","0","57","0","2016","Fer","Invernale","8.936075743","45.689931017","POINT (8.936075743 45.689931017)"
"C_Luglio2023","6","S00034","LO","PV","MORTARA","18102","Mortara","MILANO-MORTARA-AL","360","160","11","1470","72","0","1470","0","0","72","0","2023","Feriale","estivo","0.873168138","45.252256076","POINT (8.73168138 45.252256076)"
"C_Luglio2023","274","S01846","LO","BS","REMEDELLO SOTTO","17160","Remedello","BRESCIA-PARMA","20","20","4","80","25","0","80","0","0","25","0","2023","Feriale","estivo","1.038843093","45.257552358","POINT (10.38843093 45.257552358)"
"C_nov 2017","2.818","S01753","LO","MI","Vanzaghello","15249","Vanzaghello","Saronno - Novara","430","80","6","850","38","0","850","0","0","38","0","2017","Fer","Invernale","8.787492635","4.557757515","POINT (8.787492635 45.57757515)"
"C_nov 2019","182","S01485","LO","MI","TRIUGGIO-PONTE ALBIATE","108043","Triuggio","MONZA-LECCO","260","40","6","460","40","460","0","0","40","0","0","2019","Fer","Invernale","9.266989378","45.659034087","POINT (9.266989378 45.659034087)"
"C_nov 2022","2.814","S01781","LO","BS","Toline","17143","Pisogne","Iseo - Pisogne","10","10","3","10","11","0","10","0","0","11","0","2022","Feriale","Invernale","10.088229762","45.787237456","POINT (10.088229762 45.787237456)"
"C_nov 2015","214","S01538","LO","BS","PALAZZOLO SULL'OGLIO","17133","Palazzolo sull'Oglio","LECCO-BRESCIA","210","110","5","720","41","0","720","0","0","41","0","2015","FER","Invernale","9.896263591","4.560155941","POINT (9.896263591 45.60155941)"
"C_nov 2015","2.806","S01933","LO","VA","Saronno","12119","Saronno","Milano Nord Cadorna - Sar","4720","3280","66","16310","545","3310","9320","3700","212","200","133","2015","Fer","Invernale","9.030524424","0.456251346","POINT (9.030524424 45.6251346)"
"C_Luglio2023","304","S01914","LO","CR","CAVA TIGOZZI","19095","Sesto ed Uniti","CODOGNO-MANTOVA","10","10","2","10","10","0","10","0","0","10","0","2023","Feriale","estivo","0.995584963","45.156899589","POINT (9.95584963 45.156899589)"
"C_nov 2021","192","S01503","LO","BG","CALUSCO","16046","Calusco d'Adda","SEREGNO-BERGAMO","290","40","5","670","40","0","670","0","0","40","0","2021","Feriale","Invernale","9.470679691","45.684190766","POINT (9.470679691 45.684190766)"
"C_nov 2018","134","S01403","LO","SO","NOVATE MEZZOLA","14046","Novate Mezzola","CHIAVENNA-COLICO","80","10","4","160","32","0","160","0","0","32","0","2018","Fer","Invernale","9.446610911","46.216667852","POINT (9.446610911 46.216667852)"
"C_nov 2016","2.719","S01788","LO","BS","Borgonato Adro","17062","Corte Franca","Brescia - Iseo","60","10","6","80","42","0","80","0","0","42","0","2016","Fer","Invernale","10.020113024","45.622225521","POINT (10.020113024 45.622225521)"
"C_Novembre2023","191","S01502","LO","LC","PADERNO-ROBBIATE","97062","Paderno d'Adda","SEREGNO-BERGAMO","300","50","5","780","40","0","780","0","0","40","0","2023","Feriale","Invernale","9.439232645","4.567838448","POINT (9.439232645 45.67838448)"
"C_nov 2016","2.766","S01021","LO","BS","Iseo","17085","Iseo","Brescia - Iseo","90","380","6","710","56","0","520","200","0","43","13","2016","Fer","Invernale","10.050103236","45.656525986","POINT (10.050103236 45.656525986)"
"C_Novembre2023","326","S01949","EM","PC","SARMATO","33042","Sarmato","ALESS.-PIACENZA","0","0","0","20","11","0","20","0","0","11","0","2023","Feriale","Invernale","0.949110168","4.506299749","POINT (9.49110168 45.06299749)"
"C_nov 2015","323","S01945","LO","PV","STRADELLA","18153","Stradella","ALESS.-PIACENZA","180","70","5","570","43","0","570","0","0","43","0","2015","Fer","Invernale","9.300895387","45.079551322","POINT (9.300895387 45.079551322)"
"C_nov 2015","208","S01529","LO","BG","BERGAMO","16024","Bergamo","LECCO-BRESCIA","3220","4430","34","15180","226","0","9490","5690","0","174","52","2015","FER","Invernale","9.675111057","45.690343725","POINT (9.675111057 45.690343725)"
"C_nov 2018","2.724","S01137","LO","VA","Busto Arsizio Nord","12026","Busto Arsizio","Saronno - Novara","2070","540","24","5520","200","120","3080","2330","18","73","109","2018","Fer","Invernale","0.885203345","45.606009961","POINT (8.85203345 45.606009961)"
"C_nov 2015","238","S01707","LO","MI","CASSANO D'ADDA","15059","Cassano d'Adda","MILANO-VENEZIA","530","140","16","1150","99","1140","10","0","96","1","2","2015","Fer","Invernale","9.512780391","0.455144503","POINT (9.512780391 45.5144503)"
"C_Luglio2023","39","S00277","LO","PV","GROPELLO CAIROLI","18076","Gropello Cairoli","VERCELLI-PAVIA","30","10","3","80","16","0","80","0","0","16","0","2023","Feriale","estivo","8.991656466","4.517318205","POINT (8.991656466 45.17318205)"
"C_nov 2021","33","S00271","LO","PV","PALESTRO","18107","Palestro","VERCELLI-PAVIA","40","10","2","50","22","0","50","0","0","22","0","2021","Feriale","Invernale","8.534545108","45.307350574","POINT (8.534545108 45.307350574)"
"C_nov 2015","145","S01415","LO","LC","MANDELLO DEL LARIO","97046","Mandello del Lario","TIRANO-MILANO Lc-So","260","50","4","680","34","0","520","170","0","27","7","2015","Fer","Invernale","9.322094648","45.915283559","POINT (9.322094648 45.915283559)"
"C_Novembre2023","2.725","S01088","LO","CO","Cabiate","13035","Cabiate","Seveso - Asso","180","90","8","490","55","20","470","0","3","52","0","2023","Feriale","Invernale","9.168578192","45.675909631","POINT (9.168578192 45.675909631)"
"C_nov 2016","141","S01411","LO","LC","VARENNA ESINO","97084","Varenna","TIRANO-MILANO Lc-So","130","40","7","490","53","0","170","320","0","26","27","2016","Fer","Invernale","9.286432309","46.015079717","POINT (9.286432309 46.015079717)"
"C_Novembre2023","285","S01863","LO","PV","ALBUZZANO","18004","Albuzzano","PAVIA-CASALPUST.","30","20","4","80","22","0","80","0","0","22","0","2023","Feriale","Invernale","9.261661322","4.517259006","POINT (9.261661322 45.17259006)"
"C_Novembre2023","2.748","S01763","LO","CO","Como Camerlata (FN)","13075","Como","Saronno - Como","380","500","9","1570","67","0","1430","140","0","63","4","2023","Feriale","Invernale","9.079423298","4.578441339","POINT (9.079423298 45.78441339)"
"C_nov 2016","221","S01604","LO","CR","CASALETTO VAPRIO","19020","Casaletto Vaprio","BERGAMO-CREMONA","130","20","4","290","35","0","290","0","0","35","0","2016","Fer","Invernale","9.631769572","45.408725407","POINT (9.631769572 45.408725407)"
"C_nov 2020","2.741","S01772","LO","BS","Ceto-Cerveno","17050","Ceto","Breno - Edolo","10","0","2","10","3","0","10","0","0","3","0","2020","Feriale","Invernale","10.339003482","45.996851549","POINT (10.339003482 45.996851549)"
"C_nov 2019","2.816","S01728","LO","VA","Tradate Abbiate Guazzone","12127","Tradate","Saronno - Varese Nord","210","50","8","510","57","0","510","0","0","57","0","2019","Fer","Invernale","8.918610359","45.701903031","POINT (8.918610359 45.701903031)"
"C_nov 2017","2","S00030","PI","AL","GARBAGNA","6079","Garbagna","NOVARA-MORTARA","30","10","3","30","10","0","30","0","0","10","0","2017","Fer","Invernale","8.666334325","4.538567409","POINT (8.666334325 45.38567409)"
"C_nov 2017","115","S01208","LO","VA","CASTRONNO","12047","Castronno","PORTO C.-GALLARATE","230","90","8","660","73","620","0","50","72","0","1","2017","Fer","Invernale","8.810338911","45.745312285","POINT (8.810338911 45.745312285)"
"C_Luglio2023","151","S01425","LO","SO","MORBEGNO","14045","Morbegno","TIRANO-MILANO Lc-So","150","130","7","910","63","0","400","510","0","31","32","2023","Feriale","estivo","9.568674621","46.136732198","POINT (9.568674621 46.136732198)"
"C_nov 2018","5.919","S01146","LO","VA","Malpensa Aeroporto T2","12140","Vizzola Ticino","Busto Arsizio - Malpensa","100","280","18","1280","162","60","340","890","18","35","109","2018","Fer","Invernale","8.721967232","4.565058598","POINT (8.721967232 45.65058598)"
"C_nov 2019","103","S01140","LO","VA","SANGIANO","12141","Sangiano","LUINO-GALLARATE","30","10","3","100","28","0","100","0","0","28","0","2019","Fer","Invernale","8.630805498","45.874544577","POINT (8.630805498 45.874544577)"
"C_nov 2015","233","S01701","LO","MI","MILANO LAMBRATE","15146","Milano","MILANO-BOLOGNA","2790","8720","53","18680","309","3940","6280","8470","69","107","133","2015","Fer","Invernale","9.237361806","45.485012046","POINT (9.237361806 45.485012046)"
"C_Luglio2023","178","S01481","LO","MI","VILLASANTA","108049","Villasanta","MONZA-LECCO","230","60","7","550","44","510","10","40","41","1","2","2023","Feriale","estivo","9.305121962","45.603443796","POINT (9.305121962 45.603443796)"
"C_nov 2019","220","S01603","LO","CR","CAPRALBA","19015","Capralba","BERGAMO-CREMONA","110","30","5","210","35","0","210","0","0","35","0","2019","Fer","Invernale","9.640048136","45.443945977","POINT (9.640048136 45.443945977)"
"C_nov 2016","267","S01830","LO","MI","BORGOLOMBARDO","15192","San Donato Milanese","MILANO-BOLOGNA","310","160","9","860","79","860","0","0","79","0","0","2016","Fer","Invernale","9.271012475","4.540385926","POINT (9.271012475 45.40385926)"
"C_nov 2022","2.823","S01782","LO","BS","Vello","17106","Marone","Iseo - Pisogne","10","0","3","10","11","0","10","0","0","11","0","2022","Feriale","Invernale","10.083908147","45.752417679","POINT (10.083908147 45.752417679)"
"C_nov 2015","306","S01916","LO","CR","VILLETTA MALAGNINO","19056","Malagnino","CODOGNO-MANTOVA","30","10","2","40","24","0","40","10","0","23","1","2015","FER","Invernale","10.111974549","45.137104731","POINT (10.111974549 45.137104731)"
"C_nov 2015","258","S01821","LO","MI","S.GIULIANO MILANESE","15195","San Giuliano Milanese","MILANO-BOLOGNA","410","130","8","1200","75","1200","0","0","75","0","0","2015","Fer","Invernale","9.286452197","45.391305373","POINT (9.286452197 45.391305373)"
"C_nov 2017","120","S01310","LO","CO","ALBATE-CAMERLATA","13075","Como","CHIASSO-MILANO","280","110","16","660","117","610","50","0","94","23","0","2017","Fer","Invernale","0.907349887","45.777443385","POINT (9.07349887 45.777443385)"
"C_nov 2019","387","S05000","EM","PC","PIACENZA","33032","Piacenza","MILANO-BOLOGNA","640","200","7","2070","58","0","2070","0","0","58","0","2019","Fer","Invernale","9.706305088","4.505208441","POINT (9.706305088 45.05208441)"
"C_nov 2022","2.712","S01741","LO","VA","Barasso-Comerio","12008","Barasso","Varese Nord - Laveno Momb","120","40","6","250","40","0","120","140","0","24","16","2022","Feriale","Invernale","8.751273836","45.835130751","POINT (8.751273836 45.835130751)"
"C_Novembre2023","238","S01707","LO","MI","CASSANO D'ADDA","15059","Cassano d'Adda","MILANO-VENEZIA","450","90","16","970","95","950","20","10","92","2","1","2023","Feriale","Invernale","9.512780391","0.455144503","POINT (9.512780391 45.5144503)"
"C_nov 2016","241","S01710","LO","BG","MORENGO-BARIANO","16020","Bariano","MILANO-VENEZIA","130","20","5","260","32","0","250","20","0","31","1","2016","Fer","Invernale","9.703143454","45.521713564","POINT (9.703143454 45.521713564)"
"C_nov 2017","221","S01604","LO","CR","CASALETTO VAPRIO","19020","Casaletto Vaprio","BERGAMO-CREMONA","110","20","4","240","35","0","240","0","0","35","0","2017","Fer","Invernale","9.631769572","45.408725407","POINT (9.631769572 45.408725407)"
"C_nov 2022","2.744","S01774","LO","BS","Cividate Malegno","17055","Cividate Camuno","Pisogne - Breno","10","100","2","40","11","0","40","0","0","11","0","2022","Feriale","Invernale","10.268355766","45.943563723","POINT (10.268355766 45.943563723)"
"C_nov 2019","4","S00032","PI","NO","BORGO LAVEZZARO","3023","Borgolavezzaro","NOVARA-MORTARA","80","10","3","90","10","0","90","0","0","10","0","2019","Fer","Invernale","8.703316141","0.453188806","POINT (8.703316141 45.3188806)"
"C_nov 2019","122","S01313","LO","CO","CANTU'-CERMENATE","13064","Cermenate","CHIASSO-MILANO","350","90","10","800","75","640","0","160","72","0","3","2019","Fer","Invernale","9.099312432","45.716313773","POINT (9.099312432 45.716313773)"
"C_nov 2017","243","S01712","LO","BG","CALCIO","16044","Calcio","MILANO-VENEZIA","40","20","5","120","32","0","120","0","0","31","1","2017","Fer","Invernale","9.841366587","45.533015966","POINT (9.841366587 45.533015966)"
"C_nov 2015","2.736","S01790","LO","BS","Cazzago S.Martino","17046","Cazzago San Martino","Bornato - Rovato","10","10","4","10","16","0","10","0","0","16","0","2015","Fer","Invernale","10.027624252","45.576339503","POINT (10.027624252 45.576339503)"
"C_nov 2018","142","S01412","LO","LC","FIUMELATTE","97084","Varenna","TIRANO-MILANO Lc-So","20","10","3","30","26","0","20","10","0","25","1","2018","Fer","Invernale","9.292892864","45.999092366","POINT (9.292892864 45.999092366)"
"C_nov 2022","214","S01538","LO","BS","PALAZZOLO SULL'OGLIO","17133","Palazzolo sull'Oglio","LECCO-BRESCIA","170","120","4","740","34","0","740","0","0","34","0","2022","Feriale","Invernale","9.896263591","4.560155941","POINT (9.896263591 45.60155941)"
"C_nov 2020","38","S00276","LO","PV","GARLASCO","18069","Garlasco","VERCELLI-PAVIA","30","10","3","60","17","0","60","0","0","17","0","2020","Feriale","Invernale","8.926867354","45.199033929","POINT (8.926867354 45.199033929)"
"C_nov 2015","128","S01322","LO","MI","MONZA","108033","Monza","CHIASSO-MILANO","5320","3440","53","18170","342","12120","2470","3600","242","48","52","2015","Fer","Invernale","9.273281444","45.577867268","POINT (9.273281444 45.577867268)"
"C_nov 2019","5.840","S01722","LO","MI","POZZUOLO MART.","15178","Pozzuolo Martesana","MILANO-VENEZIA","500","140","16","1110","97","1110","10","0","96","1","0","2019","Fer","Invernale","9.465176435","45.510126551","POINT (9.465176435 45.510126551)"
"C_nov 2015","2.716","S01071","LO","MI","Bollate Centro","15027","Bollate","Milano Nord Cadorna - Sar","1260","500","17","3850","143","3850","0","0","143","0","0","2015","Fer","Invernale","9.123062868","45.542718874","POINT (9.123062868 45.542718874)"
"C_Luglio2023","2.779","S01078","LO","MI","Milano Affori","15146","Milano","Milano Nord Bovisa - Seve","800","2570","23","5280","183","3550","1730","0","133","50","0","2023","Feriale","estivo","9.167411293","45.521142914","POINT (9.167411293 45.521142914)"
"C_Novembre2023","2.770","S01727","LO","CO","Locate Varesino-Carbonate","13045","Carbonate","Saronno - Varese Nord","170","40","8","430","60","0","430","0","0","60","0","2023","Feriale","Invernale","8.936075743","45.689931017","POINT (8.936075743 45.689931017)"
"C_nov 2020","250","S01803","LO","PV","CERTOSA DI PAVIA","18046","Certosa di Pavia","MILANO-GENOVA","90","40","8","280","71","280","0","0","70","0","1","2020","Feriale","Invernale","9.154491353","45.257008002","POINT (9.154491353 45.257008002)"
"C_nov 2019","266","S01829","LO","LO","S.STEFANO LODIGIANO","98051","Santo Stefano Lodigiano","MILANO-BOLOGNA","40","10","4","90","36","0","90","0","0","36","0","2019","Fer","Invernale","9.723640779","45.122172959","POINT (9.723640779 45.122172959)"
"C_nov 2017","180","S01483","LO","MI","BIASSONO-LESMO","108009","Biassono","MONZA-LECCO","240","20","6","360","40","360","0","0","40","0","0","2017","Fer","Invernale","9.298437032","45.632291281","POINT (9.298437032 45.632291281)"
"C_nov 2017","317","S01932","LO","PV","BARBIANELLO","18008","Barbianello","PAVIA-STRADELLA","30","10","4","130","28","0","130","0","0","28","0","2017","Fer","Invernale","0.920419733","45.072712294","POINT (9.20419733 45.072712294)"
"C_nov 2018","255","S01809","PI","AL","PONTECURONE","6132","Pontecurone","MILANO-GENOVA","40","10","2","70","8","0","0","70","0","0","8","2018","Fer","Invernale","8.929891639","4.496201105","POINT (8.929891639 44.96201105)"
"C_nov 2019","326","S01949","EM","PC","SARMATO","33042","Sarmato","ALESS.-PIACENZA","0","0","0","20","15","0","20","0","0","15","0","2019","Fer","Invernale","0.949110168","4.506299749","POINT (9.49110168 45.06299749)"
"C_nov 2020","80","S01034","LO","MI","CANEGRATE","15046","Canegrate","DOMODOSSOLA-MILANO","130","70","9","520","63","510","20","0","62","1","0","2020","Feriale","Invernale","8.926634655","45.569313656","POINT (8.926634655 45.569313656)"
"C_nov 2021","73","S01026","LO","VA","SESTO CALENDE","12120","Sesto Calende","DOMODOSSOLA-MILANO","250","140","8","870","46","0","640","230","0","32","14","2021","Feriale","Invernale","0.862816964","45.726314213","POINT (8.62816964 45.726314213)"
"C_Novembre2023","2.742","S01725","LO","VA","Cislago","12050","Cislago","Saronno - Varese Nord","560","90","8","1160","60","0","1160","0","0","60","0","2023","Feriale","Invernale","8.977690608","4.566104502","POINT (8.977690608 45.66104502)"
"C_nov 2018","5.839","S01058","LO","MI","PREGNANA MIL.","15179","Pregnana Milanese","TORINO-MILANO","350","140","8","970","74","970","0","0","74","0","0","2018","Fer","Invernale","8.983574748","45.503547665","POINT (8.983574748 45.503547665)"
"C_nov 2018","277","S01849","LO","CR","S.GIOVANNI IN CROCE","19090","San Giovanni in Croce","BRESCIA-PARMA","70","20","5","170","38","0","170","0","0","38","0","2018","Fer","Invernale","1.037754875","45.075865263","POINT (10.37754875 45.075865263)"
"C_nov 2017","153","S01427","LO","SO","ARDENNO-MASINO","14005","Ardenno","TIRANO-MILANO Lc-So","90","20","5","150","27","0","150","0","0","27","0","2017","Fer","Invernale","9.651405996","46.162053348","POINT (9.651405996 46.162053348)"
"C_nov 2018","85","S01041","LO","MI","CORBETTA-S.STEFANO TIC.","15200","Santo Stefano Ticino","TORINO-MILANO","760","210","8","1820","74","1820","0","0","74","0","0","2018","Fer","Invernale","8.917496093","45.480908343","POINT (8.917496093 45.480908343)"
"C_nov 2016","2.762","S01724","LO","VA","Gerenzano-Turate","12075","Gerenzano","Saronno - Varese Nord","670","90","8","1410","57","0","1410","0","0","57","0","2016","Fer","Invernale","9.001531027","45.645585349","POINT (9.001531027 45.645585349)"
"C_Novembre2023","110","S01202","LO","VA","BISUSCHIO-VIGGIU'","12015","Bisuschio","PORTO C.-GALLARATE","80","70","4","340","34","0","0","340","0","0","34","2023","Feriale","Invernale","8.887580152","45.870733966","POINT (8.887580152 45.870733966)"
"C_nov 2018","316","S01931","LO","PV","PINAROLO PO","18115","Pinarolo Po","PAVIA-STRADELLA","70","10","5","140","28","0","140","0","0","28","0","2018","Fer","Invernale","9.170304953","45.073501505","POINT (9.170304953 45.073501505)"
"C_nov 2016","209","S01533","LO","BG","SERIATE","16198","Seriate","LECCO-BRESCIA","100","40","5","310","36","0","310","0","0","36","0","2016","Fer","Invernale","9.724660449","45.683226571","POINT (9.724660449 45.683226571)"
"C_nov 2017","2.780","S01079","LO","MI","Milano Bruzzano","15146","Milano","Milano Nord Bovisa - Seve","240","90","16","680","135","680","0","0","135","0","0","2017","Fer","Invernale","9.172814019","45.533621361","POINT (9.172814019 45.533621361)"
"C_nov 2019","2.715","S01778","LO","BS","Boario Terme","17065","Darfo Boario Terme","Pisogne - Breno","50","20","3","230","32","0","130","100","0","19","13","2019","Fer","Invernale","10.190958686","45.892043214","POINT (10.190958686 45.892043214)"
"C_nov 2017","131","S01400","LO","SO","CHIAVENNA","14018","Chiavenna","CHIAVENNA-COLICO","160","280","5","870","32","0","870","0","0","32","0","2017","Fer","Invernale","0.940716091","46.321335044","POINT (9.40716091 46.321335044)"
"C_nov 2015","90","S01063","LO","MI","GAGGIANO","15103","Gaggiano","MILANO-MORTARA-AL","250","70","8","520","74","520","10","0","69","5","0","2015","FER","Invernale","9.031152518","45.408906664","POINT (9.031152518 45.408906664)"
"C_nov 2021","140","S01409","LO","LC","BELLANO-TARTAVALLE TERME","97008","Bellano","TIRANO-MILANO Lc-So","130","60","6","560","52","0","190","380","0","23","29","2021","Feriale","Invernale","9.302811247","4.603952264","POINT (9.302811247 46.03952264)"
"C_nov 2017","2.762","S01724","LO","VA","Gerenzano-Turate","12075","Gerenzano","Saronno - Varese Nord","640","90","8","1330","57","0","1330","0","0","57","0","2017","Fer","Invernale","9.001531027","45.645585349","POINT (9.001531027 45.645585349)"
"C_nov 2021","242","S01711","LO","BG","ROMANO","16183","Romano di Lombardia","MILANO-VENEZIA","540","230","10","1710","67","0","800","910","0","33","34","2021","Feriale","Invernale","0.975343152","45.523917724","POINT (9.75343152 45.523917724)"
"C_nov 2015","77","S01030","LO","VA","GALLARATE","12070","Gallarate","DOMODOSSOLA-MILANO","2500","1520","26","8590","194","3280","2730","2590","78","64","52","2015","FER","Invernale","0.879828248","45.659901549","POINT (8.79828248 45.659901549)"
"C_nov 2019","177","S01480","LO","MI","MONZA SOBBORGHI","108033","Monza","MONZA-LECCO","290","120","6","630","40","630","0","0","40","0","0","2019","Fer","Invernale","9.284488422","45.582043348","POINT (9.284488422 45.582043348)"
"C_nov 2022","239","S01708","LO","BG","TREVIGLIO","16219","Treviglio","MILANO-VENEZIA","2150","1520","41","7520","244","1970","3750","1810","92","115","37","2022","Feriale","Invernale","9.587945358","45.515141265","POINT (9.587945358 45.515141265)"
"C_Luglio2023","117","S01210","LO","VA","CAVARIA-OGGIONA IERAGO","12048","Cavaria con Premezzo","PORTO C.-GALLARATE","150","60","8","570","68","530","0","50","67","0","1","2023","Feriale","estivo","0.880353632","45.698222542","POINT (8.80353632 45.698222542)"
"C_nov 2018","223","S01606","LO","CR","CASTELLEONE","19025","Castelleone","BERGAMO-CREMONA","120","30","5","350","36","0","350","0","0","36","0","2018","Fer","Invernale","9.767822253","45.301905969","POINT (9.767822253 45.301905969)"
"C_nov 2016","2.761","S01745","LO","VA","Gemonio","12074","Gemonio","Varese Nord - Laveno Momb","180","40","7","380","42","0","150","240","0","21","21","2016","Fer","Invernale","0.867388218","45.877604611","POINT (8.67388218 45.877604611)"
"C_nov 2020","2.738","S01934","LO","MI","Ceriano Laghetto-Solaro","108018","Ceriano Laghetto","Saronno - Seregno","20","20","6","110","48","110","0","0","48","0","0","2020","Feriale","Invernale","9.079931416","4.562488063","POINT (9.079931416 45.62488063)"
"C_nov 2017","106","S01143","LO","VA","TERNATE-VARANO BORGHI","12126","Ternate","LUINO-GALLARATE","120","40","4","170","19","0","170","0","0","19","0","2017","Fer","Invernale","8.700412081","45.781912094","POINT (8.700412081 45.781912094)"
"C_nov 2016","270","S01842","LO","BS","VIADANA BRESCIANA","17034","Calvisano","BRESCIA-PARMA","30","10","4","80","24","0","80","0","0","24","0","2016","Fer","Invernale","0.103318218","45.373727831","POINT (10.3318218 45.373727831)"
"C_nov 2016","294","S01900","LO","BS","S.ZENO FOLZANO","17173","San Zeno Naviglio","BRESCIA-CREMONA","20","20","8","80","55","0","80","0","0","55","0","2016","Fer","Invernale","10.211709572","45.491635451","POINT (10.211709572 45.491635451)"
"C_nov 2015","5.820","S01492","LO","MI","Milano Forlanini","15146","Milano","PASSANTE","450","600","24","2050","215","2050","0","0","215","0","0","2015","Fer","Invernale","9.237061003","45.462399481","POINT (9.237061003 45.462399481)"
"C_nov 2021","7","S00036","LO","PV","OLEVANO","18104","Olevano di Lomellina","MILANO-MORTARA-AL","10","10","1","20","7","0","20","0","0","7","0","2021","Feriale","Invernale","0.871185336","4.521219615","POINT (8.71185336 45.21219615)"
"C_nov 2021","43","S00401","LO","PV","ZINASCO NUOVO","18190","Zinasco","CAVA C.-TORREBER","30","10","5","50","24","0","50","0","0","24","0","2021","Feriale","Invernale","8.999696096","45.124641115","POINT (8.999696096 45.124641115)"
"C_Luglio2023","387","S05000","EM","PC","PIACENZA","33032","Piacenza","MILANO-BOLOGNA","210","140","7","1260","51","0","1260","0","0","51","0","2023","Feriale","estivo","9.706305088","4.505208441","POINT (9.706305088 45.05208441)"
"C_nov 2020","141","S01411","LO","LC","VARENNA ESINO","97084","Varenna","TIRANO-MILANO Lc-So","20","10","6","70","50","0","30","40","0","23","27","2020","Feriale","Invernale","9.286432309","46.015079717","POINT (9.286432309 46.015079717)"
"C_nov 2017","231","S01645","LO","MI","MILANO PORTA GARIBALDI","15146","Milano","TORINO-MILANO","3660","14140","59","33010","400","15830","10470","6720","189","131","80","2017","Fer","Invernale","9.186422092","45.485345292","POINT (9.186422092 45.485345292)"
"C_nov 2015","182","S01485","LO","MI","TRIUGGIO-PONTE ALBIATE","108043","Triuggio","MONZA-LECCO","320","30","6","470","41","470","0","0","41","0","0","2015","FER","Invernale","9.266989378","45.659034087","POINT (9.266989378 45.659034087)"
"C_nov 2021","146","S01416","LO","LC","ABBADIA LARIANA","97001","Abbadia Lariana","TIRANO-MILANO Lc-So","80","20","3","160","25","0","140","20","0","23","2","2021","Feriale","Invernale","9.335204987","45.895939932","POINT (9.335204987 45.895939932)"
"C_nov 2021","2.726","S01759","LO","CO","Cadorago","13036","Cadorago","Saronno - Como","320","60","8","710","62","0","710","0","0","62","0","2021","Feriale","Invernale","9.041099041","45.729810407","POINT (9.041099041 45.729810407)"
"C_Novembre2023","235","S01704","LO","MI","VIGNATE","15237","Vignate","MILANO-VENEZIA","690","190","16","1630","94","1600","30","0","92","1","1","2023","Feriale","Invernale","0.937411303","45.494025151","POINT (9.37411303 45.494025151)"
"C_nov 2022","164","S01440","LO","SO","TIRANO","14066","Tirano","TIRANO-MILANO So-Tir","130","40","2","510","27","0","10","500","0","4","23","2022","Feriale","Invernale","10.166987267","46.215458161","POINT (10.166987267 46.215458161)"
"C_nov 2018","176","S01463","LO","LC","VALMADRERA","97083","Valmadrera","MONZA-LECCO","130","90","8","340","41","310","30","0","36","5","0","2018","Fer","Invernale","9.368215149","45.846520175","POINT (9.368215149 45.846520175)"
"C_nov 2016","173","S01460","LO","LC","OGGIONO","97057","Oggiono","MONZA-LECCO","260","380","8","900","41","780","130","0","36","5","0","2016","Fer","Invernale","9.337510786","45.789065364","POINT (9.337510786 45.789065364)"
"C_nov 2016","9","S00038","LO","PV","SARTIRANA","18146","Sartirana Lomellina","MILANO-MORTARA-AL","40","10","2","60","10","0","60","0","0","10","0","2016","Fer","Invernale","0.867016046","45.111810021","POINT (8.67016046 45.111810021)"
"C_nov 2018","304","S01914","LO","CR","CAVA TIGOZZI","19095","Sesto ed Uniti","CODOGNO-MANTOVA","10","10","3","10","15","0","10","0","0","15","0","2018","Fer","Invernale","0.995584963","45.156899589","POINT (9.95584963 45.156899589)"
"C_nov 2015","206","S01527","LO","BG","AMBIVERE-MAPELLO","16009","Ambivere","LECCO-BRESCIA","130","30","4","340","32","0","340","0","0","32","0","2015","Fer","Invernale","9.550472449","45.722244877","POINT (9.550472449 45.722244877)"
"C_nov 2021","317","S01932","LO","PV","BARBIANELLO","18008","Barbianello","PAVIA-STRADELLA","30","30","3","120","26","0","120","0","0","26","0","2021","Feriale","Invernale","0.920419733","45.072712294","POINT (9.20419733 45.072712294)"
"C_Novembre2023","216","S01540","LO","BS","COCCAGLIO","17056","Coccaglio","LECCO-BRESCIA","240","40","6","480","39","0","480","0","0","39","0","2023","Feriale","Invernale","9.977670318","45.561044402","POINT (9.977670318 45.561044402)"
"C_nov 2015","8","S00037","LO","PV","VALLE LOMELLINA","18168","Valle Lomellina","MILANO-MORTARA-AL","50","10","2","70","10","0","70","0","0","10","0","2015","Fer","Invernale","8.685911785","45.150674037","POINT (8.685911785 45.150674037)"
"C_nov 2019","199","S01515","LO","LC","AIRUNO","97002","Airuno","TIRANO-MILANO Mz-Lc","250","40","8","720","67","720","0","0","67","0","0","2019","Fer","Invernale","9.422096968","45.754167715","POINT (9.422096968 45.754167715)"
"C_nov 2018","135","S01404","LO","SO","VERCEIA","14075","Verceia","CHIAVENNA-COLICO","40","10","3","100","30","0","100","0","0","30","0","2018","Fer","Invernale","9.458448611","46.202905061","POINT (9.458448611 46.202905061)"
"C_nov 2018","38","S00276","LO","PV","GARLASCO","18069","Garlasco","VERCELLI-PAVIA","180","40","4","320","28","0","320","0","0","28","0","2018","Fer","Invernale","8.926867354","45.199033929","POINT (8.926867354 45.199033929)"
"C_nov 2018","2.714","S01929","LO","MI","Seveso Baruccana","108040","Seveso","Saronno - Seregno","110","40","7","460","64","460","0","0","64","0","0","2018","Fer","Invernale","9.162510091","4.563793739","POINT (9.162510091 45.63793739)"
"C_nov 2020","4","S00032","PI","NO","BORGO LAVEZZARO","3023","Borgolavezzaro","NOVARA-MORTARA","20","10","3","20","10","0","20","0","0","10","0","2020","Feriale","Invernale","8.703316141","0.453188806","POINT (8.703316141 45.3188806)"
"C_nov 2022","126","S01320","LO","MI","DESIO","108023","Desio","CHIASSO-MILANO","1130","490","17","3330","135","3200","0","140","134","0","1","2022","Feriale","Invernale","9.218522811","45.620194911","POINT (9.218522811 45.620194911)"
"C_nov 2020","232","S01700","LO","MI","MILANO CENTRALE","15146","Milano","MILANO-BOLOGNA","650","2340","45","5350","273","20","620","4720","4","46","223","2020","Feriale","Invernale","9.204867788","45.486276592","POINT (9.204867788 45.486276592)"
"C_Novembre2023","264","S01827","LO","LO","CASALPUSTERLENGO","98010","Casalpusterlengo","MILANO-BOLOGNA","480","280","9","1780","62","0","1770","20","0","60","2","2023","Feriale","Invernale","9.653655261","45.182559249","POINT (9.653655261 45.182559249)"
"C_nov 2020","45","S00403","LO","PV","SANNAZZARO","18138","Sannazzaro de' Burgondi","CAVA C.-TORREBER","30","30","4","120","23","0","120","0","0","23","0","2020","Feriale","Invernale","8.905182695","45.105626227","POINT (8.905182695 45.105626227)"
"C_nov 2015","269","S01841","LO","BS","GHEDI","17078","Ghedi","BRESCIA-PARMA","90","20","4","230","25","0","230","0","0","25","0","2015","Fer","Invernale","10.280538985","45.409522832","POINT (10.280538985 45.409522832)"
"C_nov 2018","87","S01060","LO","PV","PARONA LOMELLINA","18109","Parona","MILANO-MORTARA-AL","150","80","6","500","44","0","500","0","0","44","0","2018","Fer","Invernale","8.780351933","45.280183485","POINT (8.780351933 45.280183485)"
"C_nov 2022","200","S01520","LO","LC","LECCO","97042","Lecco","TIRANO-MILANO Mz-Lc","1180","2700","26","8010","202","3940","1930","2150","104","62","36","2022","Feriale","Invernale","0.939367574","45.856547373","POINT (9.39367574 45.856547373)"
"C_nov 2018","225","S01609","LO","CR","CASALBUTTANO","19016","Casalbuttano ed Uniti","BERGAMO-CREMONA","40","20","4","190","36","0","190","0","0","36","0","2018","Fer","Invernale","9.962387322","45.255479026","POINT (9.962387322 45.255479026)"
"C_nov 2017","205","S01526","LO","BG","PONTIDA","16171","Pontida","LECCO-BRESCIA","170","40","4","310","32","0","310","0","0","32","0","2017","Fer","Invernale","9.511662206","45.730161398","POINT (9.511662206 45.730161398)"
"C_Luglio2023","5.832","S01067","LO","MI","Milano Nord Domodossola","15146","Milano","Milano Nord Cadorna - Sar","660","2720","52","5880","372","2420","3130","340","145","206","21","2023","Feriale","estivo","9.162155141","45.480836572","POINT (9.162155141 45.480836572)"
"C_nov 2021","2","S00030","PI","AL","GARBAGNA","6079","Garbagna","NOVARA-MORTARA","0","0","0","10","2","0","10","0","0","2","0","2021","Feriale","Invernale","8.666334325","4.538567409","POINT (8.666334325 45.38567409)"
"C_nov 2017","220","S01603","LO","CR","CAPRALBA","19015","Capralba","BERGAMO-CREMONA","120","20","5","210","35","0","210","0","0","35","0","2017","Fer","Invernale","9.640048136","45.443945977","POINT (9.640048136 45.443945977)"
"C_nov 2018","40","S00278","LO","PV","VILLANOVA D'ARDENGHI","18179","Villanova d'Ardenghi","VERCELLI-PAVIA","10","10","4","20","28","0","20","0","0","28","0","2018","Fer","Invernale","9.037210497","45.157063438","POINT (9.037210497 45.157063438)"
"C_nov 2015","181","S01484","LO","MI","MACHERIO CANONICA","108029","Macherio","MONZA-LECCO","140","20","6","230","40","230","0","0","40","0","0","2015","Fer","Invernale","9.286771042","45.645615415","POINT (9.286771042 45.645615415)"
"C_nov 2020","113","S01205","LO","VA","VARESE","12133","Varese","PORTO C.-GALLARATE","290","310","19","1440","160","960","0","490","123","0","37","2020","Feriale","Invernale","0.883313115","45.816277257","POINT (8.83313115 45.816277257)"
"C_nov 2017","2.714","S01929","LO","MI","Seveso Baruccana","108040","Seveso","Saronno - Seregno","180","60","8","610","68","610","0","0","68","0","0","2017","Fer","Invernale","9.162510091","4.563793739","POINT (9.162510091 45.63793739)"
"C_Luglio2023","266","S01829","LO","LO","S.STEFANO LODIGIANO","98051","Santo Stefano Lodigiano","MILANO-BOLOGNA","10","0","4","60","34","0","60","0","0","34","0","2023","Feriale","estivo","9.723640779","45.122172959","POINT (9.723640779 45.122172959)"
"C_nov 2018","324","S01947","LO","PV","ARENA PO","18005","Arena Po","ALESS.-PIACENZA","10","10","2","20","18","0","20","0","0","18","0","2018","Fer","Invernale","9.360421355","45.082147008","POINT (9.360421355 45.082147008)"
"C_nov 2019","2.772","S01737","LO","VA","Malnate","12096","Malnate","Saronno - Varese Nord","980","210","12","2240","78","0","1450","790","0","57","21","2019","Fer","Invernale","8.878340888","45.795307714","POINT (8.878340888 45.795307714)"
"C_nov 2015","135","S01404","LO","SO","VERCEIA","14075","Verceia","CHIAVENNA-COLICO","50","10","3","110","30","0","110","0","0","30","0","2015","Fer","Invernale","9.458448611","46.202905061","POINT (9.458448611 46.202905061)"
"C_nov 2021","168","S01453","LO","CO","ANZANO DEL PARCO","13009","Anzano del Parco","ALBATE-MOLTENO","20","10","4","40","22","0","40","0","0","22","0","2021","Feriale","Invernale","9.202711127","45.765037334","POINT (9.202711127 45.765037334)"
"C_nov 2020","210","S01534","LO","BG","ALBANO S.ALESSANDRO","16003","Albano Sant'Alessandro","LECCO-BRESCIA","30","20","5","120","34","0","120","0","0","34","0","2020","Feriale","Invernale","9.768053847","45.682821561","POINT (9.768053847 45.682821561)"
"C_nov 2017","246","S01716","LO","BS","OSPITALETTO TRAVAGLIATO","17127","Ospitaletto","MILANO-VENEZIA","140","50","8","400","59","0","400","0","0","59","0","2017","Fer","Invernale","10.074385735","45.546125054","POINT (10.074385735 45.546125054)"
"C_nov 2019","2.800","S01069","LO","MI","Milano Quarto Oggiaro","15146","Milano","Milano Nord Cadorna - Sar","750","570","17","3110","140","3110","0","0","140","0","0","2019","Fer","Invernale","9.145253109","45.519239088","POINT (9.145253109 45.519239088)"
"C_Novembre2023","213","S01537","LO","BG","GRUMELLO DEL MONTE","16120","Grumello del Monte","LECCO-BRESCIA","210","130","5","790","40","0","790","0","0","40","0","2023","Feriale","Invernale","0.986279802","45.634179821","POINT (9.86279802 45.634179821)"
"C_nov 2022","2.722","S01005","LO","BS","Breno","17028","Breno","Pisogne - Breno","90","170","3","230","17","0","110","130","0","11","6","2022","Feriale","Invernale","10.305483792","45.959261369","POINT (10.305483792 45.959261369)"
"C_Novembre2023","2.804","S01755","LO","CO","Rovello Porro","13202","Rovello Porro","Saronno - Como","260","90","8","570","64","0","570","10","0","63","1","2023","Feriale","Invernale","9.036261914","45.651408852","POINT (9.036261914 45.651408852)"
"C_nov 2020","215","S01539","LO","BS","COLOGNE","17059","Cologne","LECCO-BRESCIA","20","10","4","90","31","0","90","0","0","31","0","2020","Feriale","Invernale","9.935343868","45.576709508","POINT (9.935343868 45.576709508)"
"C_nov 2021","201","S01522","LO","LC","LECCO MAGGIANICO","97042","Lecco","TIRANO-MILANO Mz-Lc","80","70","8","340","65","340","0","0","65","0","0","2021","Feriale","Invernale","0.000941172","45.831255298","POINT (9.41172 45.831255298)"
"C_nov 2015","260","S01823","LO","MI","S.ZENONE AL LAMBRO","15202","San Zenone al Lambro","MILANO-BOLOGNA","460","70","8","1100","76","1100","10","0","75","1","0","2015","FER","Invernale","9.361288898","45.337904599","POINT (9.361288898 45.337904599)"
"C_nov 2022","305","S01915","LO","CR","CREMONA","19036","Cremona","CODOGNO-MANTOVA","480","770","14","2900","106","0","1430","1480","0","84","22","2022","Feriale","Invernale","10.017983096","45.143301262","POINT (10.017983096 45.143301262)"
"C_Luglio2023","240","S01709","LO","BG","VIDALENGO","16053","Caravaggio","MILANO-VENEZIA","30","20","5","130","31","0","130","0","0","31","0","2023","Feriale","estivo","0.963970536","45.517936977","POINT (9.63970536 45.517936977)"
"C_nov 2018","159","S01435","LO","SO","CHIURO","14020","Chiuro","TIRANO-MILANO So-Tir","10","0","1","10","7","0","10","0","0","7","0","2018","Fer","Invernale","9.992350444","46.164731947","POINT (9.992350444 46.164731947)"
"C_Luglio2023","126","S01320","LO","MI","DESIO","108023","Desio","CHIASSO-MILANO","540","170","10","1840","86","1760","0","80","85","0","1","2023","Feriale","estivo","9.218522811","45.620194911","POINT (9.218522811 45.620194911)"
"C_nov 2016","312","S01922","LO","MN","OSPITALETTO MANTOV.","20031","Marcaria","CODOGNO-MANTOVA","10","10","3","20","17","0","20","0","0","17","0","2016","Fer","Invernale","10.604427864","45.129824898","POINT (10.604427864 45.129824898)"
"C_nov 2017","262","S01825","LO","LO","LODI","98031","Lodi","MILANO-BOLOGNA","2170","1460","19","6620","135","2360","3240","1030","74","41","20","2017","Fer","Invernale","9.497612624","45.309042271","POINT (9.497612624 45.309042271)"
"C_nov 2021","2.804","S01755","LO","CO","Rovello Porro","13202","Rovello Porro","Saronno - Como","290","80","8","750","62","0","750","0","0","62","0","2021","Feriale","Invernale","9.036261914","45.651408852","POINT (9.036261914 45.651408852)"
"C_nov 2017","2.727","S01099","LO","CO","Canzo","13042","Canzo","Seveso - Asso","140","40","6","320","39","0","320","0","0","39","0","2017","Fer","Invernale","0.927022843","45.849100359","POINT (9.27022843 45.849100359)"
"C_Novembre2023","2.716","S01071","LO","MI","Bollate Centro","15027","Bollate","Milano Nord Cadorna - Sar","1290","570","16","3100","133","3100","0","0","133","0","0","2023","Feriale","Invernale","9.123062868","45.542718874","POINT (9.123062868 45.542718874)"
"C_nov 2022","201","S01522","LO","LC","LECCO MAGGIANICO","97042","Lecco","TIRANO-MILANO Mz-Lc","130","50","8","420","68","420","0","0","68","0","0","2022","Feriale","Invernale","0.000941172","45.831255298","POINT (9.41172 45.831255298)"
"C_nov 2016","2.771","S01757","LO","CO","Lomazzo","13133","Lomazzo","Saronno - Como","880","210","10","2130","68","0","1720","410","0","58","10","2016","Fer","Invernale","9.036101686","45.698756116","POINT (9.036101686 45.698756116)"
"C_nov 2022","2.804","S01755","LO","CO","Rovello Porro","13202","Rovello Porro","Saronno - Como","440","110","8","930","62","0","930","0","0","62","0","2022","Feriale","Invernale","9.036261914","45.651408852","POINT (9.036261914 45.651408852)"
"C_nov 2019","2.716","S01071","LO","MI","Bollate Centro","15027","Bollate","Milano Nord Cadorna - Sar","1430","630","17","4070","140","4070","0","0","140","0","0","2019","Fer","Invernale","9.123062868","45.542718874","POINT (9.123062868 45.542718874)"
"C_nov 2017","253","S01806","LO","PV","PIZZALE-LUNGAVILLA","18084","Lungavilla","MILANO-GENOVA","130","10","6","190","30","0","20","170","0","5","25","2017","Fer","Invernale","9.069006681","45.049924012","POINT (9.069006681 45.049924012)"
"C_nov 2022","37","S00275","LO","PV","TROMELLO","18164","Tromello","VERCELLI-PAVIA","30","10","3","100","25","0","100","0","0","25","0","2022","Feriale","Invernale","8.872184279","45.212069548","POINT (8.872184279 45.212069548)"
"C_nov 2019","148","S01420","LO","LC","COLICO","97023","Colico","TIRANO-MILANO Lc-So","690","550","13","2380","88","0","1400","990","0","59","29","2019","Fer","Invernale","9.375255676","46.138093311","POINT (9.375255676 46.138093311)"
"C_nov 2016","204","S01525","LO","BG","CISANO-CAPRINO BERGAM.","16074","Cisano Bergamasco","LECCO-BRESCIA","260","40","4","540","32","0","540","0","0","32","0","2016","Fer","Invernale","9.474295043","45.739683366","POINT (9.474295043 45.739683366)"
"C_nov 2017","78","S01031","LO","VA","BUSTO ARSIZIO","12026","Busto Arsizio","DOMODOSSOLA-MILANO","1930","930","25","6040","163","2800","1330","1920","74","38","51","2017","Fer","Invernale","8.865063882","45.616237821","POINT (8.865063882 45.616237821)"
"C_nov 2015","232","S01700","LO","MI","MILANO CENTRALE","15146","Milano","MILANO-BOLOGNA","2390","10820","43","24980","264","170","1910","22910","4","44","216","2015","Fer","Invernale","9.204867788","45.486276592","POINT (9.204867788 45.486276592)"
"C_nov 2016","2.740","S01075","LO","MI","Cesate","15076","Cesate","Milano Nord Cadorna - Sar","950","190","16","1980","139","1980","0","0","139","0","0","2016","Fer","Invernale","9.066684079","45.590910137","POINT (9.066684079 45.590910137)"
"C_nov 2019","253","S01806","LO","PV","PIZZALE-LUNGAVILLA","18084","Lungavilla","MILANO-GENOVA","170","20","5","250","29","0","10","240","0","4","25","2019","Fer","Invernale","9.069006681","45.049924012","POINT (9.069006681 45.049924012)"
"C_nov 2021","310","S01920","LO","MN","BOZZOLO","20007","Bozzolo","CODOGNO-MANTOVA","50","10","3","150","28","0","40","110","0","7","21","2021","Feriale","Invernale","10.472685666","45.107331585","POINT (10.472685666 45.107331585)"
"C_Luglio2023","185","S01488","LO","MI","BESANA","108008","Besana in Brianza","MONZA-LECCO","100","50","6","390","44","380","10","20","41","1","2","2023","Feriale","estivo","0.928291338","45.702901578","POINT (9.28291338 45.702901578)"
"C_nov 2022","289","S01867","LO","PV","MIRADOLO TERME","18093","Miradolo Terme","PAVIA-CASALPUST.","70","10","4","120","22","0","120","0","0","22","0","2022","Feriale","Invernale","9.449985524","45.162088065","POINT (9.449985524 45.162088065)"
"C_nov 2021","251","S01804","LO","PV","S.MARTINO-CAVA","18041","Cava Manara","MILANO-GENOVA","80","40","5","220","30","0","200","30","0","26","4","2021","Feriale","Invernale","9.115360868","4.514494907","POINT (9.115360868 45.14494907)"
"C_nov 2021","245","S01714","LO","BS","ROVATO","17166","Rovato","MILANO-VENEZIA","420","190","14","1630","100","0","860","780","0","66","34","2021","Feriale","Invernale","10.000952147","45.552008269","POINT (10.000952147 45.552008269)"
"C_nov 2016","303","S01913","LO","CR","ACQUANEGRA CREMONESE","19001","Acquanegra Cremonese","CODOGNO-MANTOVA","20","10","4","30","22","0","30","0","0","22","0","2016","Fer","Invernale","9.888484165","45.172179192","POINT (9.888484165 45.172179192)"
"C_nov 2015","75","S01028","LO","VA","SOMMA LOMBARDO","12123","Somma Lombardo","DOMODOSSOLA-MILANO","240","60","4","590","29","0","590","0","0","29","0","2015","Fer","Invernale","8.713033505","45.686501084","POINT (8.713033505 45.686501084)"
"C_nov 2015","50","S00408","LO","PV","SAIRANO","18190","Zinasco","CAVA C.-TORREBER","20","10","4","30","26","0","30","0","0","26","0","2015","FER","Invernale","9.046900985","45.138935103","POINT (9.046900985 45.138935103)"
"C_nov 2017","191","S01502","LO","LC","PADERNO-ROBBIATE","97062","Paderno d'Adda","SEREGNO-BERGAMO","670","130","9","1270","50","0","1270","0","0","50","0","2017","Fer","Invernale","9.439232645","4.567838448","POINT (9.439232645 45.67838448)"
"C_Luglio2023","141","S01411","LO","LC","VARENNA ESINO","97084","Varenna","TIRANO-MILANO Lc-So","20","40","3","1100","39","0","430","680","0","26","13","2023","Feriale","estivo","9.286432309","46.015079717","POINT (9.286432309 46.015079717)"
"C_nov 2015","2.819","S01084","LO","MI","Varedo","108045","Varedo","Milano Nord Bovisa - Seve","970","130","16","2070","131","2070","0","0","131","0","0","2015","Fer","Invernale","9.153183844","45.595435441","POINT (9.153183844 45.595435441)"
"C_nov 2021","309","S01919","LO","CR","PIADENA","19071","Piadena","CODOGNO-MANTOVA","140","60","7","720","62","0","310","420","0","41","21","2021","Feriale","Invernale","10.369987543","45.127689005","POINT (10.369987543 45.127689005)"
"C_nov 2020","2.739","S01086","LO","MI","Cesano Maderno","108019","Cesano Maderno","Milano Nord Bovisa - Seve","500","190","22","1630","164","1020","620","0","119","45","0","2020","Feriale","Invernale","9.141966766","45.631316886","POINT (9.141966766 45.631316886)"
"C_Luglio2023","2.740","S01075","LO","MI","Cesate","15076","Cesate","Milano Nord Cadorna - Sar","400","130","16","830","133","830","0","0","133","0","0","2023","Feriale","estivo","9.066684079","45.590910137","POINT (9.066684079 45.590910137)"
"C_nov 2018","2.789","S01082","LO","MI","Paderno Dugnano","15166","Paderno Dugnano","Milano Nord Bovisa - Seve","1190","380","16","2850","134","2850","0","0","134","0","0","2018","Fer","Invernale","9.161231422","45.564852006","POINT (9.161231422 45.564852006)"
"C_nov 2018","2.808","S01770","LO","BS","Sellero","17176","Sellero","Breno - Edolo","0","0","1","0","2","0","0","0","0","2","0","2018","Fer","Invernale","10.346597177","46.046262075","POINT (10.346597177 46.046262075)"
"C_nov 2015","2.753","S01002","LO","BS","Edolo","17068","Edolo","Breno - Edolo","30","180","3","260","17","0","20","240","0","4","13","2015","Fer","Invernale","1.033206974","46.176686703","POINT (10.33206974 46.176686703)"
"C_nov 2018","2.777","S01087","LO","MI","Meda","108030","Meda","Seveso - Asso","680","500","10","1790","61","180","1620","0","10","51","0","2018","Fer","Invernale","9.159047744","4.566230355","POINT (9.159047744 45.66230355)"
"C_nov 2019","252","S01805","LO","PV","BRESSANA BOTTARONE","18023","Bressana Bottarone","MILANO-GENOVA","120","90","7","250","36","0","200","60","0","31","5","2019","Fer","Invernale","0.911063508","45.086379858","POINT (9.11063508 45.086379858)"
"C_nov 2019","249","S01802","LO","MI","VILLAMAGGIORE","15115","Lacchiarella","MILANO-GENOVA","570","90","8","1420","73","1420","0","0","72","0","1","2019","Fer","Invernale","9.190704857","45.320530164","POINT (9.190704857 45.320530164)"
"C_Luglio2023","86","S01042","LO","MI","VITTUONE-ARLUNO","15243","Vittuone","TORINO-MILANO","420","230","8","1240","69","1240","0","0","69","0","0","2023","Feriale","estivo","8.947336756","45.491137732","POINT (8.947336756 45.491137732)"
"C_nov 2022","118","S01301","LO","CO","CHIASSO","13075","Como","CHIASSO-MILANO","840","1370","16","5340","127","890","0","4460","95","0","32","2022","Feriale","Invernale","9.031333374","4.583194478","POINT (9.031333374 45.83194478)"
"C_nov 2016","2.864","S01715","LO","MI","SEGRATE","15205","Segrate","MILANO-VENEZIA","620","530","16","1970","146","1970","0","0","146","0","0","2016","Fer","Invernale","9.291418669","45.479594282","POINT (9.291418669 45.479594282)"
"C_nov 2016","123","S01315","LO","CO","CARIMATE","13046","Carimate","CHIASSO-MILANO","300","70","8","620","69","620","0","0","69","0","0","2016","Fer","Invernale","9.107220464","45.697171053","POINT (9.107220464 45.697171053)"
"C_nov 2020","285","S01863","LO","PV","ALBUZZANO","18004","Albuzzano","PAVIA-CASALPUST.","0","0","4","10","20","0","10","0","0","20","0","2020","Feriale","Invernale","9.261661322","4.517259006","POINT (9.261661322 45.17259006)"
"C_nov 2018","2.744","S01774","LO","BS","Cividate Malegno","17055","Cividate Camuno","Pisogne - Breno","20","10","2","70","19","0","70","0","0","19","0","2018","Fer","Invernale","10.268355766","45.943563723","POINT (10.268355766 45.943563723)"
"C_nov 2020","2.777","S01087","LO","MI","Meda","108030","Meda","Seveso - Asso","130","60","8","430","47","20","420","0","2","45","0","2020","Feriale","Invernale","9.159047744","4.566230355","POINT (9.159047744 45.66230355)"
"C_nov 2017","276","S01848","LO","MN","CANNETO SULL'OGLIO","20008","Canneto sull'Oglio","BRESCIA-PARMA","40","10","3","120","24","0","120","0","0","24","0","2017","Fer","Invernale","10.371498908","45.150287495","POINT (10.371498908 45.150287495)"
"C_nov 2022","2.746","S01775","LO","BS","Cogno-Esine","17206","Piancogno","Pisogne - Breno","10","10","2","50","11","0","50","0","0","11","0","2022","Feriale","Invernale","10.241034794","45.929174261","POINT (10.241034794 45.929174261)"
"C_Luglio2023","2.745","S01744","LO","VA","Cocquio-Trevisago","12053","Cocquio-Trevisago","Varese Nord - Laveno Momb","70","30","6","310","40","0","150","170","0","23","17","2023","Feriale","estivo","8.690075387","45.860132463","POINT (8.690075387 45.860132463)"
"C_nov 2015","244","S01713","LO","BS","CHIARI","17052","Chiari","MILANO-VENEZIA","700","180","9","1860","64","0","1030","840","0","33","31","2015","FER","Invernale","9.926507709","45.540192478","POINT (9.926507709 45.540192478)"
"C_nov 2018","2.709","S01092","LO","CO","Arosio","13012","Arosio","Seveso - Asso","320","50","7","680","50","0","680","0","0","50","0","2018","Fer","Invernale","9.210246869","4.571835634","POINT (9.210246869 45.71835634)"
"C_nov 2018","131","S01400","LO","SO","CHIAVENNA","14018","Chiavenna","CHIAVENNA-COLICO","140","310","5","810","32","0","810","0","0","32","0","2018","Fer","Invernale","0.940716091","46.321335044","POINT (9.40716091 46.321335044)"
"C_nov 2022","2.715","S01778","LO","BS","Boario Terme","17065","Darfo Boario Terme","Pisogne - Breno","30","30","3","120","17","0","80","50","0","11","6","2022","Feriale","Invernale","10.190958686","45.892043214","POINT (10.190958686 45.892043214)"
"C_Luglio2023","208","S01529","LO","BG","BERGAMO","16024","Bergamo","LECCO-BRESCIA","1840","1950","31","10380","210","0","6270","4120","0","156","54","2023","Feriale","estivo","9.675111057","45.690343725","POINT (9.675111057 45.690343725)"
"C_Luglio2023","127","S01321","LO","MI","LISSONE-MUGGIO'","108028","Lissone","CHIASSO-MILANO","700","190","9","2120","85","2120","0","0","85","0","0","2023","Feriale","estivo","9.235404174","45.605998474","POINT (9.235404174 45.605998474)"
"C_Novembre2023","2.746","S01775","LO","BS","Cogno-Esine","17206","Piancogno","Pisogne - Breno","10","10","2","40","11","0","40","0","0","11","0","2023","Feriale","Invernale","10.241034794","45.929174261","POINT (10.241034794 45.929174261)"
"C_nov 2019","160","S01436","LO","SO","S.GIACOMO DI TEGLIO","14065","Teglio","TIRANO-MILANO So-Tir","10","10","1","20","6","0","20","0","0","6","0","2019","Fer","Invernale","10.027439647","46.159795887","POINT (10.027439647 46.159795887)"
"C_nov 2019","282","S01860","LO","PV","PAVIA","18110","Pavia","MILANO-GENOVA","2380","3370","28","11220","193","3750","4390","3090","72","93","28","2019","Fer","Invernale","9.144713646","45.188924433","POINT (9.144713646 45.188924433)"
"C_nov 2016","320","S01942","LO","PV","CASTEGGIO","18037","Casteggio","ALESS.-PIACENZA","10","10","1","90","15","0","90","0","0","15","0","2016","Fer","Invernale","9.124623708","4.501745237","POINT (9.124623708 45.01745237)"
"C_nov 2017","139","S01408","LO","LC","DERVIO","97030","Dervio","TIRANO-MILANO Lc-So","20","20","3","190","29","0","180","20","0","26","3","2017","Fer","Invernale","9.305992528","46.077782965","POINT (9.305992528 46.077782965)"
"C_nov 2015","32","S00252","PI","NO","TRECATE","3149","Trecate","TORINO-MILANO","590","180","8","1890","74","1890","0","0","74","0","0","2015","Fer","Invernale","8.739372114","4.542852569","POINT (8.739372114 45.42852569)"
"C_nov 2022","2.813","S01785","LO","BS","Sulzano","17182","Sulzano","Iseo - Pisogne","60","10","5","150","34","0","100","50","0","21","13","2022","Feriale","Invernale","10.100657593","45.689468948","POINT (10.100657593 45.689468948)"
"C_nov 2019","142","S01412","LO","LC","FIUMELATTE","97084","Varenna","TIRANO-MILANO Lc-So","10","10","3","20","25","0","10","10","0","24","1","2019","Fer","Invernale","9.292892864","45.999092366","POINT (9.292892864 45.999092366)"
"C_nov 2017","5.852","S01927","LO","MI","Ceriano L. Groane","108018","Ceriano Laghetto","Saronno - Seregno","70","30","8","280","68","280","0","0","68","0","0","2017","Fer","Invernale","0.009099863","45.627200546","POINT (9.099863 45.627200546)"
"C_nov 2019","2.709","S01092","LO","CO","Arosio","13012","Arosio","Seveso - Asso","320","60","7","700","50","0","700","0","0","50","0","2019","Fer","Invernale","9.210246869","4.571835634","POINT (9.210246869 45.71835634)"
"C_nov 2019","35","S00273","LO","PV","NICORVO","18103","Nicorvo","VERCELLI-PAVIA","10","0","5","10","20","0","10","0","0","20","0","2019","Fer","Invernale","8.671238408","45.275537833","POINT (8.671238408 45.275537833)"
"C_nov 2022","192","S01503","LO","BG","CALUSCO","16046","Calusco d'Adda","SEREGNO-BERGAMO","300","90","5","820","40","0","820","0","0","40","0","2022","Feriale","Invernale","9.470679691","45.684190766","POINT (9.470679691 45.684190766)"
"C_nov 2016","2.817","S01751","LO","MI","Turbigo","15226","Turbigo","Saronno - Novara","340","60","6","730","38","0","730","0","0","38","0","2016","Fer","Invernale","8.738913891","45.528044364","POINT (8.738913891 45.528044364)"
"C_nov 2019","335","S02336","LO","MN","MANTOVA","20030","Mantova","CODOGNO-MANTOVA","120","240","4","970","28","0","100","870","0","7","21","2019","Fer","Invernale","10.783189882","45.158827197","POINT (10.783189882 45.158827197)"
"C_nov 2018","42","S00400","LO","PV","SAIRANO-ZINASCO","18190","Zinasco","CAVA C.-TORREBER","20","10","5","50","26","0","50","0","0","26","0","2018","Fer","Invernale","9.030186913","45.133877321","POINT (9.030186913 45.133877321)"
"C_nov 2022","316","S01931","LO","PV","PINAROLO PO","18115","Pinarolo Po","PAVIA-STRADELLA","70","10","4","120","26","0","120","0","0","26","0","2022","Feriale","Invernale","9.170304953","45.073501505","POINT (9.170304953 45.073501505)"
"C_nov 2019","77","S01030","LO","VA","GALLARATE","12070","Gallarate","DOMODOSSOLA-MILANO","2590","1610","31","9410","226","3790","3010","2630","112","62","52","2019","Fer","Invernale","0.879828248","45.659901549","POINT (8.79828248 45.659901549)"
"C_Luglio2023","81","S01035","LO","MI","PARABIAGO","15168","Parabiago","DOMODOSSOLA-MILANO","1030","250","11","2380","69","2060","220","100","66","2","1","2023","Feriale","estivo","8.946358229","4.555251981","POINT (8.946358229 45.55251981)"
"C_nov 2016","72","S01025","PI","NO","DORMELLETTO","3062","Dormelletto","DOMODOSSOLA-MILANO","20","20","4","140","33","0","140","0","0","33","0","2016","Fer","Invernale","0.857439962","4.573009066","POINT (8.57439962 45.73009066)"
"C_Novembre2023","5.919","S01146","LO","VA","Malpensa Aeroporto T2","12140","Vizzola Ticino","Busto Arsizio - Malpensa","90","260","17","1840","161","70","480","1300","15","44","102","2023","Feriale","Invernale","8.721967232","4.565058598","POINT (8.721967232 45.65058598)"
"C_nov 2022","248","S01801","LO","MI","LOCATE TRIULZI","15125","Locate di Triulzi","MILANO-GENOVA","700","230","8","2040","71","2040","0","0","70","0","1","2022","Feriale","Invernale","9.221434768","45.359805985","POINT (9.221434768 45.359805985)"
"C_nov 2022","72","S01025","PI","NO","DORMELLETTO","3062","Dormelletto","DOMODOSSOLA-MILANO","20","20","5","190","33","0","190","0","0","33","0","2022","Feriale","Invernale","0.857439962","4.573009066","POINT (8.57439962 45.73009066)"
"C_nov 2021","142","S01412","LO","LC","FIUMELATTE","97084","Varenna","TIRANO-MILANO Lc-So","10","0","2","10","23","0","10","0","0","22","1","2021","Feriale","Invernale","9.292892864","45.999092366","POINT (9.292892864 45.999092366)"
"C_nov 2019","256","S01810","PI","AL","TORTONA","6174","Tortona","MILANO-GENOVA","320","20","2","900","23","0","0","900","0","0","23","2019","Fer","Invernale","0.886181929","4.490006568","POINT (8.86181929 44.90006568)"
"C_nov 2020","324","S01947","LO","PV","ARENA PO","18005","Arena Po","ALESS.-PIACENZA","10","0","1","10","14","0","10","0","0","14","0","2020","Feriale","Invernale","9.360421355","45.082147008","POINT (9.360421355 45.082147008)"
"C_nov 2021","2.742","S01725","LO","VA","Cislago","12050","Cislago","Saronno - Varese Nord","410","80","8","890","58","0","890","0","0","58","0","2021","Feriale","Invernale","8.977690608","4.566104502","POINT (8.977690608 45.66104502)"
"C_nov 2018","123","S01315","LO","CO","CARIMATE","13046","Carimate","CHIASSO-MILANO","230","80","8","650","72","650","0","0","72","0","0","2018","Fer","Invernale","9.107220464","45.697171053","POINT (9.107220464 45.697171053)"
"C_Novembre2023","294","S01900","LO","BS","S.ZENO FOLZANO","17173","San Zeno Naviglio","BRESCIA-CREMONA","60","60","7","280","62","0","280","0","0","62","0","2023","Feriale","Invernale","10.211709572","45.491635451","POINT (10.211709572 45.491635451)"
"C_nov 2016","153","S01427","LO","SO","ARDENNO-MASINO","14005","Ardenno","TIRANO-MILANO Lc-So","90","20","5","170","27","0","170","0","0","27","0","2016","Fer","Invernale","9.651405996","46.162053348","POINT (9.651405996 46.162053348)"
"C_nov 2016","2.820","S01738","LO","VA","Varese Nord","12133","Varese","Saronno - Varese Nord","920","1000","12","3990","78","0","2320","1680","0","57","21","2016","Fer","Invernale","8.834307422","4.581847437","POINT (8.834307422 45.81847437)"
"C_Novembre2023","5.840","S01722","LO","MI","POZZUOLO MART.","15178","Pozzuolo Martesana","MILANO-VENEZIA","300","60","16","600","93","590","10","0","92","1","0","2023","Feriale","Invernale","9.465176435","45.510126551","POINT (9.465176435 45.510126551)"
"C_nov 2019","2.756","S01760","LO","CO","Fino Mornasco","13102","Fino Mornasco","Saronno - Como","410","110","8","1030","61","0","1030","0","0","61","0","2019","Fer","Invernale","9.047021129","45.746532082","POINT (9.047021129 45.746532082)"
"C_nov 2016","5.854","S01109","LO","MI","Cormano-Cusano Milanino","15098","Cusano Milanino","Milano Nord Bovisa - Seve","1180","300","16","2700","135","2700","0","0","135","0","0","2016","Fer","Invernale","9.173714792","45.545195079","POINT (9.173714792 45.545195079)"
"C_nov 2018","124","S01316","LO","MI","CAMNAGO-LENTATE","108054","Lentate sul Seveso","CHIASSO-MILANO","540","310","16","1630","144","1630","0","0","144","0","0","2018","Fer","Invernale","9.133490346","45.668502905","POINT (9.133490346 45.668502905)"
"C_nov 2020","110","S01202","LO","VA","BISUSCHIO-VIGGIU'","12015","Bisuschio","PORTO C.-GALLARATE","20","10","4","30","34","0","0","30","0","0","34","2020","Feriale","Invernale","8.887580152","45.870733966","POINT (8.887580152 45.870733966)"
"C_nov 2019","183","S01486","LO","MI","CARATE-CALO'","108015","Carate Brianza","MONZA-LECCO","30","10","7","70","40","70","0","0","40","0","0","2019","Fer","Invernale","9.252340508","4.567652894","POINT (9.252340508 45.67652894)"
"C_nov 2018","302","S01912","LO","CR","PONTE D'ADDA","19076","Pizzighettone","CODOGNO-MANTOVA","260","40","6","450","37","0","60","400","0","16","21","2018","Fer","Invernale","9.790770435","45.184437624","POINT (9.790770435 45.184437624)"
"C_nov 2022","2.761","S01745","LO","VA","Gemonio","12074","Gemonio","Varese Nord - Laveno Momb","110","40","6","300","40","0","130","170","0","24","16","2022","Feriale","Invernale","0.867388218","45.877604611","POINT (8.67388218 45.877604611)"
"C_nov 2022","175","S01462","LO","LC","CIVATE","97022","Civate","MONZA-LECCO","20","30","7","60","35","60","10","0","34","1","0","2022","Feriale","Invernale","9.352910244","45.831371067","POINT (9.352910244 45.831371067)"
"C_nov 2019","131","S01400","LO","SO","CHIAVENNA","14018","Chiavenna","CHIAVENNA-COLICO","170","320","5","980","32","0","980","0","0","32","0","2019","Fer","Invernale","0.940716091","46.321335044","POINT (9.40716091 46.321335044)"
"C_nov 2016","79","S01033","LO","MI","LEGNANO","15118","Legnano","DOMODOSSOLA-MILANO","2230","800","16","5880","115","3620","370","1900","74","6","35","2016","Fer","Invernale","8.910667666","4.559373533","POINT (8.910667666 45.59373533)"
"C_nov 2016","2.724","S01137","LO","VA","Busto Arsizio Nord","12026","Busto Arsizio","Saronno - Novara","1950","590","24","4660","195","0","2700","1970","0","86","109","2016","Fer","Invernale","0.885203345","45.606009961","POINT (8.85203345 45.606009961)"
"C_nov 2017","287","S01865","LO","PV","CORTEOLONA","18056","Corteolona","PAVIA-CASALPUST.","90","20","6","140","28","0","140","0","0","28","0","2017","Fer","Invernale","9.375508787","45.159782769","POINT (9.375508787 45.159782769)"
"C_nov 2016","2.772","S01737","LO","VA","Malnate","12096","Malnate","Saronno - Varese Nord","890","180","12","2010","78","0","1210","810","0","57","21","2016","Fer","Invernale","8.878340888","45.795307714","POINT (8.878340888 45.795307714)"
"C_nov 2016","278","S01850","LO","CR","CASALMAGGIORE","19021","Casalmaggiore","BRESCIA-PARMA","90","30","4","290","29","0","290","0","0","29","0","2016","Fer","Invernale","10.425041217","44.993222003","POINT (10.425041217 44.993222003)"
"C_nov 2020","2.783","S01066","LO","MI","Milano Nord Cadorna","15146","Milano","Milano Nord Cadorna - Sar","790","4260","53","10500","375","4580","5020","910","140","187","48","2020","Feriale","Invernale","9.175179183","45.468514231","POINT (9.175179183 45.468514231)"
"C_Luglio2023","78","S01031","LO","VA","BUSTO ARSIZIO","12026","Busto Arsizio","DOMODOSSOLA-MILANO","1080","640","24","3920","172","1840","720","1380","87","32","53","2023","Feriale","estivo","8.865063882","45.616237821","POINT (8.865063882 45.616237821)"
"C_nov 2015","235","S01704","LO","MI","VIGNATE","15237","Vignate","MILANO-VENEZIA","580","170","16","1470","98","1460","10","0","96","1","1","2015","Fer","Invernale","0.937411303","45.494025151","POINT (9.37411303 45.494025151)"
"C_nov 2017","235","S01704","LO","MI","VIGNATE","15237","Vignate","MILANO-VENEZIA","840","250","16","1790","98","1790","10","0","96","1","1","2017","Fer","Invernale","0.937411303","45.494025151","POINT (9.37411303 45.494025151)"
"C_nov 2019","211","S01535","LO","BG","MONTELLO GORLAGO","16139","Montello","LECCO-BRESCIA","130","40","4","500","36","0","500","0","0","36","0","2019","Fer","Invernale","0.980851611","45.670247257","POINT (9.80851611 45.670247257)"
"C_nov 2015","171","S01457","LO","LC","CASLETTO-ROGENO","97072","Rogeno","ALBATE-MOLTENO","50","10","4","70","20","0","70","0","0","20","0","2015","Fer","Invernale","9.275406768","45.786104223","POINT (9.275406768 45.786104223)"
"C_nov 2021","200","S01520","LO","LC","LECCO","97042","Lecco","TIRANO-MILANO Mz-Lc","1210","2060","24","7550","193","3770","1790","2000","100","61","32","2021","Feriale","Invernale","0.939367574","45.856547373","POINT (9.39367574 45.856547373)"
"C_nov 2021","82","S01036","LO","MI","VANZAGO POGLIANO","15229","Vanzago","DOMODOSSOLA-MILANO","450","150","10","1390","68","1320","40","50","66","1","1","2021","Feriale","Invernale","8.995565824","4.552529528","POINT (8.995565824 45.52529528)"
"C_nov 2020","151","S01425","LO","SO","MORBEGNO","14045","Morbegno","TIRANO-MILANO Lc-So","110","50","7","340","47","0","140","200","0","20","27","2020","Feriale","Invernale","9.568674621","46.136732198","POINT (9.568674621 46.136732198)"
"C_nov 2019","236","S01705","LO","MI","MELZO","15142","Melzo","MILANO-VENEZIA","920","350","16","2240","99","2220","20","10","96","2","1","2019","Fer","Invernale","9.433304033","4.550454073","POINT (9.433304033 45.50454073)"
"C_Luglio2023","263","S01826","LO","LO","SECUGNAGO","98052","Secugnago","MILANO-BOLOGNA","90","30","7","300","38","0","300","10","0","37","1","2023","Feriale","estivo","9.586872164","4.522332986","POINT (9.586872164 45.22332986)"
"C_nov 2019","2.853","S01748","PI","NO","Galliate","3068","Galliate","Saronno - Novara","300","90","6","730","38","0","730","0","0","38","0","2019","Fer","Invernale","8.691135844","45.481138261","POINT (8.691135844 45.481138261)"
"C_nov 2015","168","S01453","LO","CO","ANZANO DEL PARCO","13009","Anzano del Parco","ALBATE-MOLTENO","10","10","3","30","20","0","30","0","0","20","0","2015","Fer","Invernale","9.202711127","45.765037334","POINT (9.202711127 45.765037334)"
"C_nov 2017","269","S01841","LO","BS","GHEDI","17078","Ghedi","BRESCIA-PARMA","70","20","4","190","25","0","190","0","0","25","0","2017","Fer","Invernale","10.280538985","45.409522832","POINT (10.280538985 45.409522832)"
"C_nov 2022","306","S01916","LO","CR","VILLETTA MALAGNINO","19056","Malagnino","CODOGNO-MANTOVA","30","10","1","40","9","0","30","10","0","7","2","2022","Feriale","Invernale","10.111974549","45.137104731","POINT (10.111974549 45.137104731)"
"C_nov 2017","136","S01405","LO","SO","DUBINO","14027","Dubino","CHIAVENNA-COLICO","50","10","3","120","30","0","120","0","0","30","0","2017","Fer","Invernale","0.943221491","4.617287979","POINT (9.43221491 46.17287979)"
"C_nov 2017","2.823","S01782","LO","BS","Vello","17106","Marone","Iseo - Pisogne","10","0","3","10","20","0","10","0","0","20","0","2017","Fer","Invernale","10.083908147","45.752417679","POINT (10.083908147 45.752417679)"
"C_nov 2018","2.864","S01715","LO","MI","SEGRATE","15205","Segrate","MILANO-VENEZIA","630","700","16","2320","146","2320","0","0","146","0","0","2018","Fer","Invernale","9.291418669","45.479594282","POINT (9.291418669 45.479594282)"
"C_nov 2018","220","S01603","LO","CR","CAPRALBA","19015","Capralba","BERGAMO-CREMONA","110","20","5","200","35","0","200","0","0","35","0","2018","Fer","Invernale","9.640048136","45.443945977","POINT (9.640048136 45.443945977)"
"C_nov 2021","2.731","S01758","LO","CO","Caslino al Piano","13036","Cadorago","Saronno - Como","230","40","8","520","62","0","520","0","0","62","0","2021","Feriale","Invernale","9.040174552","45.711047814","POINT (9.040174552 45.711047814)"
"C_nov 2020","2.757","S01768","LO","BS","Forno d'Allione","17016","Berzo Demo","Breno - Edolo","0","10","1","0","2","0","0","0","0","2","0","2020","Feriale","Invernale","10.314929012","46.090120179","POINT (10.314929012 46.090120179)"
"C_nov 2016","2.803","S01756","LO","CO","Rovellasca-Manera","13201","Rovellasca","Saronno - Como","410","50","7","840","59","0","840","10","0","58","1","2016","Fer","Invernale","9.038331172","0.456656699","POINT (9.038331172 45.6656699)"
"C_nov 2015","2.734","S01795","LO","BS","Castegnato","17040","Castegnato","Brescia - Iseo","180","40","7","290","37","0","290","0","0","37","0","2015","Fer","Invernale","10.118369673","45.566191714","POINT (10.118369673 45.566191714)"
"C_nov 2015","254","S01807","LO","PV","VOGHERA","18182","Voghera","MILANO-GENOVA","670","150","8","2080","60","0","640","1450","0","31","29","2015","FER","Invernale","9.007971677","44.997878065","POINT (9.007971677 44.997878065)"
"C_nov 2015","2.746","S01775","LO","BS","Cogno-Esine","17206","Piancogno","Pisogne - Breno","20","10","3","50","19","0","50","0","0","19","0","2015","Fer","Invernale","10.241034794","45.929174261","POINT (10.241034794 45.929174261)"
"C_Novembre2023","2.739","S01086","LO","MI","Cesano Maderno","108019","Cesano Maderno","Milano Nord Bovisa - Seve","1840","820","30","5070","248","3320","1760","0","196","52","0","2023","Feriale","Invernale","9.141966766","45.631316886","POINT (9.141966766 45.631316886)"
"C_nov 2021","270","S01842","LO","BS","VIADANA BRESCIANA","17034","Calvisano","BRESCIA-PARMA","30","20","4","50","25","0","50","0","0","25","0","2021","Feriale","Invernale","0.103318218","45.373727831","POINT (10.3318218 45.373727831)"
"C_nov 2020","2.719","S01788","LO","BS","Borgonato Adro","17062","Corte Franca","Brescia - Iseo","10","10","5","20","36","0","20","0","0","36","0","2020","Feriale","Invernale","10.020113024","45.622225521","POINT (10.020113024 45.622225521)"
"C_nov 2020","332","S02088","VE","VR","PESCHIERA DEL GARDA","23059","Peschiera del Garda","MILANO-VENEZIA","60","40","5","260","30","0","0","260","0","0","30","2020","Feriale","Invernale","1.070247103","4.543838223","POINT (10.70247103 45.43838223)"
"C_nov 2017","2.773","S01767","LO","BS","Malonno","17101","Malonno","Breno - Edolo","40","10","3","80","17","0","60","30","0","4","13","2017","Fer","Invernale","10.316784194","46.118514889","POINT (10.316784194 46.118514889)"
"C_nov 2017","183","S01486","LO","MI","CARATE-CALO'","108015","Carate Brianza","MONZA-LECCO","30","10","7","70","40","70","0","0","40","0","0","2017","Fer","Invernale","9.252340508","4.567652894","POINT (9.252340508 45.67652894)"
"C_nov 2021","2.744","S01774","LO","BS","Cividate Malegno","17055","Cividate Camuno","Pisogne - Breno","20","10","2","40","13","0","40","0","0","13","0","2021","Feriale","Invernale","10.268355766","45.943563723","POINT (10.268355766 45.943563723)"
"C_Luglio2023","2.794","S01786","LO","BS","Pilzone","17085","Iseo","Iseo - Pisogne","10","10","4","40","19","0","40","0","0","19","0","2023","Feriale","estivo","10.079163075","45.674416503","POINT (10.079163075 45.674416503)"
"C_nov 2020","2.712","S01741","LO","VA","Barasso-Comerio","12008","Barasso","Varese Nord - Laveno Momb","30","20","6","90","37","0","50","50","0","23","14","2020","Feriale","Invernale","8.751273836","45.835130751","POINT (8.751273836 45.835130751)"
"C_nov 2021","2.733","S01752","LO","MI","Castano Primo","15062","Castano Primo","Saronno - Novara","300","70","6","700","34","0","700","0","0","34","0","2021","Feriale","Invernale","8.772746679","45.556048921","POINT (8.772746679 45.556048921)"
"C_nov 2019","201","S01522","LO","LC","LECCO MAGGIANICO","97042","Lecco","TIRANO-MILANO Mz-Lc","110","60","8","530","67","530","0","0","67","0","0","2019","Fer","Invernale","0.000941172","45.831255298","POINT (9.41172 45.831255298)"
"C_nov 2021","2.765","S01093","LO","CO","Inverigo","13118","Inverigo","Seveso - Asso","190","30","7","450","47","0","450","0","0","47","0","2021","Feriale","Invernale","9.224441129","45.740269966","POINT (9.224441129 45.740269966)"
"C_Novembre2023","2.737","S01769","LO","BS","Cedegolo","17047","Cedegolo","Breno - Edolo","20","10","1","20","4","0","20","10","0","1","3","2023","Feriale","Invernale","10.350009092","46.072304074","POINT (10.350009092 46.072304074)"
"C_nov 2017","326","S01949","EM","PC","SARMATO","33042","Sarmato","ALESS.-PIACENZA","0","0","0","30","14","0","30","0","0","14","0","2017","Fer","Invernale","0.949110168","4.506299749","POINT (9.49110168 45.06299749)"
"C_nov 2015","2.724","S01137","LO","VA","Busto Arsizio Nord","12026","Busto Arsizio","Saronno - Novara","1790","520","19","4380","141","0","3020","1360","0","94","47","2015","Fer","Invernale","0.885203345","45.606009961","POINT (8.85203345 45.606009961)"
"C_nov 2016","41","S00279","LO","PV","CAVA CARBONARA","18151","Sommo","VERCELLI-PAVIA","10","10","5","20","29","0","20","0","0","29","0","2016","Fer","Invernale","9.071427457","45.147136385","POINT (9.071427457 45.147136385)"
"C_nov 2022","2.800","S01069","LO","MI","Milano Quarto Oggiaro","15146","Milano","Milano Nord Cadorna - Sar","800","540","15","3130","122","3130","0","0","122","0","0","2022","Feriale","Invernale","9.145253109","45.519239088","POINT (9.145253109 45.519239088)"
"C_Luglio2023","114","S01207","LO","VA","GAZZADA-SCHIANNO-MORAZZ.","12073","Gazzada Schianno","PORTO C.-GALLARATE","100","70","8","470","68","440","0","30","67","0","1","2023","Feriale","estivo","8.824846806","45.778700868","POINT (8.824846806 45.778700868)"
"C_nov 2018","117","S01210","LO","VA","CAVARIA-OGGIONA IERAGO","12048","Cavaria con Premezzo","PORTO C.-GALLARATE","250","70","8","870","73","820","0","60","72","0","1","2018","Fer","Invernale","0.880353632","45.698222542","POINT (8.80353632 45.698222542)"
"C_Novembre2023","93","S01113","LO","VA","LUINO","12092","Luino","LUINO-GALLARATE","50","70","3","240","27","110","130","0","11","16","0","2023","Feriale","Invernale","8.737497575","45.996713632","POINT (8.737497575 45.996713632)"
"C_nov 2016","232","S01700","LO","MI","MILANO CENTRALE","15146","Milano","MILANO-BOLOGNA","2160","10790","44","24990","265","170","2100","22730","5","43","217","2016","Fer","Invernale","9.204867788","45.486276592","POINT (9.204867788 45.486276592)"
"C_nov 2018","2.746","S01775","LO","BS","Cogno-Esine","17206","Piancogno","Pisogne - Breno","20","10","2","70","19","0","70","0","0","19","0","2018","Fer","Invernale","10.241034794","45.929174261","POINT (10.241034794 45.929174261)"
"C_nov 2019","11","S00041","PI","AL","VALENZA","6177","Valenza","CHIVASSO-ALESSANDRIA","120","110","5","380","34","0","380","0","0","34","0","2019","Fer","Invernale","8.625966209","4.502351446","POINT (8.625966209 45.02351446)"
"C_nov 2019","2.743","S01746","LO","VA","Cittiglio","12051","Cittiglio","Varese Nord - Laveno Momb","210","40","7","570","42","0","250","320","0","21","21","2019","Fer","Invernale","8.667398533","45.892327453","POINT (8.667398533 45.892327453)"
"C_nov 2018","253","S01806","LO","PV","PIZZALE-LUNGAVILLA","18084","Lungavilla","MILANO-GENOVA","190","20","6","270","31","0","30","250","0","5","26","2018","Fer","Invernale","9.069006681","45.049924012","POINT (9.069006681 45.049924012)"
"C_nov 2021","233","S01701","LO","MI","MILANO LAMBRATE","15146","Milano","MILANO-BOLOGNA","2510","5590","59","13870","309","2430","4540","6910","59","108","142","2021","Feriale","Invernale","9.237361806","45.485012046","POINT (9.237361806 45.485012046)"
"C_nov 2021","5.832","S01067","LO","MI","Milano Nord Domodossola","15146","Milano","Milano Nord Cadorna - Sar","930","1950","52","6860","361","2810","3500","560","139","202","20","2021","Feriale","Invernale","9.162155141","45.480836572","POINT (9.162155141 45.480836572)"
"C_nov 2016","2.816","S01728","LO","VA","Tradate Abbiate Guazzone","12127","Tradate","Saronno - Varese Nord","190","60","8","450","57","0","450","0","0","57","0","2016","Fer","Invernale","8.918610359","45.701903031","POINT (8.918610359 45.701903031)"
"C_nov 2018","139","S01408","LO","LC","DERVIO","97030","Dervio","TIRANO-MILANO Lc-So","40","20","3","210","29","0","200","20","0","26","3","2018","Fer","Invernale","9.305992528","46.077782965","POINT (9.305992528 46.077782965)"
"C_nov 2022","91","S01064","LO","MI","CORSICO","15093","Corsico","MILANO-MORTARA-AL","230","150","8","810","69","810","10","0","67","2","0","2022","Feriale","Invernale","9.105184247","45.434772406","POINT (9.105184247 45.434772406)"
"C_nov 2019","175","S01462","LO","LC","CIVATE","97022","Civate","MONZA-LECCO","20","20","5","70","34","70","10","0","33","1","0","2019","Fer","Invernale","9.352910244","45.831371067","POINT (9.352910244 45.831371067)"
"C_Novembre2023","2.910","S01112","LO","MI","Cesano Boscone","15074","Cesano Boscone","MILANO-MORTARA-AL","210","100","7","760","66","760","10","0","64","2","0","2023","Feriale","Invernale","0.909119676","45.430270342","POINT (9.09119676 45.430270342)"
"C_nov 2016","211","S01535","LO","BG","MONTELLO GORLAGO","16139","Montello","LECCO-BRESCIA","120","30","4","430","36","0","430","0","0","36","0","2016","Fer","Invernale","0.980851611","45.670247257","POINT (9.80851611 45.670247257)"
"C_nov 2017","2.739","S01086","LO","MI","Cesano Maderno","108019","Cesano Maderno","Milano Nord Bovisa - Seve","2060","700","32","5440","254","3790","1660","0","203","51","0","2017","Fer","Invernale","9.141966766","45.631316886","POINT (9.141966766 45.631316886)"
"C_nov 2016","179","S01482","LO","MI","BUTTAFAVA","108049","Villasanta","MONZA-LECCO","60","10","6","120","40","120","0","0","40","0","0","2016","Fer","Invernale","9.301221362","45.621491933","POINT (9.301221362 45.621491933)"
"C_Luglio2023","125","S01318","LO","MI","SEREGNO","108039","Seregno","CHIASSO-MILANO","1200","340","16","3090","107","1910","0","1180","85","0","22","2023","Feriale","estivo","9.202885996","45.646087713","POINT (9.202885996 45.646087713)"
"C_Luglio2023","2.792","S01776","LO","BS","Pian di Borno","17206","Piancogno","Pisogne - Breno","10","10","2","200","18","0","200","0","0","18","0","2023","Feriale","estivo","10.221581526","45.915836231","POINT (10.221581526 45.915836231)"
"C_Novembre2023","175","S01462","LO","LC","CIVATE","97022","Civate","MONZA-LECCO","20","20","5","100","34","100","10","0","33","1","0","2023","Feriale","Invernale","9.352910244","45.831371067","POINT (9.352910244 45.831371067)"
"C_nov 2015","161","S01437","LO","SO","TRESENDA-APRICA-TEGLIO","14065","Teglio","TIRANO-MILANO So-Tir","80","10","4","180","33","0","30","160","0","12","21","2015","FER","Invernale","10.083777059","46.162155619","POINT (10.083777059 46.162155619)"
"C_nov 2021","2.714","S01929","LO","MI","Seveso Baruccana","108040","Seveso","Saronno - Seregno","120","50","9","480","58","480","0","0","58","0","0","2021","Feriale","Invernale","9.162510091","4.563793739","POINT (9.162510091 45.63793739)"
"C_nov 2017","322","S01944","LO","PV","BRONI","18024","Broni","ALESS.-PIACENZA","110","40","5","510","43","0","510","0","0","43","0","2017","Fer","Invernale","9.258788494","45.066345425","POINT (9.258788494 45.066345425)"
"C_nov 2017","92","S01065","LO","MI","TREZZANO S.N.","15220","Trezzano sul Naviglio","MILANO-MORTARA-AL","270","140","8","810","71","800","20","0","69","2","0","2017","Fer","Invernale","0.907123474","45.422282484","POINT (9.07123474 45.422282484)"
"C_nov 2016","2.757","S01768","LO","BS","Forno d'Allione","17016","Berzo Demo","Breno - Edolo","0","0","1","0","2","0","0","0","0","2","0","2016","Fer","Invernale","10.314929012","46.090120179","POINT (10.314929012 46.090120179)"
"C_nov 2021","77","S01030","LO","VA","GALLARATE","12070","Gallarate","DOMODOSSOLA-MILANO","1610","1130","31","6660","214","3090","1840","1740","114","51","49","2021","Feriale","Invernale","0.879828248","45.659901549","POINT (8.79828248 45.659901549)"
"C_nov 2016","802","S02082","LO","BS","PONTE S.MARCO-CALCINATO","17032","Calcinato","MILANO-VENEZIA","10","10","1","10","2","0","10","0","0","2","0","2016","Fer","Invernale","10.409042317","45.473866879","POINT (10.409042317 45.473866879)"
"C_nov 2017","71","S01020","PI","NO","ARONA","3008","Arona","DOMODOSSOLA-MILANO","370","210","8","1550","50","0","910","640","0","33","17","2017","Fer","Invernale","8.559107617","4.575531295","POINT (8.559107617 45.75531295)"
"C_nov 2015","120","S01310","LO","CO","ALBATE-CAMERLATA","13075","Como","CHIASSO-MILANO","200","90","14","520","101","500","20","0","81","20","0","2015","Fer","Invernale","0.907349887","45.777443385","POINT (9.07349887 45.777443385)"
"C_nov 2020","5.844","S01059","LO","MI","ALBAIRATE-VERMEZZO","15005","Albairate","MILANO-MORTARA-AL","100","140","11","530","99","270","270","0","55","44","0","2020","Feriale","Invernale","8.957371048","45.404429355","POINT (8.957371048 45.404429355)"
"C_nov 2018","2.732","S01098","LO","CO","Caslino d'Erba","13052","Caslino d'Erba","Seveso - Asso","60","20","6","110","40","0","110","0","0","40","0","2018","Fer","Invernale","9.232326937","45.835130456","POINT (9.232326937 45.835130456)"
"C_nov 2021","80","S01034","LO","MI","CANEGRATE","15046","Canegrate","DOMODOSSOLA-MILANO","500","130","9","1470","67","1390","90","0","66","1","0","2021","Feriale","Invernale","8.926634655","45.569313656","POINT (8.926634655 45.569313656)"
"C_nov 2019","238","S01707","LO","MI","CASSANO D'ADDA","15059","Cassano d'Adda","MILANO-VENEZIA","540","170","16","1100","99","1100","10","0","96","2","1","2019","Fer","Invernale","9.512780391","0.455144503","POINT (9.512780391 45.5144503)"
"C_nov 2022","104","S01141","LO","VA","BESOZZO","12013","Besozzo","LUINO-GALLARATE","50","20","4","150","29","60","100","0","10","19","0","2022","Feriale","Invernale","0.866303949","45.842264864","POINT (8.66303949 45.842264864)"
"C_nov 2019","73","S01026","LO","VA","SESTO CALENDE","12120","Sesto Calende","DOMODOSSOLA-MILANO","580","130","8","1570","50","0","1010","570","0","33","17","2019","Fer","Invernale","0.862816964","45.726314213","POINT (8.62816964 45.726314213)"
"C_nov 2018","2.748","S01763","LO","CO","Como Camerlata (FN)","13075","Como","Saronno - Como","390","300","10","1350","70","0","1070","280","0","60","10","2018","Fer","Invernale","9.079423298","4.578441339","POINT (9.079423298 45.78441339)"
"C_nov 2018","45","S00403","LO","PV","SANNAZZARO","18138","Sannazzaro de' Burgondi","CAVA C.-TORREBER","80","50","4","400","26","0","400","0","0","26","0","2018","Fer","Invernale","8.905182695","45.105626227","POINT (8.905182695 45.105626227)"
"C_nov 2017","5.835","S01032","LO","MI","Milano Romolo","15146","Milano","MILANO-MORTARA-AL","470","950","8","2330","69","2330","0","0","69","0","0","2017","Fer","Invernale","9.159273436","4.544587573","POINT (9.159273436 45.44587573)"
"C_nov 2018","2.975","S01206","LO","VA","Cantello Gaggiolo","12030","Cantello","Mendrisio-Varese","200","60","8","560","69","560","0","0","69","0","0","2018","Fer","Invernale","8.906974756","45.837723396","POINT (8.906974756 45.837723396)"
"C_Novembre2023","140","S01409","LO","LC","BELLANO-TARTAVALLE TERME","97008","Bellano","TIRANO-MILANO Lc-So","110","50","5","520","53","0","210","320","0","26","27","2023","Feriale","Invernale","9.302811247","4.603952264","POINT (9.302811247 46.03952264)"
"C_Novembre2023","2.863","S01633","LO","MI","MILANO P.VITTORIA PASS.","15146","Milano","PASSANTE","1250","1570","39","6500","342","6500","0","0","342","0","0","2023","Feriale","Invernale","9.225193061","45.459475193","POINT (9.225193061 45.459475193)"
"C_nov 2021","2.858","S01643","LO","MI","MILANO LANCETTI","15146","Milano","PASSANTE","680","850","39","4160","309","4160","0","0","309","0","0","2021","Feriale","Invernale","9.177354467","45.493471578","POINT (9.177354467 45.493471578)"
"C_nov 2017","40","S00278","LO","PV","VILLANOVA D'ARDENGHI","18179","Villanova d'Ardenghi","VERCELLI-PAVIA","10","10","4","20","28","0","20","0","0","28","0","2017","Fer","Invernale","9.037210497","45.157063438","POINT (9.037210497 45.157063438)"
"C_nov 2019","331","S02084","LO","BS","DESENZANO DEL GARDA-SIR.","17067","Desenzano del Garda","MILANO-VENEZIA","490","160","6","1530","34","0","50","1490","0","2","32","2019","Fer","Invernale","10.536345381","45.462760508","POINT (10.536345381 45.462760508)"
"C_nov 2020","2.800","S01069","LO","MI","Milano Quarto Oggiaro","15146","Milano","Milano Nord Cadorna - Sar","260","150","11","950","78","950","0","0","78","0","0","2020","Feriale","Invernale","9.145253109","45.519239088","POINT (9.145253109 45.519239088)"
"C_nov 2022","203","S01524","LO","LC","CALOLZIOCORTE-OLGINATE","97013","Calolziocorte","TIRANO-MILANO Mz-Lc","780","290","15","2080","109","1400","460","230","68","32","9","2022","Feriale","Invernale","9.427005558","4.580169532","POINT (9.427005558 45.80169532)"
"C_nov 2019","50","S00408","LO","PV","SAIRANO","18190","Zinasco","CAVA C.-TORREBER","20","10","3","50","21","0","50","0","0","21","0","2019","Fer","Invernale","9.046900985","45.138935103","POINT (9.046900985 45.138935103)"
"C_nov 2015","2.798","S01761","LO","CO","Portichetto-Luisago","13135","Luisago","Saronno - Como","300","70","7","640","62","0","640","10","0","61","1","2015","Fer","Invernale","9.050289685","45.759200753","POINT (9.050289685 45.759200753)"
"C_nov 2020","2.743","S01746","LO","VA","Cittiglio","12051","Cittiglio","Varese Nord - Laveno Momb","40","30","6","150","37","0","90","70","0","23","14","2020","Feriale","Invernale","8.667398533","45.892327453","POINT (8.667398533 45.892327453)"
"C_nov 2016","2.725","S01088","LO","CO","Cabiate","13035","Cabiate","Seveso - Asso","250","50","10","530","55","40","500","0","4","51","0","2016","Fer","Invernale","9.168578192","45.675909631","POINT (9.168578192 45.675909631)"
"C_nov 2020","259","S01822","LO","MI","MELEGNANO","15140","Melegnano","MILANO-BOLOGNA","220","150","8","650","42","650","0","0","42","0","0","2020","Feriale","Invernale","0.009319302","45.356405865","POINT (9.319302 45.356405865)"
"C_Luglio2023","83","S01037","LO","MI","RHO","15182","Rho","TORINO-MILANO","1390","760","20","5230","164","5230","0","0","164","0","0","2023","Feriale","estivo","9.043583998","45.523927896","POINT (9.043583998 45.523927896)"
"C_nov 2015","43","S00401","LO","PV","ZINASCO NUOVO","18190","Zinasco","CAVA C.-TORREBER","30","10","5","50","27","0","50","0","0","27","0","2015","FER","Invernale","8.999696096","45.124641115","POINT (8.999696096 45.124641115)"
"C_nov 2016","2.716","S01071","LO","MI","Bollate Centro","15027","Bollate","Milano Nord Cadorna - Sar","1430","570","18","3930","141","3930","0","0","141","0","0","2016","Fer","Invernale","9.123062868","45.542718874","POINT (9.123062868 45.542718874)"
"C_nov 2022","2.861","S01639","LO","MI","MILANO VILLAPIZZONE","15146","Milano","PASSANTE","640","840","25","3650","190","3120","160","380","166","9","15","2022","Feriale","Invernale","9.150254378","45.502301332","POINT (9.150254378 45.502301332)"
"C_nov 2020","5.832","S01067","LO","MI","Milano Nord Domodossola","15146","Milano","Milano Nord Cadorna - Sar","330","730","49","2500","341","1170","1250","100","140","187","14","2020","Feriale","Invernale","9.162155141","45.480836572","POINT (9.162155141 45.480836572)"
"C_Novembre2023","231","S01645","LO","MI","MILANO PORTA GARIBALDI","15146","Milano","TORINO-MILANO","2760","10090","55","27440","404","15960","7300","4190","194","134","76","2023","Feriale","Invernale","9.186422092","45.485345292","POINT (9.186422092 45.485345292)"
"C_nov 2022","387","S05000","EM","PC","PIACENZA","33032","Piacenza","MILANO-BOLOGNA","380","250","8","1730","52","0","1730","0","0","52","0","2022","Feriale","Invernale","9.706305088","4.505208441","POINT (9.706305088 45.05208441)"
"C_nov 2016","258","S01821","LO","MI","S.GIULIANO MILANESE","15195","San Giuliano Milanese","MILANO-BOLOGNA","510","250","10","1300","79","1300","0","0","79","0","0","2016","Fer","Invernale","9.286452197","45.391305373","POINT (9.286452197 45.391305373)"
"C_nov 2016","194","S01510","LO","MI","ARCORE","108004","Arcore","TIRANO-MILANO Mz-Lc","1920","410","18","4030","117","1980","2050","0","69","48","0","2016","Fer","Invernale","9.322824319","45.623570636","POINT (9.322824319 45.623570636)"
"C_nov 2021","107","S01144","LO","VA","MORNAGO CIMBRO","12106","Mornago","LUINO-GALLARATE","70","20","5","120","28","40","80","0","10","18","0","2021","Feriale","Invernale","8.734232423","45.729818919","POINT (8.734232423 45.729818919)"
"C_Luglio2023","323","S01945","LO","PV","STRADELLA","18153","Stradella","ALESS.-PIACENZA","50","30","3","350","32","0","350","0","0","32","0","2023","Feriale","estivo","9.300895387","45.079551322","POINT (9.300895387 45.079551322)"
"C_Luglio2023","2.721","S01085","LO","MI","Bovisio Masciago - Mombello","108010","Bovisio-Masciago","Milano Nord Bovisa - Seve","720","200","16","1690","133","1690","0","0","133","0","0","2023","Feriale","estivo","9.141581449","45.612055387","POINT (9.141581449 45.612055387)"
"C_nov 2019","2.753","S01002","LO","BS","Edolo","17068","Edolo","Breno - Edolo","20","220","3","270","17","0","30","250","0","4","13","2019","Fer","Invernale","1.033206974","46.176686703","POINT (10.33206974 46.176686703)"
"C_nov 2021","164","S01440","LO","SO","TIRANO","14066","Tirano","TIRANO-MILANO So-Tir","150","40","2","480","26","0","10","470","0","4","22","2021","Feriale","Invernale","10.166987267","46.215458161","POINT (10.166987267 46.215458161)"
"C_nov 2022","131","S01400","LO","SO","CHIAVENNA","14018","Chiavenna","CHIAVENNA-COLICO","90","330","5","960","31","0","960","0","0","31","0","2022","Feriale","Invernale","0.940716091","46.321335044","POINT (9.40716091 46.321335044)"
"C_Luglio2023","88","S01061","LO","PV","VIGEVANO","18177","Vigevano","MILANO-MORTARA-AL","1070","220","7","3140","46","0","3140","0","0","46","0","2023","Feriale","estivo","8.862008085","45.312797339","POINT (8.862008085 45.312797339)"
"C_nov 2016","184","S01487","LO","MI","VILLA RAVERIO","108008","Besana in Brianza","MONZA-LECCO","240","160","6","620","40","620","0","0","40","0","0","2016","Fer","Invernale","0.926158805","45.690495348","POINT (9.26158805 45.690495348)"
"C_nov 2021","95","S01117","LO","VA","CALDE'","12045","Castelveccana","LUINO-GALLARATE","10","10","2","40","28","20","30","0","10","18","0","2021","Feriale","Invernale","8.663196767","45.945891984","POINT (8.663196767 45.945891984)"
"C_Luglio2023","203","S01524","LO","LC","CALOLZIOCORTE-OLGINATE","97013","Calolziocorte","TIRANO-MILANO Mz-Lc","600","160","16","2120","110","1490","410","230","68","32","10","2023","Feriale","estivo","9.427005558","4.580169532","POINT (9.427005558 45.80169532)"
"C_nov 2022","2.791","S01793","LO","BS","Passirano","17136","Passirano","Brescia - Iseo","100","20","6","170","37","0","170","0","0","37","0","2022","Feriale","Invernale","1.006368133","45.590113375","POINT (10.06368133 45.590113375)"
"C_nov 2019","215","S01539","LO","BS","COLOGNE","17059","Cologne","LECCO-BRESCIA","60","30","4","200","33","0","200","0","0","33","0","2019","Fer","Invernale","9.935343868","45.576709508","POINT (9.935343868 45.576709508)"
"C_Novembre2023","225","S01609","LO","CR","CASALBUTTANO","19016","Casalbuttano ed Uniti","BERGAMO-CREMONA","30","20","4","240","36","0","240","0","0","36","0","2023","Feriale","Invernale","9.962387322","45.255479026","POINT (9.962387322 45.255479026)"
"C_nov 2015","116","S01209","LO","VA","ALBIZZATE-SOLBIATE ARNO","12002","Albizzate","PORTO C.-GALLARATE","320","80","8","810","75","760","0","60","74","0","1","2015","Fer","Invernale","8.806241922","45.724198779","POINT (8.806241922 45.724198779)"
"C_nov 2016","3","S00031","PI","NO","VESPOLATE","3158","Vespolate","NOVARA-MORTARA","80","20","3","100","10","0","100","0","0","10","0","2016","Fer","Invernale","8.672069059","4.535153791","POINT (8.672069059 45.35153791)"
"C_nov 2017","5.854","S01109","LO","MI","Cormano-Cusano Milanino","15098","Cusano Milanino","Milano Nord Bovisa - Seve","1190","300","16","2650","135","2650","0","0","135","0","0","2017","Fer","Invernale","9.173714792","45.545195079","POINT (9.173714792 45.545195079)"
"C_nov 2016","298","S01904","LO","CR","ROBECCO-PONTEVICO","19085","Robecco d'Oglio","BRESCIA-CREMONA","50","10","3","90","31","0","90","0","0","31","0","2016","Fer","Invernale","10.078618004","45.266299802","POINT (10.078618004 45.266299802)"
"C_nov 2019","311","S01921","LO","MN","MARCARIA","20031","Marcaria","CODOGNO-MANTOVA","30","10","3","70","21","0","40","40","0","6","15","2019","Fer","Invernale","10.533674343","45.124599549","POINT (10.533674343 45.124599549)"
"C_nov 2015","2.814","S01781","LO","BS","Toline","17143","Pisogne","Iseo - Pisogne","10","0","4","10","21","0","10","0","0","21","0","2015","Fer","Invernale","10.088229762","45.787237456","POINT (10.088229762 45.787237456)"
"C_nov 2018","2.738","S01934","LO","MI","Ceriano Laghetto-Solaro","108018","Ceriano Laghetto","Saronno - Seregno","60","50","7","360","65","360","0","0","65","0","0","2018","Fer","Invernale","9.079931416","4.562488063","POINT (9.079931416 45.62488063)"
"C_nov 2017","186","S01489","LO","MI","RENATE VEDUGGIO","108037","Renate","MONZA-LECCO","270","40","5","560","36","560","0","0","36","0","0","2017","Fer","Invernale","0.927986722","4.572838114","POINT (9.27986722 45.72838114)"
"C_Luglio2023","306","S01916","LO","CR","VILLETTA MALAGNINO","19056","Malagnino","CODOGNO-MANTOVA","10","10","1","10","9","0","10","10","0","7","2","2023","Feriale","estivo","10.111974549","45.137104731","POINT (10.111974549 45.137104731)"
"C_nov 2016","2.773","S01767","LO","BS","Malonno","17101","Malonno","Breno - Edolo","40","10","3","60","17","0","50","20","0","4","13","2016","Fer","Invernale","10.316784194","46.118514889","POINT (10.316784194 46.118514889)"
"C_Luglio2023","241","S01710","LO","BG","MORENGO-BARIANO","16020","Bariano","MILANO-VENEZIA","60","30","5","230","31","0","230","0","0","31","0","2023","Feriale","estivo","9.703143454","45.521713564","POINT (9.703143454 45.521713564)"
"C_nov 2019","207","S01528","LO","BG","PONTE S.PIETRO","16170","Ponte San Pietro","LECCO-BRESCIA","510","200","11","1400","71","0","1400","0","0","71","0","2019","Fer","Invernale","9.584359693","45.699232686","POINT (9.584359693 45.699232686)"
"C_nov 2018","199","S01515","LO","LC","AIRUNO","97002","Airuno","TIRANO-MILANO Mz-Lc","300","40","8","740","68","740","0","0","68","0","0","2018","Fer","Invernale","9.422096968","45.754167715","POINT (9.422096968 45.754167715)"
"C_nov 2022","217","S01600","LO","BG","VERDELLO DALMINE","16233","Verdello","BERGAMO-CREMONA","1230","330","18","2800","99","0","810","2000","0","46","53","2022","Feriale","Invernale","0.961982632","45.605792605","POINT (9.61982632 45.605792605)"
"C_nov 2022","199","S01515","LO","LC","AIRUNO","97002","Airuno","TIRANO-MILANO Mz-Lc","340","70","8","690","68","690","0","0","68","0","0","2022","Feriale","Invernale","9.422096968","45.754167715","POINT (9.422096968 45.754167715)"
"C_Luglio2023","2.747","S01764","LO","CO","Como Nord Borghi","13075","Como","Saronno - Como","370","360","9","1600","66","0","1430","170","0","62","4","2023","Feriale","estivo","0.909095794","45.804910086","POINT (9.09095794 45.804910086)"
"C_nov 2022","255","S01809","PI","AL","PONTECURONE","6132","Pontecurone","MILANO-GENOVA","50","10","2","70","7","0","0","70","0","0","7","2022","Feriale","Invernale","8.929891639","4.496201105","POINT (8.929891639 44.96201105)"
"C_nov 2018","2.767","S01094","LO","CO","Lambrugo-Lurago","13121","Lambrugo","Seveso - Asso","160","30","6","320","50","0","320","0","0","50","0","2018","Fer","Invernale","9.238491713","45.761639869","POINT (9.238491713 45.761639869)"
"C_Luglio2023","118","S01301","LO","CO","CHIASSO","13075","Como","CHIASSO-MILANO","390","780","14","3920","95","990","0","2940","76","0","19","2023","Feriale","estivo","9.031333374","4.583194478","POINT (9.031333374 45.83194478)"
"C_nov 2022","120","S01310","LO","CO","ALBATE-CAMERLATA","13075","Como","CHIASSO-MILANO","0","0","1","0","5","0","0","0","4","1","0","2022","Feriale","Invernale","0.907349887","45.777443385","POINT (9.07349887 45.777443385)"
"C_nov 2022","284","S01862","LO","PV","MOTTA S.DAMIANO","18110","Pavia","PAVIA-CASALPUST.","10","10","4","10","22","0","10","0","0","22","0","2022","Feriale","Invernale","9.219902925","45.178421105","POINT (9.219902925 45.178421105)"
"C_Luglio2023","2.720","S01789","LO","BS","Bornato Calino","17046","Cazzago San Martino","Brescia - Iseo","90","10","7","280","39","0","270","20","0","36","3","2023","Feriale","estivo","10.033113278","45.590424717","POINT (10.033113278 45.590424717)"
"C_nov 2016","171","S01457","LO","LC","CASLETTO-ROGENO","97072","Rogeno","ALBATE-MOLTENO","40","10","4","70","20","0","70","0","0","20","0","2016","Fer","Invernale","9.275406768","45.786104223","POINT (9.275406768 45.786104223)"
"C_Novembre2023","10","S00039","LO","PV","TORREBERETTI","18156","Torre Beretti e Castellaro","MILANO-MORTARA-AL","60","50","5","220","35","0","220","0","0","35","0","2023","Feriale","Invernale","8.660466652","45.060615837","POINT (8.660466652 45.060615837)"
"C_nov 2018","184","S01487","LO","MI","VILLA RAVERIO","108008","Besana in Brianza","MONZA-LECCO","220","170","6","650","40","650","0","0","40","0","0","2018","Fer","Invernale","0.926158805","45.690495348","POINT (9.26158805 45.690495348)"
"C_nov 2022","166","S01451","LO","CO","CANTU'","13041","Cantu'","ALBATE-MOLTENO","30","10","4","50","23","0","50","0","0","23","0","2022","Feriale","Invernale","9.130350159","45.752397871","POINT (9.130350159 45.752397871)"
"C_nov 2016","45","S00403","LO","PV","SANNAZZARO","18138","Sannazzaro de' Burgondi","CAVA C.-TORREBER","90","50","4","380","26","0","380","0","0","26","0","2016","Fer","Invernale","8.905182695","45.105626227","POINT (8.905182695 45.105626227)"
"C_nov 2015","48","S00406","LO","PV","MEDE","18088","Mede","CAVA C.-TORREBER","80","20","4","200","27","0","200","0","0","27","0","2015","FER","Invernale","8.742632705","45.095095656","POINT (8.742632705 45.095095656)"
"C_nov 2020","224","S01607","LO","CR","SORESINA","19098","Soresina","BERGAMO-CREMONA","30","20","5","130","34","0","130","0","0","34","0","2020","Feriale","Invernale","9.856662219","45.283167819","POINT (9.856662219 45.283167819)"
"C_nov 2016","135","S01404","LO","SO","VERCEIA","14075","Verceia","CHIAVENNA-COLICO","40","10","3","100","29","0","100","0","0","29","0","2016","Fer","Invernale","9.458448611","46.202905061","POINT (9.458448611 46.202905061)"
"C_nov 2021","2.757","S01768","LO","BS","Forno d'Allione","17016","Berzo Demo","Breno - Edolo","0","0","1","0","2","0","0","0","0","2","0","2021","Feriale","Invernale","10.314929012","46.090120179","POINT (10.314929012 46.090120179)"
"C_Novembre2023","335","S02336","LO","MN","MANTOVA","20030","Mantova","CODOGNO-MANTOVA","150","210","4","960","28","0","120","840","0","7","21","2023","Feriale","Invernale","10.783189882","45.158827197","POINT (10.783189882 45.158827197)"
"C_nov 2015","194","S01510","LO","MI","ARCORE","108004","Arcore","TIRANO-MILANO Mz-Lc","1810","320","17","3740","111","1810","1930","0","63","48","0","2015","Fer","Invernale","9.322824319","45.623570636","POINT (9.322824319 45.623570636)"
"C_nov 2016","269","S01841","LO","BS","GHEDI","17078","Ghedi","BRESCIA-PARMA","100","20","4","240","25","0","240","0","0","25","0","2016","Fer","Invernale","10.280538985","45.409522832","POINT (10.280538985 45.409522832)"
"C_nov 2021","252","S01805","LO","PV","BRESSANA BOTTARONE","18023","Bressana Bottarone","MILANO-GENOVA","120","40","5","270","30","0","230","40","0","26","4","2021","Feriale","Invernale","0.911063508","45.086379858","POINT (9.11063508 45.086379858)"
"C_Novembre2023","36","S00274","LO","PV","GAMBOLO'-REMONDO'","18068","Gambolo'","VERCELLI-PAVIA","20","10","3","110","25","0","110","0","0","25","0","2023","Feriale","Invernale","8.797608181","45.235955245","POINT (8.797608181 45.235955245)"
"C_nov 2018","275","S01847","LO","MN","ASOLA","20002","Asola","BRESCIA-PARMA","60","20","3","220","25","0","220","0","0","25","0","2018","Fer","Invernale","10.402333601","45.220534843","POINT (10.402333601 45.220534843)"
"C_nov 2018","2.859","S01139","LO","VA","Malpensa Aeroporto T1","12140","Vizzola Ticino","Busto Arsizio - Malpensa","550","1020","18","5790","162","120","1760","3930","18","35","109","2018","Fer","Invernale","8.711317166","45.626885232","POINT (8.711317166 45.626885232)"
"C_nov 2022","310","S01920","LO","MN","BOZZOLO","20007","Bozzolo","CODOGNO-MANTOVA","40","20","3","190","28","0","50","140","0","7","21","2022","Feriale","Invernale","10.472685666","45.107331585","POINT (10.472685666 45.107331585)"
"C_nov 2018","2.797","S01097","LO","CO","Pontelambro-Castelmarte","13188","Ponte Lambro","Seveso - Asso","100","30","6","240","40","0","240","0","0","40","0","2018","Fer","Invernale","9.225759459","45.829181272","POINT (9.225759459 45.829181272)"
"C_nov 2017","803","S02083","LO","BS","LONATO","17092","Lonato","MILANO-VENEZIA","10","10","1","10","2","0","10","0","0","2","0","2017","Fer","Invernale","10.486740042","45.457282784","POINT (10.486740042 45.457282784)"
"C_nov 2016","255","S01809","PI","AL","PONTECURONE","6132","Pontecurone","MILANO-GENOVA","50","10","2","80","8","0","0","80","0","0","8","2016","Fer","Invernale","8.929891639","4.496201105","POINT (8.929891639 44.96201105)"
"C_nov 2017","119","S01307","LO","CO","COMO S.GIOVANNI","13075","Como","CHIASSO-MILANO","960","730","22","3600","139","1980","130","1510","94","23","22","2017","Fer","Invernale","9.072359552","45.809022727","POINT (9.072359552 45.809022727)"
"C_Novembre2023","2.864","S01715","LO","MI","SEGRATE","15205","Segrate","MILANO-VENEZIA","590","390","16","1670","135","1670","0","0","135","0","0","2023","Feriale","Invernale","9.291418669","45.479594282","POINT (9.291418669 45.479594282)"
"C_Luglio2023","324","S01947","LO","PV","ARENA PO","18005","Arena Po","ALESS.-PIACENZA","10","10","1","10","14","0","10","0","0","14","0","2023","Feriale","estivo","9.360421355","45.082147008","POINT (9.360421355 45.082147008)"
"C_Novembre2023","182","S01485","LO","MI","TRIUGGIO-PONTE ALBIATE","108043","Triuggio","MONZA-LECCO","220","30","6","480","40","480","0","0","40","0","0","2023","Feriale","Invernale","9.266989378","45.659034087","POINT (9.266989378 45.659034087)"
"C_nov 2021","117","S01210","LO","VA","CAVARIA-OGGIONA IERAGO","12048","Cavaria con Premezzo","PORTO C.-GALLARATE","170","60","8","620","68","590","0","40","67","0","1","2021","Feriale","Invernale","0.880353632","45.698222542","POINT (8.80353632 45.698222542)"
"C_nov 2020","157","S01433","LO","SO","POGGIRIDENTI-TRESIVIO","14051","Poggiridenti","TIRANO-MILANO So-Tir","0","0","1","10","5","0","10","0","0","4","1","2020","Feriale","Invernale","9.933843175","46.166961926","POINT (9.933843175 46.166961926)"
"C_nov 2015","2.859","S01139","LO","VA","Malpensa Aeroporto T1","12140","Vizzola Ticino","Busto Arsizio - Malpensa","530","880","18","4480","159","0","1120","3370","0","49","110","2015","Fer","Invernale","8.711317166","45.626885232","POINT (8.711317166 45.626885232)"
"C_Novembre2023","116","S01209","LO","VA","ALBIZZATE-SOLBIATE ARNO","12002","Albizzate","PORTO C.-GALLARATE","310","70","8","750","68","710","0","40","67","0","1","2023","Feriale","Invernale","8.806241922","45.724198779","POINT (8.806241922 45.724198779)"
"C_nov 2019","2.819","S01084","LO","MI","Varedo","108045","Varedo","Milano Nord Bovisa - Seve","1030","220","17","2360","135","2360","0","0","135","0","0","2019","Fer","Invernale","9.153183844","45.595435441","POINT (9.153183844 45.595435441)"
"C_nov 2020","326","S01949","EM","PC","SARMATO","33042","Sarmato","ALESS.-PIACENZA","0","0","0","10","11","0","10","0","0","11","0","2020","Feriale","Invernale","0.949110168","4.506299749","POINT (9.49110168 45.06299749)"
"C_nov 2021","2.747","S01764","LO","CO","Como Nord Borghi","13075","Como","Saronno - Como","520","840","9","1980","66","0","1780","210","0","61","5","2021","Feriale","Invernale","0.909095794","45.804910086","POINT (9.09095794 45.804910086)"
"C_nov 2020","78","S01031","LO","VA","BUSTO ARSIZIO","12026","Busto Arsizio","DOMODOSSOLA-MILANO","390","300","25","1680","165","880","350","460","80","33","52","2020","Feriale","Invernale","8.865063882","45.616237821","POINT (8.865063882 45.616237821)"
"C_nov 2016","300","S01910","LO","LO","MALEO","98035","Maleo","CODOGNO-MANTOVA","10","10","3","30","23","0","30","0","0","22","1","2016","Fer","Invernale","9.755227418","45.170199162","POINT (9.755227418 45.170199162)"
"C_nov 2021","2.801","S01135","LO","MI","Rescaldina","15181","Rescaldina","Saronno - Novara","630","150","13","1460","76","0","1460","0","0","76","0","2021","Feriale","Invernale","8.946679489","45.622159013","POINT (8.946679489 45.622159013)"
"C_nov 2015","31","S00248","PI","NO","NOVARA","3106","Novara","TORINO-MILANO","610","1040","11","2670","84","2480","190","0","74","10","0","2015","Fer","Invernale","0.086249717","4.545129662","POINT (8.6249717 45.45129662)"
"C_Luglio2023","305","S01915","LO","CR","CREMONA","19036","Cremona","CODOGNO-MANTOVA","390","310","15","2110","110","0","940","1180","0","88","22","2023","Feriale","estivo","10.017983096","45.143301262","POINT (10.017983096 45.143301262)"
"C_nov 2017","288","S01866","LO","PV","S.CRISTINA E BISSONE","18139","Santa Cristina e Bissone","PAVIA-CASALPUST.","50","10","5","120","28","0","120","0","0","28","0","2017","Fer","Invernale","9.401036576","45.160614144","POINT (9.401036576 45.160614144)"
"C_nov 2017","33","S00271","LO","PV","PALESTRO","18107","Palestro","VERCELLI-PAVIA","50","10","5","90","28","0","90","0","0","28","0","2017","Fer","Invernale","8.534545108","45.307350574","POINT (8.534545108 45.307350574)"
"C_nov 2016","2.783","S01066","LO","MI","Milano Nord Cadorna","15146","Milano","Milano Nord Cadorna - Sar","2520","19940","61","42530","462","13490","20720","8330","153","200","109","2016","Fer","Invernale","9.175179183","45.468514231","POINT (9.175179183 45.468514231)"
"C_nov 2020","33","S00271","LO","PV","PALESTRO","18107","Palestro","VERCELLI-PAVIA","10","10","2","10","15","0","10","0","0","15","0","2020","Feriale","Invernale","8.534545108","45.307350574","POINT (8.534545108 45.307350574)"
"C_nov 2016","80","S01034","LO","MI","CANEGRATE","15046","Canegrate","DOMODOSSOLA-MILANO","890","210","9","1970","75","1870","100","0","74","1","0","2016","Fer","Invernale","8.926634655","45.569313656","POINT (8.926634655 45.569313656)"
"C_nov 2016","2.857","S01647","LO","MI","MILANO P.G. PASS.","15146","Milano","PASSANTE","2900","6670","40","21470","361","21470","0","0","361","0","0","2016","Fer","Invernale","9.185954917","45.484354097","POINT (9.185954917 45.484354097)"
"C_nov 2022","213","S01537","LO","BG","GRUMELLO DEL MONTE","16120","Grumello del Monte","LECCO-BRESCIA","120","60","4","560","34","0","560","0","0","34","0","2022","Feriale","Invernale","0.986279802","45.634179821","POINT (9.86279802 45.634179821)"
"C_nov 2019","205","S01526","LO","BG","PONTIDA","16171","Pontida","LECCO-BRESCIA","110","20","4","310","32","0","310","0","0","32","0","2019","Fer","Invernale","9.511662206","45.730161398","POINT (9.511662206 45.730161398)"
"C_nov 2015","2.728","S01771","LO","BS","Capo di Ponte","17035","Capo di Ponte","Breno - Edolo","20","10","3","60","17","0","40","30","0","4","13","2015","Fer","Invernale","10.346501697","46.030817614","POINT (10.346501697 46.030817614)"
"C_Novembre2023","323","S01945","LO","PV","STRADELLA","18153","Stradella","ALESS.-PIACENZA","90","40","3","480","32","0","480","0","0","32","0","2023","Feriale","Invernale","9.300895387","45.079551322","POINT (9.300895387 45.079551322)"
"C_nov 2017","2.754","S01096","LO","CO","Erba","13095","Erba","Seveso - Asso","340","260","6","1240","50","0","1240","0","0","50","0","2017","Fer","Invernale","9.230305963","45.813198114","POINT (9.230305963 45.813198114)"
"C_nov 2017","2.719","S01788","LO","BS","Borgonato Adro","17062","Corte Franca","Brescia - Iseo","60","10","6","80","42","0","80","0","0","42","0","2017","Fer","Invernale","10.020113024","45.622225521","POINT (10.020113024 45.622225521)"
"C_nov 2016","2.818","S01753","LO","MI","Vanzaghello","15249","Vanzaghello","Saronno - Novara","460","70","6","840","38","0","840","0","0","38","0","2016","Fer","Invernale","8.787492635","4.557757515","POINT (8.787492635 45.57757515)"
"C_nov 2021","5.820","S01492","LO","MI","Milano Forlanini","15146","Milano","PASSANTE","560","710","25","2420","193","2420","0","0","193","0","0","2021","Feriale","Invernale","9.237061003","45.462399481","POINT (9.237061003 45.462399481)"
"C_nov 2022","81","S01035","LO","MI","PARABIAGO","15168","Parabiago","DOMODOSSOLA-MILANO","1210","310","11","2930","69","2550","250","140","66","2","1","2022","Feriale","Invernale","8.946358229","4.555251981","POINT (8.946358229 45.55251981)"
"C_nov 2018","11","S00041","PI","AL","VALENZA","6177","Valenza","CHIVASSO-ALESSANDRIA","130","110","6","450","38","0","450","0","0","38","0","2018","Fer","Invernale","8.625966209","4.502351446","POINT (8.625966209 45.02351446)"
"C_Luglio2023","184","S01487","LO","MI","VILLA RAVERIO","108008","Besana in Brianza","MONZA-LECCO","90","40","6","260","44","250","0","10","41","1","2","2023","Feriale","estivo","0.926158805","45.690495348","POINT (9.26158805 45.690495348)"
"C_nov 2019","232","S01700","LO","MI","MILANO CENTRALE","15146","Milano","MILANO-BOLOGNA","3020","10480","44","32520","273","160","2950","29430","4","43","226","2019","Fer","Invernale","9.204867788","45.486276592","POINT (9.204867788 45.486276592)"
"C_Novembre2023","2.773","S01767","LO","BS","Malonno","17101","Malonno","Breno - Edolo","20","10","1","30","4","0","20","10","0","1","3","2023","Feriale","Invernale","10.316784194","46.118514889","POINT (10.316784194 46.118514889)"
"C_nov 2019","5.835","S01032","LO","MI","Milano Romolo","15146","Milano","MILANO-MORTARA-AL","570","970","8","2850","67","2850","0","0","67","0","0","2019","Fer","Invernale","9.159273436","4.544587573","POINT (9.159273436 45.44587573)"
"C_nov 2021","2.819","S01084","LO","MI","Varedo","108045","Varedo","Milano Nord Bovisa - Seve","650","220","19","1730","122","1730","0","0","122","0","0","2021","Feriale","Invernale","9.153183844","45.595435441","POINT (9.153183844 45.595435441)"
"C_nov 2021","215","S01539","LO","BS","COLOGNE","17059","Cologne","LECCO-BRESCIA","60","20","4","190","31","0","190","0","0","31","0","2021","Feriale","Invernale","9.935343868","45.576709508","POINT (9.935343868 45.576709508)"
"C_nov 2016","2.720","S01789","LO","BS","Bornato Calino","17046","Cazzago San Martino","Brescia - Iseo","200","30","11","290","56","0","270","20","0","53","3","2016","Fer","Invernale","10.033113278","45.590424717","POINT (10.033113278 45.590424717)"
"C_nov 2017","244","S01713","LO","BS","CHIARI","17052","Chiari","MILANO-VENEZIA","670","120","9","1830","63","0","1010","830","0","32","31","2017","Fer","Invernale","9.926507709","45.540192478","POINT (9.926507709 45.540192478)"
"C_nov 2015","85","S01041","LO","MI","CORBETTA-S.STEFANO TIC.","15200","Santo Stefano Ticino","TORINO-MILANO","550","170","8","1500","74","1500","0","0","74","0","0","2015","Fer","Invernale","8.917496093","45.480908343","POINT (8.917496093 45.480908343)"
"C_nov 2017","190","S01501","LO","MI","LESMO","108026","Lesmo","SEREGNO-BERGAMO","20","10","4","50","28","0","50","0","0","28","0","2017","Fer","Invernale","9.309350305","45.644827436","POINT (9.309350305 45.644827436)"
"C_nov 2021","81","S01035","LO","MI","PARABIAGO","15168","Parabiago","DOMODOSSOLA-MILANO","740","250","11","2130","69","1930","120","100","66","2","1","2021","Feriale","Invernale","8.946358229","4.555251981","POINT (8.946358229 45.55251981)"
"C_nov 2015","137","S01406","LO","LC","PIONA","97023","Colico","TIRANO-MILANO Lc-So","10","10","4","40","28","0","40","0","0","27","1","2015","Fer","Invernale","0.935079332","46.124769888","POINT (9.35079332 46.124769888)"
"C_nov 2019","2.773","S01767","LO","BS","Malonno","17101","Malonno","Breno - Edolo","40","10","3","70","17","0","50","30","0","4","13","2019","Fer","Invernale","10.316784194","46.118514889","POINT (10.316784194 46.118514889)"
"C_nov 2020","131","S01400","LO","SO","CHIAVENNA","14018","Chiavenna","CHIAVENNA-COLICO","30","60","5","190","31","0","190","0","0","31","0","2020","Feriale","Invernale","0.940716091","46.321335044","POINT (9.40716091 46.321335044)"
"C_nov 2015","2.847","S01110","LO","VA","Pino-Tronzano","12112","Pino sulla Sponda del Lago Maggiore","LUINO-BELLINZONA","10","10","1","10","10","0","10","0","0","10","0","2015","Fer","Invernale","8.736994321","4.609865039","POINT (8.736994321 46.09865039)"
"C_nov 2019","75","S01028","LO","VA","SOMMA LOMBARDO","12123","Somma Lombardo","DOMODOSSOLA-MILANO","290","90","5","770","33","0","770","0","0","33","0","2019","Fer","Invernale","8.713033505","45.686501084","POINT (8.713033505 45.686501084)"
"C_Luglio2023","2.854","S00023","PI","NO","Novara FN","3106","Novara","Saronno - Novara","100","170","6","670","34","0","670","0","0","34","0","2023","Feriale","estivo","8.627061488","45.452334846","POINT (8.627061488 45.452334846)"
"C_nov 2020","155","S01429","LO","SO","CASTIONE ANDEVENNO","14015","Castione Andevenno","TIRANO-MILANO Lc-So","0","0","1","0","1","0","0","0","0","1","0","2020","Feriale","Invernale","9.806179088","46.161737068","POINT (9.806179088 46.161737068)"
"C_Luglio2023","320","S01942","LO","PV","CASTEGGIO","18037","Casteggio","ALESS.-PIACENZA","0","0","0","30","6","0","30","0","0","6","0","2023","Feriale","estivo","9.124623708","4.501745237","POINT (9.124623708 45.01745237)"
"C_nov 2022","235","S01704","LO","MI","VIGNATE","15237","Vignate","MILANO-VENEZIA","540","250","16","1420","94","1410","10","10","92","1","1","2022","Feriale","Invernale","0.937411303","45.494025151","POINT (9.37411303 45.494025151)"
"C_nov 2021","126","S01320","LO","MI","DESIO","108023","Desio","CHIASSO-MILANO","860","460","18","2750","132","2680","0","80","131","0","1","2021","Feriale","Invernale","9.218522811","45.620194911","POINT (9.218522811 45.620194911)"
"C_nov 2018","121","S01312","LO","CO","CUCCIAGO","13084","Cucciago","CHIASSO-MILANO","100","40","8","260","72","260","0","0","72","0","0","2018","Fer","Invernale","9.082243395","45.740890259","POINT (9.082243395 45.740890259)"
"C_nov 2021","44","S00402","LO","PV","PIEVE ALBIGNOLA","18112","Pieve Albignola","CAVA C.-TORREBER","20","10","4","80","24","0","80","0","0","24","0","2021","Feriale","Invernale","8.959758126","45.116329989","POINT (8.959758126 45.116329989)"
"C_nov 2021","2.716","S01071","LO","MI","Bollate Centro","15027","Bollate","Milano Nord Cadorna - Sar","750","260","14","2730","114","2730","0","0","114","0","0","2021","Feriale","Invernale","9.123062868","45.542718874","POINT (9.123062868 45.542718874)"
"C_Luglio2023","143","S01413","LO","LC","LIERNA","97043","Lierna","TIRANO-MILANO Lc-So","80","20","4","630","44","0","270","360","0","27","17","2023","Feriale","estivo","9.303109353","45.961043911","POINT (9.303109353 45.961043911)"
"C_nov 2021","145","S01415","LO","LC","MANDELLO DEL LARIO","97046","Mandello del Lario","TIRANO-MILANO Lc-So","300","60","7","720","52","0","340","390","0","23","29","2021","Feriale","Invernale","9.322094648","45.915283559","POINT (9.322094648 45.915283559)"
"C_nov 2019","2.733","S01752","LO","MI","Castano Primo","15062","Castano Primo","Saronno - Novara","400","80","6","900","38","0","900","0","0","38","0","2019","Fer","Invernale","8.772746679","45.556048921","POINT (8.772746679 45.556048921)"
"C_nov 2022","35","S00273","LO","PV","NICORVO","18103","Nicorvo","VERCELLI-PAVIA","10","0","2","10","22","0","10","0","0","22","0","2022","Feriale","Invernale","8.671238408","45.275537833","POINT (8.671238408 45.275537833)"
"C_Luglio2023","258","S01821","LO","MI","S.GIULIANO MILANESE","15195","San Giuliano Milanese","MILANO-BOLOGNA","380","160","8","1300","70","1300","0","0","70","0","0","2023","Feriale","estivo","9.286452197","45.391305373","POINT (9.286452197 45.391305373)"
"C_Novembre2023","2.765","S01093","LO","CO","Inverigo","13118","Inverigo","Seveso - Asso","210","40","6","430","51","0","430","0","0","51","0","2023","Feriale","Invernale","9.224441129","45.740269966","POINT (9.224441129 45.740269966)"
"C_nov 2018","151","S01425","LO","SO","MORBEGNO","14045","Morbegno","TIRANO-MILANO Lc-So","550","250","8","1480","54","0","630","860","0","27","27","2018","Fer","Invernale","9.568674621","46.136732198","POINT (9.568674621 46.136732198)"
"C_nov 2017","303","S01913","LO","CR","ACQUANEGRA CREMONESE","19001","Acquanegra Cremonese","CODOGNO-MANTOVA","10","10","4","20","22","0","20","0","0","22","0","2017","Fer","Invernale","9.888484165","45.172179192","POINT (9.888484165 45.172179192)"
"C_nov 2021","2.773","S01767","LO","BS","Malonno","17101","Malonno","Breno - Edolo","40","10","3","60","17","0","40","20","0","4","13","2021","Feriale","Invernale","10.316784194","46.118514889","POINT (10.316784194 46.118514889)"
"C_nov 2016","162","S01438","LO","SO","BIANZONE","14008","Bianzone","TIRANO-MILANO So-Tir","10","0","1","10","8","0","10","0","0","8","0","2016","Fer","Invernale","1.011252885","46.179456527","POINT (10.11252885 46.179456527)"
"C_nov 2021","173","S01460","LO","LC","OGGIONO","97057","Oggiono","MONZA-LECCO","160","360","8","660","41","560","110","0","36","5","0","2021","Feriale","Invernale","9.337510786","45.789065364","POINT (9.337510786 45.789065364)"
"C_nov 2015","2.717","S01072","LO","MI","Bollate Nord","15027","Bollate","Milano Nord Cadorna - Sar","540","150","17","1320","140","1320","0","0","140","0","0","2015","Fer","Invernale","9.112398385","45.552681567","POINT (9.112398385 45.552681567)"
"C_nov 2017","241","S01710","LO","BG","MORENGO-BARIANO","16020","Bariano","MILANO-VENEZIA","100","20","5","230","32","0","230","0","0","31","1","2017","Fer","Invernale","9.703143454","45.521713564","POINT (9.703143454 45.521713564)"
"C_nov 2021","185","S01488","LO","MI","BESANA","108008","Besana in Brianza","MONZA-LECCO","160","70","6","480","40","480","0","0","40","0","0","2021","Feriale","Invernale","0.928291338","45.702901578","POINT (9.28291338 45.702901578)"
"C_nov 2022","153","S01427","LO","SO","ARDENNO-MASINO","14005","Ardenno","TIRANO-MILANO Lc-So","70","10","4","100","20","0","100","0","0","20","0","2022","Feriale","Invernale","9.651405996","46.162053348","POINT (9.651405996 46.162053348)"
"C_nov 2020","2.813","S01785","LO","BS","Sulzano","17182","Sulzano","Iseo - Pisogne","20","10","4","40","32","0","20","20","0","19","13","2020","Feriale","Invernale","10.100657593","45.689468948","POINT (10.100657593 45.689468948)"
"C_nov 2021","45","S00403","LO","PV","SANNAZZARO","18138","Sannazzaro de' Burgondi","CAVA C.-TORREBER","50","40","4","330","24","0","330","0","0","24","0","2021","Feriale","Invernale","8.905182695","45.105626227","POINT (8.905182695 45.105626227)"
"C_nov 2016","268","S01840","LO","BS","MONTIRONE","17114","Montirone","BRESCIA-PARMA","30","10","4","80","24","0","80","0","0","24","0","2016","Fer","Invernale","10.239507594","45.451430581","POINT (10.239507594 45.451430581)"
"C_nov 2021","274","S01846","LO","BS","REMEDELLO SOTTO","17160","Remedello","BRESCIA-PARMA","20","10","4","50","25","0","50","0","0","25","0","2021","Feriale","Invernale","1.038843093","45.257552358","POINT (10.38843093 45.257552358)"
"C_nov 2016","2.717","S01072","LO","MI","Bollate Nord","15027","Bollate","Milano Nord Cadorna - Sar","750","180","18","1620","141","1620","0","0","141","0","0","2016","Fer","Invernale","9.112398385","45.552681567","POINT (9.112398385 45.552681567)"
"C_nov 2019","135","S01404","LO","SO","VERCEIA","14075","Verceia","CHIAVENNA-COLICO","40","10","3","110","30","0","110","0","0","30","0","2019","Fer","Invernale","9.458448611","46.202905061","POINT (9.458448611 46.202905061)"
"C_nov 2015","298","S01904","LO","CR","ROBECCO-PONTEVICO","19085","Robecco d'Oglio","BRESCIA-CREMONA","40","10","3","80","31","0","80","0","0","31","0","2015","Fer","Invernale","10.078618004","45.266299802","POINT (10.078618004 45.266299802)"
"C_nov 2020","11","S00041","PI","AL","VALENZA","6177","Valenza","CHIVASSO-ALESSANDRIA","40","20","6","90","31","0","90","0","0","31","0","2020","Feriale","Invernale","8.625966209","4.502351446","POINT (8.625966209 45.02351446)"
"C_nov 2019","2.789","S01082","LO","MI","Paderno Dugnano","15166","Paderno Dugnano","Milano Nord Bovisa - Seve","1200","450","17","3000","135","3000","0","0","135","0","0","2019","Fer","Invernale","9.161231422","45.564852006","POINT (9.161231422 45.564852006)"
"C_nov 2016","315","S01930","LO","PV","BRESSANA ARGINE","18023","Bressana Bottarone","PAVIA-STRADELLA","100","20","5","190","28","0","190","0","0","28","0","2016","Fer","Invernale","9.137068363","45.072826093","POINT (9.137068363 45.072826093)"
"C_nov 2019","316","S01931","LO","PV","PINAROLO PO","18115","Pinarolo Po","PAVIA-STRADELLA","60","10","5","130","27","0","130","0","0","27","0","2019","Fer","Invernale","9.170304953","45.073501505","POINT (9.170304953 45.073501505)"
"C_nov 2020","2.792","S01776","LO","BS","Pian di Borno","17206","Piancogno","Pisogne - Breno","10","10","2","10","11","0","10","0","0","11","0","2020","Feriale","Invernale","10.221581526","45.915836231","POINT (10.221581526 45.915836231)"
"C_nov 2020","297","S01903","LO","BS","VEROLANUOVA","17195","Verolanuova","BRESCIA-CREMONA","20","20","3","70","28","0","70","0","0","28","0","2020","Feriale","Invernale","10.083906145","45.325064899","POINT (10.083906145 45.325064899)"
"C_nov 2022","299","S01905","LO","CR","OLMENETA","19063","Olmeneta","BRESCIA-CREMONA","70","20","8","150","65","0","150","0","0","65","0","2022","Feriale","Invernale","10.031972373","45.231184025","POINT (10.031972373 45.231184025)"
"C_nov 2015","11","S00041","PI","AL","VALENZA","6177","Valenza","CHIVASSO-ALESSANDRIA","140","70","6","340","39","0","340","0","0","39","0","2015","Fer","Invernale","8.625966209","4.502351446","POINT (8.625966209 45.02351446)"
"C_nov 2017","2.858","S01643","LO","MI","MILANO LANCETTI","15146","Milano","PASSANTE","860","1690","40","5050","359","5050","0","0","359","0","0","2017","Fer","Invernale","9.177354467","45.493471578","POINT (9.177354467 45.493471578)"
"C_nov 2018","2.772","S01737","LO","VA","Malnate","12096","Malnate","Saronno - Varese Nord","880","210","12","2010","79","0","1210","810","0","57","22","2018","Fer","Invernale","8.878340888","45.795307714","POINT (8.878340888 45.795307714)"
"C_nov 2018","2.749","S01765","LO","CO","Como Nord Lago","13075","Como","Saronno - Como","420","600","10","2180","70","0","1880","300","0","60","10","2018","Fer","Invernale","9.084320036","45.813688508","POINT (9.084320036 45.813688508)"
"C_Luglio2023","2.853","S01748","PI","NO","Galliate","3068","Galliate","Saronno - Novara","130","60","6","380","34","0","380","0","0","34","0","2023","Feriale","estivo","8.691135844","45.481138261","POINT (8.691135844 45.481138261)"
"C_nov 2016","2.736","S01790","LO","BS","Cazzago S.Martino","17046","Cazzago San Martino","Bornato - Rovato","10","10","4","10","16","0","10","0","0","16","0","2016","Fer","Invernale","10.027624252","45.576339503","POINT (10.027624252 45.576339503)"
"C_nov 2015","2.800","S01069","LO","MI","Milano Quarto Oggiaro","15146","Milano","Milano Nord Cadorna - Sar","730","440","17","2990","144","2990","0","0","144","0","0","2015","Fer","Invernale","9.145253109","45.519239088","POINT (9.145253109 45.519239088)"
"C_nov 2016","202","S01523","LO","LC","VERCURAGO-S.GIROLAMO","97086","Vercurago","TIRANO-MILANO Mz-Lc","20","10","4","30","14","0","30","0","1","13","0","2016","Fer","Invernale","9.422384671","4.581219368","POINT (9.422384671 45.81219368)"
"C_nov 2021","326","S01949","EM","PC","SARMATO","33042","Sarmato","ALESS.-PIACENZA","0","0","0","10","11","0","10","0","0","11","0","2021","Feriale","Invernale","0.949110168","4.506299749","POINT (9.49110168 45.06299749)"
"C_nov 2015","297","S01903","LO","BS","VEROLANUOVA","17195","Verolanuova","BRESCIA-CREMONA","190","50","4","350","33","0","350","0","0","33","0","2015","Fer","Invernale","10.083906145","45.325064899","POINT (10.083906145 45.325064899)"
"C_nov 2021","143","S01413","LO","LC","LIERNA","97043","Lierna","TIRANO-MILANO Lc-So","70","20","2","170","25","0","140","30","0","23","2","2021","Feriale","Invernale","9.303109353","45.961043911","POINT (9.303109353 45.961043911)"
"C_nov 2015","110","S01202","LO","VA","BISUSCHIO-VIGGIU'","12015","Bisuschio","PORTO C.-GALLARATE","10","10","4","30","19","0","30","0","0","19","0","2015","FER","Invernale","8.887580152","45.870733966","POINT (8.887580152 45.870733966)"
"C_nov 2017","240","S01709","LO","BG","VIDALENGO","16053","Caravaggio","MILANO-VENEZIA","50","10","5","130","32","0","130","0","0","31","1","2017","Fer","Invernale","0.963970536","45.517936977","POINT (9.63970536 45.517936977)"
"C_nov 2020","2.791","S01793","LO","BS","Passirano","17136","Passirano","Brescia - Iseo","20","10","6","40","36","0","40","0","0","36","0","2020","Feriale","Invernale","1.006368133","45.590113375","POINT (10.06368133 45.590113375)"
"C_nov 2017","223","S01606","LO","CR","CASTELLEONE","19025","Castelleone","BERGAMO-CREMONA","130","30","5","310","36","0","310","0","0","36","0","2017","Fer","Invernale","9.767822253","45.301905969","POINT (9.767822253 45.301905969)"
"C_nov 2018","82","S01036","LO","MI","VANZAGO POGLIANO","15229","Vanzago","DOMODOSSOLA-MILANO","710","200","10","1820","76","1670","70","90","74","1","1","2018","Fer","Invernale","8.995565824","4.552529528","POINT (8.995565824 45.52529528)"
"C_nov 2016","2.714","S01929","LO","MI","Seveso Baruccana","108040","Seveso","Saronno - Seregno","180","50","8","490","68","490","0","0","68","0","0","2016","Fer","Invernale","9.162510091","4.563793739","POINT (9.162510091 45.63793739)"
"C_nov 2017","2.720","S01789","LO","BS","Bornato Calino","17046","Cazzago San Martino","Brescia - Iseo","190","40","11","290","56","0","270","30","0","53","3","2017","Fer","Invernale","10.033113278","45.590424717","POINT (10.033113278 45.590424717)"
"C_nov 2020","257","S01820","LO","MI","MILANO ROGOREDO","15146","Milano","MILANO-BOLOGNA","840","1490","44","4450","260","2280","1150","1030","141","67","52","2020","Feriale","Invernale","9.238727378","4.543484983","POINT (9.238727378 45.43484983)"
"C_nov 2018","2.979","S01530","LO","BG","Bergamo Ospedale","16024","Bergamo","LECCO-BRESCIA","20","30","2","140","32","0","140","0","0","32","0","2018","Fer","Invernale","9.638900819","45.688275861","POINT (9.638900819 45.688275861)"
"C_nov 2020","5.842","S01039","LO","MI","RHO FIERA MILANO","15182","Rho","TORINO-MILANO","430","610","36","2320","231","1670","200","460","141","37","53","2020","Feriale","Invernale","9.088380294","4.552123731","POINT (9.088380294 45.52123731)"
"C_nov 2019","170","S01456","LO","CO","MOIANA","13147","Merone","ALBATE-MOLTENO","30","10","4","60","22","0","60","0","0","22","0","2019","Fer","Invernale","9.255642213","45.787158223","POINT (9.255642213 45.787158223)"
"C_nov 2022","46","S00404","LO","PV","FERRERA LOMELLINA","18062","Ferrera Erbognone","CAVA C.-TORREBER","10","10","4","60","24","0","60","0","0","24","0","2022","Feriale","Invernale","8.862842274","45.111893407","POINT (8.862842274 45.111893407)"
"C_nov 2016","5.839","S01058","LO","MI","PREGNANA MIL.","15179","Pregnana Milanese","TORINO-MILANO","310","90","8","740","73","740","0","0","73","0","0","2016","Fer","Invernale","8.983574748","45.503547665","POINT (8.983574748 45.503547665)"
"C_nov 2019","138","S01407","LO","LC","DORIO","97032","Dorio","TIRANO-MILANO Lc-So","10","10","3","50","26","0","50","10","0","25","1","2019","Fer","Invernale","9.319096567","46.102830519","POINT (9.319096567 46.102830519)"
"C_Novembre2023","306","S01916","LO","CR","VILLETTA MALAGNINO","19056","Malagnino","CODOGNO-MANTOVA","30","10","1","40","9","0","30","10","0","7","2","2023","Feriale","Invernale","10.111974549","45.137104731","POINT (10.111974549 45.137104731)"
"C_nov 2015","293","S01871","LO","LO","OSPEDALETTO LODIGIANO","98043","Ospedaletto Lodigiano","PAVIA-CASALPUST.","30","10","3","80","30","0","80","0","0","30","0","2015","FER","Invernale","9.575189061","45.169411515","POINT (9.575189061 45.169411515)"
"C_nov 2019","196","S01512","LO","LC","OSNAGO","97061","Osnago","TIRANO-MILANO Mz-Lc","450","80","8","970","67","970","0","0","67","0","0","2019","Fer","Invernale","9.387021835","45.678609287","POINT (9.387021835 45.678609287)"
"C_nov 2020","71","S01020","PI","NO","ARONA","3008","Arona","DOMODOSSOLA-MILANO","120","160","9","450","51","0","300","150","0","33","18","2020","Feriale","Invernale","8.559107617","4.575531295","POINT (8.559107617 45.75531295)"
"C_nov 2018","4","S00032","PI","NO","BORGO LAVEZZARO","3023","Borgolavezzaro","NOVARA-MORTARA","80","10","3","90","10","0","90","0","0","10","0","2018","Fer","Invernale","8.703316141","0.453188806","POINT (8.703316141 45.3188806)"
"C_Luglio2023","2.716","S01071","LO","MI","Bollate Centro","15027","Bollate","Milano Nord Cadorna - Sar","660","260","16","1710","133","1710","0","0","133","0","0","2023","Feriale","estivo","9.123062868","45.542718874","POINT (9.123062868 45.542718874)"
"C_nov 2022","267","S01830","LO","MI","BORGOLOMBARDO","15192","San Donato Milanese","MILANO-BOLOGNA","350","130","8","1010","69","1010","0","0","69","0","0","2022","Feriale","Invernale","9.271012475","4.540385926","POINT (9.271012475 45.40385926)"
"C_nov 2018","84","S01040","LO","MI","MAGENTA","15130","Magenta","TORINO-MILANO","1080","340","8","2850","74","2850","0","0","74","0","0","2018","Fer","Invernale","8.880674725","45.468283265","POINT (8.880674725 45.468283265)"
"C_nov 2022","85","S01041","LO","MI","CORBETTA-S.STEFANO TIC.","15200","Santo Stefano Ticino","TORINO-MILANO","540","160","8","1500","69","1500","0","0","69","0","0","2022","Feriale","Invernale","8.917496093","45.480908343","POINT (8.917496093 45.480908343)"
"C_nov 2021","2.799","S01787","LO","BS","Provaglio-Timoline","17156","Provaglio d'Iseo","Brescia - Iseo","30","20","6","100","38","0","100","0","0","38","0","2021","Feriale","Invernale","10.035246585","45.635075228","POINT (10.035246585 45.635075228)"
"C_nov 2018","2.763","S01762","LO","CO","Grandate-Breccia","13110","Grandate","Saronno - Como","590","290","11","1460","70","0","1150","310","0","60","10","2018","Fer","Invernale","0.009055656","45.781300073","POINT (9.055656 45.781300073)"
"C_nov 2016","7","S00036","LO","PV","OLEVANO","18104","Olevano di Lomellina","MILANO-MORTARA-AL","30","10","2","50","10","0","50","0","0","10","0","2016","Fer","Invernale","0.871185336","4.521219615","POINT (8.71185336 45.21219615)"
"C_nov 2017","127","S01321","LO","MI","LISSONE-MUGGIO'","108028","Lissone","CHIASSO-MILANO","1270","520","17","3910","141","3900","0","20","140","0","1","2017","Fer","Invernale","9.235404174","45.605998474","POINT (9.235404174 45.605998474)"
"C_nov 2018","2.800","S01069","LO","MI","Milano Quarto Oggiaro","15146","Milano","Milano Nord Cadorna - Sar","910","500","18","3190","140","3190","0","0","140","0","0","2018","Fer","Invernale","9.145253109","45.519239088","POINT (9.145253109 45.519239088)"
"C_nov 2016","2.775","S01089","LO","CO","Mariano Comense","13143","Mariano Comense","Seveso - Asso","720","290","10","1880","55","90","1790","0","4","51","0","2016","Fer","Invernale","0.918152941","45.693595207","POINT (9.18152941 45.693595207)"
"C_nov 2016","219","S01602","LO","BG","CARAVAGGIO","16053","Caravaggio","BERGAMO-CREMONA","190","30","5","380","35","0","380","0","0","35","0","2016","Fer","Invernale","9.637752922","45.491237226","POINT (9.637752922 45.491237226)"
"C_nov 2016","108","S01145","LO","VA","BESNATE","12012","Besnate","LUINO-GALLARATE","90","20","5","140","30","0","140","0","0","30","0","2016","Fer","Invernale","8.761109294","45.695486482","POINT (8.761109294 45.695486482)"
"C_nov 2018","88","S01061","LO","PV","VIGEVANO","18177","Vigevano","MILANO-MORTARA-AL","1600","410","8","4180","46","0","4180","0","0","46","0","2018","Fer","Invernale","8.862008085","45.312797339","POINT (8.862008085 45.312797339)"
"C_nov 2016","225","S01609","LO","CR","CASALBUTTANO","19016","Casalbuttano ed Uniti","BERGAMO-CREMONA","60","20","4","220","36","0","220","0","0","36","0","2016","Fer","Invernale","9.962387322","45.255479026","POINT (9.962387322 45.255479026)"
"C_nov 2017","2.817","S01751","LO","MI","Turbigo","15226","Turbigo","Saronno - Novara","350","50","6","720","38","0","720","0","0","38","0","2017","Fer","Invernale","8.738913891","45.528044364","POINT (8.738913891 45.528044364)"
"C_nov 2020","296","S01902","LO","BS","MANERBIO","17103","Manerbio","BRESCIA-CREMONA","30","20","3","120","28","0","120","0","0","28","0","2020","Feriale","Invernale","10.132373607","45.357291955","POINT (10.132373607 45.357291955)"
"C_Luglio2023","2.788","S01794","LO","BS","Paderno (Franciacorta)","17130","Paderno Franciacorta","Brescia - Iseo","120","40","7","1250","36","0","1250","0","0","36","0","2023","Feriale","estivo","10.087064635","45.586766511","POINT (10.087064635 45.586766511)"
"C_nov 2016","157","S01433","LO","SO","POGGIRIDENTI-TRESIVIO","14051","Poggiridenti","TIRANO-MILANO So-Tir","0","0","1","10","8","0","10","0","0","8","0","2016","Fer","Invernale","9.933843175","46.166961926","POINT (9.933843175 46.166961926)"
"C_Luglio2023","221","S01604","LO","CR","CASALETTO VAPRIO","19020","Casaletto Vaprio","BERGAMO-CREMONA","30","20","4","160","35","0","160","0","0","35","0","2023","Feriale","estivo","9.631769572","45.408725407","POINT (9.631769572 45.408725407)"
"C_Novembre2023","254","S01807","LO","PV","VOGHERA","18182","Voghera","MILANO-GENOVA","570","130","4","1860","34","0","60","1810","0","6","28","2023","Feriale","Invernale","9.007971677","44.997878065","POINT (9.007971677 44.997878065)"
"C_nov 2019","80","S01034","LO","MI","CANEGRATE","15046","Canegrate","DOMODOSSOLA-MILANO","760","160","9","2000","75","1850","160","0","74","1","0","2019","Fer","Invernale","8.926634655","45.569313656","POINT (8.926634655 45.569313656)"
"C_nov 2015","266","S01829","LO","LO","S.STEFANO LODIGIANO","98051","Santo Stefano Lodigiano","MILANO-BOLOGNA","40","10","4","100","36","0","100","0","0","36","0","2015","Fer","Invernale","9.723640779","45.122172959","POINT (9.723640779 45.122172959)"
"C_Novembre2023","4","S00032","PI","NO","BORGO LAVEZZARO","3023","Borgolavezzaro","NOVARA-MORTARA","70","10","3","90","10","0","90","0","0","10","0","2023","Feriale","Invernale","8.703316141","0.453188806","POINT (8.703316141 45.3188806)"
"C_nov 2020","278","S01850","LO","CR","CASALMAGGIORE","19021","Casalmaggiore","BRESCIA-PARMA","30","20","4","110","30","0","110","0","0","30","0","2020","Feriale","Invernale","10.425041217","44.993222003","POINT (10.425041217 44.993222003)"
"C_nov 2018","2.801","S01135","LO","MI","Rescaldina","15181","Rescaldina","Saronno - Novara","990","120","10","1810","73","0","1810","0","0","73","0","2018","Fer","Invernale","8.946679489","45.622159013","POINT (8.946679489 45.622159013)"
"C_nov 2018","169","S01454","LO","CO","MERONE","13147","Merone","ALBATE-MOLTENO","230","60","9","640","73","0","640","0","0","73","0","2018","Fer","Invernale","9.243809899","4.578144619","POINT (9.243809899 45.78144619)"
"C_nov 2022","237","S01706","LO","MI","TRECELLA","15178","Pozzuolo Martesana","MILANO-VENEZIA","200","90","16","580","94","570","10","0","92","1","1","2022","Feriale","Invernale","0.948762259","45.514065408","POINT (9.48762259 45.514065408)"
"C_nov 2018","204","S01525","LO","BG","CISANO-CAPRINO BERGAM.","16074","Cisano Bergamasco","LECCO-BRESCIA","280","50","4","620","32","0","620","0","0","32","0","2018","Fer","Invernale","9.474295043","45.739683366","POINT (9.474295043 45.739683366)"
"C_nov 2018","2.811","S01925","LO","MI","Seveso","108040","Seveso","Milano Nord Bovisa - Seve","1650","550","24","3860","185","2150","1720","0","134","51","0","2018","Fer","Invernale","0.914058178","45.647945743","POINT (9.14058178 45.647945743)"
"C_nov 2018","130","S01326","LO","MI","MILANO GRECO PIRELLI","15146","Milano","CHIASSO-MILANO","1540","5890","54","16230","384","11360","4870","0","247","137","0","2018","Fer","Invernale","9.214496679","45.512803065","POINT (9.214496679 45.512803065)"
"C_nov 2015","176","S01463","LO","LC","VALMADRERA","97083","Valmadrera","MONZA-LECCO","90","70","8","290","41","280","20","0","36","5","0","2015","Fer","Invernale","9.368215149","45.846520175","POINT (9.368215149 45.846520175)"
"C_nov 2020","2.746","S01775","LO","BS","Cogno-Esine","17206","Piancogno","Pisogne - Breno","10","10","2","10","11","0","10","0","0","11","0","2020","Feriale","Invernale","10.241034794","45.929174261","POINT (10.241034794 45.929174261)"
"C_nov 2021","178","S01481","LO","MI","VILLASANTA","108049","Villasanta","MONZA-LECCO","220","70","6","500","40","500","0","0","40","0","0","2021","Feriale","Invernale","9.305121962","45.603443796","POINT (9.305121962 45.603443796)"
"C_Luglio2023","268","S01840","LO","BS","MONTIRONE","17114","Montirone","BRESCIA-PARMA","40","30","4","130","25","0","130","0","0","25","0","2023","Feriale","estivo","10.239507594","45.451430581","POINT (10.239507594 45.451430581)"
"C_nov 2018","238","S01707","LO","MI","CASSANO D'ADDA","15059","Cassano d'Adda","MILANO-VENEZIA","530","180","16","1120","99","1110","20","0","96","2","1","2018","Fer","Invernale","9.512780391","0.455144503","POINT (9.512780391 45.5144503)"
"C_nov 2018","2.860","S01138","LO","VA","Ferno-Lonate P.","12068","Ferno","Busto Arsizio - Malpensa","220","110","6","720","53","80","650","0","18","35","0","2018","Fer","Invernale","8.754982528","45.608628952","POINT (8.754982528 45.608628952)"
"C_nov 2017","294","S01900","LO","BS","S.ZENO FOLZANO","17173","San Zeno Naviglio","BRESCIA-CREMONA","20","20","8","70","55","0","70","0","0","55","0","2017","Fer","Invernale","10.211709572","45.491635451","POINT (10.211709572 45.491635451)"
"C_nov 2020","2.742","S01725","LO","VA","Cislago","12050","Cislago","Saronno - Varese Nord","120","40","8","340","54","0","340","0","0","54","0","2020","Feriale","Invernale","8.977690608","4.566104502","POINT (8.977690608 45.66104502)"
"C_nov 2022","291","S01869","LO","PV","LAMBRINIA","18048","Chignolo Po","PAVIA-CASALPUST.","30","10","4","70","22","0","70","0","0","22","0","2022","Feriale","Invernale","9.527461442","45.164457002","POINT (9.527461442 45.164457002)"
"C_nov 2022","2.816","S01728","LO","VA","Tradate Abbiate Guazzone","12127","Tradate","Saronno - Varese Nord","150","80","8","400","59","0","400","0","0","59","0","2022","Feriale","Invernale","8.918610359","45.701903031","POINT (8.918610359 45.701903031)"
"C_nov 2019","222","S01605","LO","CR","CREMA","19035","Crema","BERGAMO-CREMONA","260","260","5","1040","36","0","1040","0","0","36","0","2019","Fer","Invernale","9.694241457","45.366939013","POINT (9.694241457 45.366939013)"
"C_Novembre2023","2.779","S01078","LO","MI","Milano Affori","15146","Milano","Milano Nord Bovisa - Seve","1040","3250","22","7090","185","4850","2240","0","133","52","0","2023","Feriale","Invernale","9.167411293","45.521142914","POINT (9.167411293 45.521142914)"
"C_nov 2019","47","S00405","LO","PV","LOMELLO","18083","Lomello","CAVA C.-TORREBER","30","10","3","110","22","0","110","0","0","22","0","2019","Fer","Invernale","8.799151452","45.117357692","POINT (8.799151452 45.117357692)"
"C_nov 2022","154","S01428","LO","SO","S.PIETRO BERBENNO","14007","Berbenno di Valtellina","TIRANO-MILANO Lc-So","90","10","4","130","20","0","130","0","0","20","0","2022","Feriale","Invernale","9.740521601","46.161425271","POINT (9.740521601 46.161425271)"
"C_nov 2018","2.806","S01933","LO","VA","Saronno","12119","Saronno","Milano Nord Cadorna - Sar","5080","3730","68","16590","535","3150","9060","4390","203","191","141","2018","Fer","Invernale","9.030524424","0.456251346","POINT (9.030524424 45.6251346)"
"C_nov 2020","2.740","S01075","LO","MI","Cesate","15076","Cesate","Milano Nord Cadorna - Sar","220","70","12","530","78","530","0","0","78","0","0","2020","Feriale","Invernale","9.066684079","45.590910137","POINT (9.066684079 45.590910137)"
"C_nov 2020","2.863","S01633","LO","MI","MILANO P.VITTORIA PASS.","15146","Milano","PASSANTE","420","570","38","2240","270","2240","0","0","270","0","0","2020","Feriale","Invernale","9.225193061","45.459475193","POINT (9.225193061 45.459475193)"
"C_nov 2015","251","S01804","LO","PV","S.MARTINO-CAVA","18041","Cava Manara","MILANO-GENOVA","120","20","8","280","50","0","260","30","0","43","7","2015","FER","Invernale","9.115360868","4.514494907","POINT (9.115360868 45.14494907)"
"C_nov 2017","201","S01522","LO","LC","LECCO MAGGIANICO","97042","Lecco","TIRANO-MILANO Mz-Lc","110","80","8","490","68","490","0","0","68","0","0","2017","Fer","Invernale","0.000941172","45.831255298","POINT (9.41172 45.831255298)"
"C_nov 2015","285","S01863","LO","PV","ALBUZZANO","18004","Albuzzano","PAVIA-CASALPUST.","10","0","5","10","29","0","10","0","0","29","0","2015","FER","Invernale","9.261661322","4.517259006","POINT (9.261661322 45.17259006)"
"C_Luglio2023","283","S01861","LO","PV","PAVIA PORTA GARIBALDI","18110","Pavia","PAVIA-CASALPUST.","20","40","4","120","22","0","120","0","0","22","0","2023","Feriale","estivo","9.167359084","45.184073158","POINT (9.167359084 45.184073158)"
"C_nov 2021","2.857","S01647","LO","MI","MILANO P.G. PASS.","15146","Milano","PASSANTE","1990","4010","39","17300","310","17300","0","0","310","0","0","2021","Feriale","Invernale","9.185954917","45.484354097","POINT (9.185954917 45.484354097)"
"C_nov 2018","177","S01480","LO","MI","MONZA SOBBORGHI","108033","Monza","MONZA-LECCO","240","90","6","520","40","520","0","0","40","0","0","2018","Fer","Invernale","9.284488422","45.582043348","POINT (9.284488422 45.582043348)"
"C_nov 2021","2.794","S01786","LO","BS","Pilzone","17085","Iseo","Iseo - Pisogne","20","10","4","30","20","0","30","0","0","20","0","2021","Feriale","Invernale","10.079163075","45.674416503","POINT (10.079163075 45.674416503)"
"C_Novembre2023","209","S01533","LO","BG","SERIATE","16198","Seriate","LECCO-BRESCIA","170","70","5","590","38","0","590","0","0","38","0","2023","Feriale","Invernale","9.724660449","45.683226571","POINT (9.724660449 45.683226571)"
"C_nov 2021","159","S01435","LO","SO","CHIURO","14020","Chiuro","TIRANO-MILANO So-Tir","20","10","1","20","4","0","10","20","0","3","1","2021","Feriale","Invernale","9.992350444","46.164731947","POINT (9.992350444 46.164731947)"
"C_nov 2021","34","S00272","LO","PV","ROBBIO","18123","Robbio","VERCELLI-PAVIA","160","10","2","250","22","0","250","0","0","22","0","2021","Feriale","Invernale","8.597086609","45.293627181","POINT (8.597086609 45.293627181)"
"C_nov 2022","2.854","S00023","PI","NO","Novara FN","3106","Novara","Saronno - Novara","160","580","6","860","34","0","860","0","0","34","0","2022","Feriale","Invernale","8.627061488","45.452334846","POINT (8.627061488 45.452334846)"
"C_nov 2019","208","S01529","LO","BG","BERGAMO","16024","Bergamo","LECCO-BRESCIA","2980","4280","32","15280","214","0","8060","7230","0","161","53","2019","Fer","Invernale","9.675111057","45.690343725","POINT (9.675111057 45.690343725)"
"C_nov 2017","209","S01533","LO","BG","SERIATE","16198","Seriate","LECCO-BRESCIA","90","50","5","350","36","0","350","0","0","36","0","2017","Fer","Invernale","9.724660449","45.683226571","POINT (9.724660449 45.683226571)"
"C_nov 2016","170","S01456","LO","CO","MOIANA","13147","Merone","ALBATE-MOLTENO","30","10","4","40","20","0","40","0","0","20","0","2016","Fer","Invernale","9.255642213","45.787158223","POINT (9.255642213 45.787158223)"
"C_nov 2021","2.855","S01649","LO","MI","MILANO P. VENEZIA","15146","Milano","PASSANTE","940","2550","39","9860","309","9860","0","0","309","0","0","2021","Feriale","Invernale","9.207018409","45.476597527","POINT (9.207018409 45.476597527)"
"C_nov 2016","203","S01524","LO","LC","CALOLZIOCORTE-OLGINATE","97013","Calolziocorte","TIRANO-MILANO Mz-Lc","1010","230","15","2360","110","1410","630","330","68","32","10","2016","Fer","Invernale","9.427005558","4.580169532","POINT (9.427005558 45.80169532)"
"C_nov 2015","44","S00402","LO","PV","PIEVE ALBIGNOLA","18112","Pieve Albignola","CAVA C.-TORREBER","20","10","4","60","27","0","60","0","0","27","0","2015","FER","Invernale","8.959758126","45.116329989","POINT (8.959758126 45.116329989)"
"C_nov 2022","168","S01453","LO","CO","ANZANO DEL PARCO","13009","Anzano del Parco","ALBATE-MOLTENO","30","10","4","50","22","0","50","0","0","22","0","2022","Feriale","Invernale","9.202711127","45.765037334","POINT (9.202711127 45.765037334)"
"C_Novembre2023","266","S01829","LO","LO","S.STEFANO LODIGIANO","98051","Santo Stefano Lodigiano","MILANO-BOLOGNA","20","10","4","70","34","0","70","0","0","34","0","2023","Feriale","Invernale","9.723640779","45.122172959","POINT (9.723640779 45.122172959)"
"C_nov 2020","2.821","S01739","LO","VA","Varese-Casbeno","12133","Varese","Varese Nord - Laveno Momb","60","40","7","180","39","0","100","80","0","25","14","2020","Feriale","Invernale","8.811558243","45.814897655","POINT (8.811558243 45.814897655)"
"C_nov 2016","200","S01520","LO","LC","LECCO","97042","Lecco","TIRANO-MILANO Mz-Lc","1580","3300","26","9340","200","3850","2590","2910","104","64","32","2016","Fer","Invernale","0.939367574","45.856547373","POINT (9.39367574 45.856547373)"
"C_nov 2019","178","S01481","LO","MI","VILLASANTA","108049","Villasanta","MONZA-LECCO","350","70","6","690","40","690","0","0","40","0","0","2019","Fer","Invernale","9.305121962","45.603443796","POINT (9.305121962 45.603443796)"
"C_nov 2017","154","S01428","LO","SO","S.PIETRO BERBENNO","14007","Berbenno di Valtellina","TIRANO-MILANO Lc-So","90","20","5","160","27","0","160","0","0","27","0","2017","Fer","Invernale","9.740521601","46.161425271","POINT (9.740521601 46.161425271)"
"C_nov 2015","2.752","S01006","LO","BS","Darfo-Corna","17065","Darfo Boario Terme","Pisogne - Breno","60","150","5","290","33","0","150","140","0","20","13","2015","Fer","Invernale","10.181314081","45.884311375","POINT (10.181314081 45.884311375)"
"C_nov 2021","246","S01716","LO","BS","OSPITALETTO TRAVAGLIATO","17127","Ospitaletto","MILANO-VENEZIA","130","60","9","360","58","0","360","0","0","58","0","2021","Feriale","Invernale","10.074385735","45.546125054","POINT (10.074385735 45.546125054)"
"C_nov 2019","93","S01113","LO","VA","LUINO","12092","Luino","LUINO-GALLARATE","110","50","4","420","29","0","420","0","0","29","0","2019","Fer","Invernale","8.737497575","45.996713632","POINT (8.737497575 45.996713632)"
"C_nov 2020","134","S01403","LO","SO","NOVATE MEZZOLA","14046","Novate Mezzola","CHIAVENNA-COLICO","20","10","4","50","31","0","50","0","0","31","0","2020","Feriale","Invernale","9.446610911","46.216667852","POINT (9.446610911 46.216667852)"
"C_Luglio2023","96","S01118","LO","VA","LAVENO MOMBELLO","12087","Laveno-Mombello","LUINO-GALLARATE","30","20","3","210","29","90","120","0","13","16","0","2023","Feriale","estivo","8.624617825","45.903348381","POINT (8.624617825 45.903348381)"
"C_nov 2022","2.748","S01763","LO","CO","Como Camerlata (FN)","13075","Como","Saronno - Como","460","290","9","1540","67","0","1330","210","0","62","5","2022","Feriale","Invernale","9.079423298","4.578441339","POINT (9.079423298 45.78441339)"
"C_nov 2015","2.810","S01073","LO","MI","Garbagnate Parco Groane","15105","Garbagnate Milanese","Milano Nord Cadorna - Sar","650","150","17","1480","140","1480","0","0","140","0","0","2015","Fer","Invernale","9.091157698","45.571158456","POINT (9.091157698 45.571158456)"
"C_nov 2021","226","S01610","LO","CR","MADIGNANO","19055","Madignano","BERGAMO-CREMONA","30","10","4","80","34","0","80","0","0","34","0","2021","Feriale","Invernale","9.730205146","45.343905446","POINT (9.730205146 45.343905446)"
"C_nov 2018","179","S01482","LO","MI","BUTTAFAVA","108049","Villasanta","MONZA-LECCO","90","20","6","150","40","150","0","0","40","0","0","2018","Fer","Invernale","9.301221362","45.621491933","POINT (9.301221362 45.621491933)"
"C_nov 2019","92","S01065","LO","MI","TREZZANO S.N.","15220","Trezzano sul Naviglio","MILANO-MORTARA-AL","460","220","8","1070","69","1050","20","0","67","2","0","2019","Fer","Invernale","0.907123474","45.422282484","POINT (9.07123474 45.422282484)"
"C_Luglio2023","146","S01416","LO","LC","ABBADIA LARIANA","97001","Abbadia Lariana","TIRANO-MILANO Lc-So","90","30","5","500","43","0","320","180","0","27","16","2023","Feriale","estivo","9.335204987","45.895939932","POINT (9.335204987 45.895939932)"
"C_nov 2018","194","S01510","LO","MI","ARCORE","108004","Arcore","TIRANO-MILANO Mz-Lc","2180","390","17","4610","115","2650","1960","0","69","46","0","2018","Fer","Invernale","9.322824319","45.623570636","POINT (9.322824319 45.623570636)"
"C_nov 2020","36","S00274","LO","PV","GAMBOLO'-REMONDO'","18068","Gambolo'","VERCELLI-PAVIA","10","10","3","20","17","0","20","0","0","17","0","2020","Feriale","Invernale","8.797608181","45.235955245","POINT (8.797608181 45.235955245)"
"C_nov 2022","328","S01951","EM","PC","S.NICOLO'","33039","Rottofreno","ALESS.-PIACENZA","0","0","0","30","11","0","30","0","0","11","0","2022","Feriale","Invernale","9.606551575","4.505875181","POINT (9.606551575 45.05875181)"
"C_nov 2018","2.814","S01781","LO","BS","Toline","17143","Pisogne","Iseo - Pisogne","10","0","3","10","20","0","10","0","0","20","0","2018","Fer","Invernale","10.088229762","45.787237456","POINT (10.088229762 45.787237456)"
"C_nov 2020","218","S01601","LO","BG","TREVIGLIO OVEST","16219","Treviglio","BERGAMO-CREMONA","80","60","10","270","48","0","200","70","0","37","11","2020","Feriale","Invernale","0.958031324","45.521845567","POINT (9.58031324 45.521845567)"
"C_nov 2022","261","S01824","LO","LO","TAVAZZANO","98056","Tavazzano con Villavesco","MILANO-BOLOGNA","450","110","8","1180","69","1180","0","0","69","0","0","2022","Feriale","Invernale","9.402775545","45.326370144","POINT (9.402775545 45.326370144)"
"C_Novembre2023","123","S01315","LO","CO","CARIMATE","13046","Carimate","CHIASSO-MILANO","210","50","8","530","71","530","0","0","71","0","0","2023","Feriale","Invernale","9.107220464","45.697171053","POINT (9.107220464 45.697171053)"
"C_nov 2018","9","S00038","LO","PV","SARTIRANA","18146","Sartirana Lomellina","MILANO-MORTARA-AL","30","10","2","60","10","0","60","0","0","10","0","2018","Fer","Invernale","0.867016046","45.111810021","POINT (8.67016046 45.111810021)"
"C_nov 2020","2.720","S01789","LO","BS","Bornato Calino","17046","Cazzago San Martino","Brescia - Iseo","30","10","7","60","39","0","60","10","0","36","3","2020","Feriale","Invernale","10.033113278","45.590424717","POINT (10.033113278 45.590424717)"
"C_nov 2019","320","S01942","LO","PV","CASTEGGIO","18037","Casteggio","ALESS.-PIACENZA","0","0","0","60","10","0","60","0","0","10","0","2019","Fer","Invernale","9.124623708","4.501745237","POINT (9.124623708 45.01745237)"
"C_nov 2016","2.780","S01079","LO","MI","Milano Bruzzano","15146","Milano","Milano Nord Bovisa - Seve","230","140","16","800","135","800","0","0","135","0","0","2016","Fer","Invernale","9.172814019","45.533621361","POINT (9.172814019 45.533621361)"
"C_nov 2017","75","S01028","LO","VA","SOMMA LOMBARDO","12123","Somma Lombardo","DOMODOSSOLA-MILANO","270","130","6","730","33","0","730","0","0","33","0","2017","Fer","Invernale","8.713033505","45.686501084","POINT (8.713033505 45.686501084)"
"C_nov 2019","126","S01320","LO","MI","DESIO","108023","Desio","CHIASSO-MILANO","1100","340","18","3380","140","3300","0","90","138","0","2","2019","Fer","Invernale","9.218522811","45.620194911","POINT (9.218522811 45.620194911)"
"C_Luglio2023","310","S01920","LO","MN","BOZZOLO","20007","Bozzolo","CODOGNO-MANTOVA","40","20","3","210","28","0","30","180","0","7","21","2023","Feriale","estivo","10.472685666","45.107331585","POINT (10.472685666 45.107331585)"
"C_nov 2015","173","S01460","LO","LC","OGGIONO","97057","Oggiono","MONZA-LECCO","340","250","8","940","41","820","120","0","36","5","0","2015","Fer","Invernale","9.337510786","45.789065364","POINT (9.337510786 45.789065364)"
"C_nov 2016","90","S01063","LO","MI","GAGGIANO","15103","Gaggiano","MILANO-MORTARA-AL","200","60","8","440","70","440","10","0","69","1","0","2016","Fer","Invernale","9.031152518","45.408906664","POINT (9.031152518 45.408906664)"
"C_nov 2021","2.739","S01086","LO","MI","Cesano Maderno","108019","Cesano Maderno","Milano Nord Bovisa - Seve","1500","640","36","4770","228","2780","2000","0","180","48","0","2021","Feriale","Invernale","9.141966766","45.631316886","POINT (9.141966766 45.631316886)"
"C_Luglio2023","45","S00403","LO","PV","SANNAZZARO","18138","Sannazzaro de' Burgondi","CAVA C.-TORREBER","60","30","4","220","24","0","220","0","0","24","0","2023","Feriale","estivo","8.905182695","45.105626227","POINT (8.905182695 45.105626227)"
"C_Luglio2023","270","S01842","LO","BS","VIADANA BRESCIANA","17034","Calvisano","BRESCIA-PARMA","20","30","4","80","25","0","80","0","0","25","0","2023","Feriale","estivo","0.103318218","45.373727831","POINT (10.3318218 45.373727831)"
"C_nov 2020","122","S01313","LO","CO","CANTU'-CERMENATE","13064","Cermenate","CHIASSO-MILANO","50","30","8","170","66","170","0","0","66","0","0","2020","Feriale","Invernale","9.099312432","45.716313773","POINT (9.099312432 45.716313773)"
"C_nov 2020","145","S01415","LO","LC","MANDELLO DEL LARIO","97046","Mandello del Lario","TIRANO-MILANO Lc-So","40","20","2","160","29","0","130","40","0","23","6","2020","Feriale","Invernale","9.322094648","45.915283559","POINT (9.322094648 45.915283559)"
"C_Luglio2023","253","S01806","LO","PV","PIZZALE-LUNGAVILLA","18084","Lungavilla","MILANO-GENOVA","80","10","5","240","27","0","0","240","0","0","27","2023","Feriale","estivo","9.069006681","45.049924012","POINT (9.069006681 45.049924012)"
"C_nov 2019","2.770","S01727","LO","CO","Locate Varesino-Carbonate","13045","Carbonate","Saronno - Varese Nord","290","50","8","600","57","0","600","0","0","57","0","2019","Fer","Invernale","8.936075743","45.689931017","POINT (8.936075743 45.689931017)"
"C_nov 2022","180","S01483","LO","MI","BIASSONO-LESMO","108009","Biassono","MONZA-LECCO","140","40","8","230","40","230","0","0","40","0","0","2022","Feriale","Invernale","9.298437032","45.632291281","POINT (9.298437032 45.632291281)"
"C_nov 2017","194","S01510","LO","MI","ARCORE","108004","Arcore","TIRANO-MILANO Mz-Lc","2000","410","18","4460","117","2480","1990","0","69","48","0","2017","Fer","Invernale","9.322824319","45.623570636","POINT (9.322824319 45.623570636)"
"C_nov 2020","115","S01208","LO","VA","CASTRONNO","12047","Castronno","PORTO C.-GALLARATE","40","30","7","150","63","150","0","10","62","0","1","2020","Feriale","Invernale","8.810338911","45.745312285","POINT (8.810338911 45.745312285)"
"C_Luglio2023","163","S01439","LO","SO","VILLA DI TIRANO","14078","Villa di Tirano","TIRANO-MILANO So-Tir","20","0","1","20","3","0","0","20","0","2","1","2023","Feriale","estivo","10.130361703","46.196242159","POINT (10.130361703 46.196242159)"
"C_nov 2018","186","S01489","LO","MI","RENATE VEDUGGIO","108037","Renate","MONZA-LECCO","230","40","6","580","38","580","0","0","38","0","0","2018","Fer","Invernale","0.927986722","4.572838114","POINT (9.27986722 45.72838114)"
"C_nov 2015","154","S01428","LO","SO","S.PIETRO BERBENNO","14007","Berbenno di Valtellina","TIRANO-MILANO Lc-So","60","20","5","120","30","0","120","0","0","30","0","2015","FER","Invernale","9.740521601","46.161425271","POINT (9.740521601 46.161425271)"
"C_Novembre2023","195","S01511","LO","MI","CARNATE USMATE","108016","Carnate","TIRANO-MILANO Mz-Lc","1560","290","18","3880","119","2690","980","220","74","40","5","2023","Feriale","Invernale","9.375117342","45.653149706","POINT (9.375117342 45.653149706)"
"C_nov 2022","87","S01060","LO","PV","PARONA LOMELLINA","18109","Parona","MILANO-MORTARA-AL","120","60","5","420","45","0","420","0","0","45","0","2022","Feriale","Invernale","8.780351933","45.280183485","POINT (8.780351933 45.280183485)"
"C_nov 2021","203","S01524","LO","LC","CALOLZIOCORTE-OLGINATE","97013","Calolziocorte","TIRANO-MILANO Mz-Lc","660","270","15","1820","105","1210","430","200","65","31","9","2021","Feriale","Invernale","9.427005558","4.580169532","POINT (9.427005558 45.80169532)"
"C_nov 2020","282","S01860","LO","PV","PAVIA","18110","Pavia","MILANO-GENOVA","660","570","30","2660","187","900","960","810","70","86","31","2020","Feriale","Invernale","9.144713646","45.188924433","POINT (9.144713646 45.188924433)"
"C_nov 2016","212","S01536","LO","BG","CHIUDUNO","16073","Chiuduno","LECCO-BRESCIA","80","30","4","310","35","0","310","0","0","35","0","2016","Fer","Invernale","9.846952911","45.650526953","POINT (9.846952911 45.650526953)"
"C_Luglio2023","2.793","S01780","LO","BS","Piancamuno-Gratacasolo","17142","Pian Camuno","Pisogne - Breno","10","20","3","450","18","0","450","0","0","18","0","2023","Feriale","estivo","10.138337016","45.839909876","POINT (10.138337016 45.839909876)"
"C_nov 2021","2.862","S01650","LO","MI","MILANO DATEO","15146","Milano","PASSANTE","620","1160","39","4650","309","4650","0","0","309","0","0","2021","Feriale","Invernale","9.217309375","45.467669611","POINT (9.217309375 45.467669611)"
"C_Novembre2023","220","S01603","LO","CR","CAPRALBA","19015","Capralba","BERGAMO-CREMONA","80","20","5","160","35","0","160","0","0","35","0","2023","Feriale","Invernale","9.640048136","45.443945977","POINT (9.640048136 45.443945977)"
"C_nov 2022","2.818","S01753","LO","MI","Vanzaghello","15249","Vanzaghello","Saronno - Novara","360","70","6","810","34","0","810","0","0","34","0","2022","Feriale","Invernale","8.787492635","4.557757515","POINT (8.787492635 45.57757515)"
"C_Luglio2023","40","S00278","LO","PV","VILLANOVA D'ARDENGHI","18179","Villanova d'Ardenghi","VERCELLI-PAVIA","10","10","3","40","16","0","40","0","0","16","0","2023","Feriale","estivo","9.037210497","45.157063438","POINT (9.037210497 45.157063438)"
"C_nov 2015","252","S01805","LO","PV","BRESSANA BOTTARONE","18023","Bressana Bottarone","MILANO-GENOVA","150","120","9","340","51","0","300","40","0","44","7","2015","FER","Invernale","0.911063508","45.086379858","POINT (9.11063508 45.086379858)"
"C_nov 2020","2.910","S01112","LO","MI","Cesano Boscone","15074","Cesano Boscone","MILANO-MORTARA-AL","40","40","6","180","57","180","0","0","55","2","0","2020","Feriale","Invernale","0.909119676","45.430270342","POINT (9.09119676 45.430270342)"
"C_nov 2020","182","S01485","LO","MI","TRIUGGIO-PONTE ALBIATE","108043","Triuggio","MONZA-LECCO","30","10","6","90","40","90","0","0","40","0","0","2020","Feriale","Invernale","9.266989378","45.659034087","POINT (9.266989378 45.659034087)"
"C_nov 2016","240","S01709","LO","BG","VIDALENGO","16053","Caravaggio","MILANO-VENEZIA","100","20","5","210","32","0","190","20","0","31","1","2016","Fer","Invernale","0.963970536","45.517936977","POINT (9.63970536 45.517936977)"
"C_nov 2020","2.758","S01074","LO","MI","Garbagnate Milanese","15105","Garbagnate Milanese","Milano Nord Cadorna - Sar","330","130","12","900","78","900","0","0","78","0","0","2020","Feriale","Invernale","0.908029848","45.579923026","POINT (9.08029848 45.579923026)"
"C_nov 2018","202","S01523","LO","LC","VERCURAGO-S.GIROLAMO","97086","Vercurago","TIRANO-MILANO Mz-Lc","20","10","4","30","14","0","30","0","1","13","0","2018","Fer","Invernale","9.422384671","4.581219368","POINT (9.422384671 45.81219368)"
"C_nov 2015","237","S01706","LO","MI","TRECELLA","15178","Pozzuolo Martesana","MILANO-VENEZIA","350","70","16","720","98","710","10","0","96","1","1","2015","Fer","Invernale","0.948762259","45.514065408","POINT (9.48762259 45.514065408)"
"C_nov 2022","2.779","S01078","LO","MI","Milano Affori","15146","Milano","Milano Nord Bovisa - Seve","1040","2410","23","6790","179","4140","2660","0","128","51","0","2022","Feriale","Invernale","9.167411293","45.521142914","POINT (9.167411293 45.521142914)"
"C_nov 2016","5.836","S01608","LO","BG","ARCENE","16011","Arcene","BERGAMO-CREMONA","200","40","8","440","53","0","440","0","0","52","1","2016","Fer","Invernale","9.606556547","45.577555908","POINT (9.606556547 45.577555908)"
"C_nov 2016","2.731","S01758","LO","CO","Caslino al Piano","13036","Cadorago","Saronno - Como","190","40","7","430","59","0","420","10","0","58","1","2016","Fer","Invernale","9.040174552","45.711047814","POINT (9.040174552 45.711047814)"
"C_nov 2018","233","S01701","LO","MI","MILANO LAMBRATE","15146","Milano","MILANO-BOLOGNA","3400","7930","54","21110","313","4190","6330","10590","69","109","135","2018","Fer","Invernale","9.237361806","45.485012046","POINT (9.237361806 45.485012046)"
"C_nov 2018","146","S01416","LO","LC","ABBADIA LARIANA","97001","Abbadia Lariana","TIRANO-MILANO Lc-So","130","30","4","230","28","0","210","30","0","26","2","2018","Fer","Invernale","9.335204987","45.895939932","POINT (9.335204987 45.895939932)"
"C_nov 2019","303","S01913","LO","CR","ACQUANEGRA CREMONESE","19001","Acquanegra Cremonese","CODOGNO-MANTOVA","10","10","3","10","12","0","10","0","0","12","0","2019","Fer","Invernale","9.888484165","45.172179192","POINT (9.888484165 45.172179192)"
"C_nov 2020","2.773","S01767","LO","BS","Malonno","17101","Malonno","Breno - Edolo","10","10","3","20","17","0","10","10","0","4","13","2020","Feriale","Invernale","10.316784194","46.118514889","POINT (10.316784194 46.118514889)"
"C_nov 2019","42","S00400","LO","PV","SAIRANO-ZINASCO","18190","Zinasco","CAVA C.-TORREBER","30","10","4","50","22","0","50","0","0","22","0","2019","Fer","Invernale","9.030186913","45.133877321","POINT (9.030186913 45.133877321)"
"C_Novembre2023","241","S01710","LO","BG","MORENGO-BARIANO","16020","Bariano","MILANO-VENEZIA","160","30","5","320","31","0","320","0","0","31","0","2023","Feriale","Invernale","9.703143454","45.521713564","POINT (9.703143454 45.521713564)"
"C_nov 2021","147","S01417","LO","SO","PRATA-CAMPORTACCIO","14054","Prata Camportaccio","CHIAVENNA-COLICO","30","10","3","60","29","0","60","0","0","29","0","2021","Feriale","Invernale","9.396817599","46.307723227","POINT (9.396817599 46.307723227)"
"C_nov 2019","251","S01804","LO","PV","S.MARTINO-CAVA","18041","Cava Manara","MILANO-GENOVA","140","20","6","250","35","0","160","90","0","30","5","2019","Fer","Invernale","9.115360868","4.514494907","POINT (9.115360868 45.14494907)"
"C_Luglio2023","269","S01841","LO","BS","GHEDI","17078","Ghedi","BRESCIA-PARMA","50","50","4","210","26","0","210","0","0","26","0","2023","Feriale","estivo","10.280538985","45.409522832","POINT (10.280538985 45.409522832)"
"C_nov 2015","5.835","S01032","LO","MI","Milano Romolo","15146","Milano","MILANO-MORTARA-AL","330","970","8","1970","69","1970","0","0","69","0","0","2015","Fer","Invernale","9.159273436","4.544587573","POINT (9.159273436 45.44587573)"
"C_Luglio2023","331","S02084","LO","BS","DESENZANO DEL GARDA-SIR.","17067","Desenzano del Garda","MILANO-VENEZIA","500","170","5","2570","36","0","0","2570","0","0","36","2023","Feriale","estivo","10.536345381","45.462760508","POINT (10.536345381 45.462760508)"
"C_nov 2015","2.719","S01788","LO","BS","Borgonato Adro","17062","Corte Franca","Brescia - Iseo","70","20","6","90","42","0","90","0","0","42","0","2015","Fer","Invernale","10.020113024","45.622225521","POINT (10.020113024 45.622225521)"
"C_nov 2018","265","S01828","LO","LO","CODOGNO","98019","Codogno","MILANO-BOLOGNA","870","350","15","2490","100","0","1560","940","0","79","21","2018","Fer","Invernale","9.701405698","45.154978635","POINT (9.701405698 45.154978635)"
"C_nov 2016","125","S01318","LO","MI","SEREGNO","108039","Seregno","CHIASSO-MILANO","2280","840","26","5680","187","4120","180","1390","138","28","21","2016","Fer","Invernale","9.202885996","45.646087713","POINT (9.202885996 45.646087713)"
"C_nov 2019","2.718","S01797","LO","BS","Borgo S. Giovanni","17029","Brescia","Brescia - Iseo","10","40","6","70","37","0","70","0","0","37","0","2019","Fer","Invernale","10.190716021","45.543253206","POINT (10.190716021 45.543253206)"
"C_nov 2021","2.813","S01785","LO","BS","Sulzano","17182","Sulzano","Iseo - Pisogne","50","10","5","120","34","0","80","40","0","21","13","2021","Feriale","Invernale","10.100657593","45.689468948","POINT (10.100657593 45.689468948)"
"C_nov 2022","2.767","S01094","LO","CO","Lambrugo-Lurago","13121","Lambrugo","Seveso - Asso","110","40","6","330","49","0","330","0","0","49","0","2022","Feriale","Invernale","9.238491713","45.761639869","POINT (9.238491713 45.761639869)"
"C_nov 2020","2.858","S01643","LO","MI","MILANO LANCETTI","15146","Milano","PASSANTE","270","330","38","1450","270","1450","0","0","270","0","0","2020","Feriale","Invernale","9.177354467","45.493471578","POINT (9.177354467 45.493471578)"
"C_nov 2018","152","S01426","LO","SO","TALAMONA","14063","Talamona","TIRANO-MILANO Lc-So","110","20","5","130","26","0","130","0","0","26","0","2018","Fer","Invernale","0.959956252","46.139593883","POINT (9.59956252 46.139593883)"
"C_nov 2018","93","S01113","LO","VA","LUINO","12092","Luino","LUINO-GALLARATE","120","60","4","440","31","0","440","0","0","31","0","2018","Fer","Invernale","8.737497575","45.996713632","POINT (8.737497575 45.996713632)"
"C_nov 2021","2.811","S01925","LO","MI","Seveso","108040","Seveso","Milano Nord Bovisa - Seve","1000","490","27","2840","169","1320","1520","0","121","48","0","2021","Feriale","Invernale","0.914058178","45.647945743","POINT (9.14058178 45.647945743)"
"C_nov 2016","189","S01500","LO","MI","MACHERIO-SOVICO","108029","Macherio","SEREGNO-BERGAMO","50","30","4","120","28","0","120","0","0","28","0","2016","Fer","Invernale","9.266922758","45.642562724","POINT (9.266922758 45.642562724)"
"C_nov 2015","127","S01321","LO","MI","LISSONE-MUGGIO'","108028","Lissone","CHIASSO-MILANO","1570","430","17","3680","136","3660","0","30","135","0","1","2015","Fer","Invernale","9.235404174","45.605998474","POINT (9.235404174 45.605998474)"
"C_nov 2021","241","S01710","LO","BG","MORENGO-BARIANO","16020","Bariano","MILANO-VENEZIA","60","20","5","160","31","0","160","0","0","31","0","2021","Feriale","Invernale","9.703143454","45.521713564","POINT (9.703143454 45.521713564)"
"C_nov 2016","187","S01490","LO","LC","CASSAGO-NIBIONNO-BULC.","97017","Cassago Brianza","MONZA-LECCO","150","30","5","330","36","330","0","0","36","0","0","2016","Fer","Invernale","9.279864449","45.746319529","POINT (9.279864449 45.746319529)"
"C_nov 2022","256","S01810","PI","AL","TORTONA","6174","Tortona","MILANO-GENOVA","220","60","3","610","22","0","0","610","0","0","22","2022","Feriale","Invernale","0.886181929","4.490006568","POINT (8.86181929 44.90006568)"
"C_nov 2020","183","S01486","LO","MI","CARATE-CALO'","108015","Carate Brianza","MONZA-LECCO","10","10","7","20","40","20","0","0","40","0","0","2020","Feriale","Invernale","9.252340508","4.567652894","POINT (9.252340508 45.67652894)"
"C_Luglio2023","264","S01827","LO","LO","CASALPUSTERLENGO","98010","Casalpusterlengo","MILANO-BOLOGNA","290","120","9","1210","62","0","1180","40","0","60","2","2023","Feriale","estivo","9.653655261","45.182559249","POINT (9.653655261 45.182559249)"
"C_nov 2016","305","S01915","LO","CR","CREMONA","19036","Cremona","CODOGNO-MANTOVA","820","950","16","3740","133","0","2030","1710","0","112","21","2016","Fer","Invernale","10.017983096","45.143301262","POINT (10.017983096 45.143301262)"
"C_nov 2015","2.720","S01789","LO","BS","Bornato Calino","17046","Cazzago San Martino","Brescia - Iseo","210","40","11","300","56","0","270","30","0","53","3","2015","Fer","Invernale","10.033113278","45.590424717","POINT (10.033113278 45.590424717)"
"C_Luglio2023","225","S01609","LO","CR","CASALBUTTANO","19016","Casalbuttano ed Uniti","BERGAMO-CREMONA","30","20","4","220","36","0","220","0","0","36","0","2023","Feriale","estivo","9.962387322","45.255479026","POINT (9.962387322 45.255479026)"
"C_Novembre2023","34","S00272","LO","PV","ROBBIO","18123","Robbio","VERCELLI-PAVIA","170","20","2","350","22","0","350","0","0","22","0","2023","Feriale","Invernale","8.597086609","45.293627181","POINT (8.597086609 45.293627181)"
"C_nov 2016","2.763","S01762","LO","CO","Grandate-Breccia","13110","Grandate","Saronno - Como","550","250","11","1430","68","0","1110","320","0","58","10","2016","Fer","Invernale","0.009055656","45.781300073","POINT (9.055656 45.781300073)"
"C_nov 2020","308","S01918","LO","CR","TORRE DE' PICENARDI","19107","Torre de' Picenardi","CODOGNO-MANTOVA","0","0","0","20","8","0","10","10","0","7","1","2020","Feriale","Invernale","10.286872398","45.137279533","POINT (10.286872398 45.137279533)"
"C_nov 2017","222","S01605","LO","CR","CREMA","19035","Crema","BERGAMO-CREMONA","240","300","5","1010","36","0","1010","0","0","36","0","2017","Fer","Invernale","9.694241457","45.366939013","POINT (9.694241457 45.366939013)"
"C_nov 2019","2.806","S01933","LO","VA","Saronno","12119","Saronno","Milano Nord Cadorna - Sar","5380","3360","69","17010","535","2810","9540","4680","202","194","139","2019","Fer","Invernale","9.030524424","0.456251346","POINT (9.030524424 45.6251346)"
"C_nov 2017","2.759","S01742","LO","VA","Gavirate","12072","Gavirate","Varese Nord - Laveno Momb","200","70","7","620","42","0","250","370","0","21","21","2017","Fer","Invernale","8.714805048","4.584561142","POINT (8.714805048 45.84561142)"
"C_nov 2019","105","S01142","LO","VA","TRAVEDONA-BIANDRONNO","12128","Travedona-Monate","LUINO-GALLARATE","20","10","3","60","28","0","60","0","0","28","0","2019","Fer","Invernale","8.696358289","4.580968175","POINT (8.696358289 45.80968175)"
"C_nov 2019","327","S01950","EM","PC","ROTTOFRENO","33039","Rottofreno","ALESS.-PIACENZA","0","0","0","10","15","0","10","0","0","15","0","2019","Fer","Invernale","9.549300156","4.506050732","POINT (9.549300156 45.06050732)"
"C_nov 2018","289","S01867","LO","PV","MIRADOLO TERME","18093","Miradolo Terme","PAVIA-CASALPUST.","100","10","5","170","28","0","170","0","0","28","0","2018","Fer","Invernale","9.449985524","45.162088065","POINT (9.449985524 45.162088065)"
"C_nov 2017","2.724","S01137","LO","VA","Busto Arsizio Nord","12026","Busto Arsizio","Saronno - Novara","2030","670","24","5170","188","0","2930","2240","0","79","109","2017","Fer","Invernale","0.885203345","45.606009961","POINT (8.85203345 45.606009961)"
"C_nov 2018","122","S01313","LO","CO","CANTU'-CERMENATE","13064","Cermenate","CHIASSO-MILANO","380","100","10","850","75","710","0","140","72","0","3","2018","Fer","Invernale","9.099312432","45.716313773","POINT (9.099312432 45.716313773)"
"C_nov 2017","123","S01315","LO","CO","CARIMATE","13046","Carimate","CHIASSO-MILANO","250","60","8","600","71","600","0","0","71","0","0","2017","Fer","Invernale","9.107220464","45.697171053","POINT (9.107220464 45.697171053)"
"C_Luglio2023","2.785","S01726","LO","CO","Mozzate","13159","Mozzate","Saronno - Varese Nord","260","70","8","790","59","0","790","0","0","59","0","2023","Feriale","estivo","8.955224279","45.677788011","POINT (8.955224279 45.677788011)"
"C_nov 2019","2.729","S01076","LO","VA","Caronno Pertusella","12034","Caronno Pertusella","Milano Nord Cadorna - Sar","760","130","15","1650","138","1650","0","0","138","0","0","2019","Fer","Invernale","9.058328414","45.598187372","POINT (9.058328414 45.598187372)"
"C_nov 2022","293","S01871","LO","LO","OSPEDALETTO LODIGIANO","98043","Ospedaletto Lodigiano","PAVIA-CASALPUST.","30","10","2","100","22","0","100","0","0","22","0","2022","Feriale","Invernale","9.575189061","45.169411515","POINT (9.575189061 45.169411515)"
"C_nov 2018","2.768","S01747","LO","VA","Laveno Mombello Nord","12087","Laveno-Mombello","Varese Nord - Laveno Momb","190","310","7","690","43","0","330","360","0","21","22","2018","Fer","Invernale","8.619246466","45.907983681","POINT (8.619246466 45.907983681)"
"C_nov 2017","332","S02088","VE","VR","PESCHIERA DEL GARDA","23059","Peschiera del Garda","MILANO-VENEZIA","300","160","6","1230","34","0","40","1200","0","2","32","2017","Fer","Invernale","1.070247103","4.543838223","POINT (10.70247103 45.43838223)"
"C_nov 2017","2.775","S01089","LO","CO","Mariano Comense","13143","Mariano Comense","Seveso - Asso","720","380","9","1910","55","70","1840","0","4","51","0","2017","Fer","Invernale","0.918152941","45.693595207","POINT (9.18152941 45.693595207)"
"C_nov 2016","152","S01426","LO","SO","TALAMONA","14063","Talamona","TIRANO-MILANO Lc-So","90","20","5","150","26","0","150","0","0","26","0","2016","Fer","Invernale","0.959956252","46.139593883","POINT (9.59956252 46.139593883)"
"C_Luglio2023","233","S01701","LO","MI","MILANO LAMBRATE","15146","Milano","MILANO-BOLOGNA","1640","3820","49","10150","265","50","3460","6650","11","108","146","2023","Feriale","estivo","9.237361806","45.485012046","POINT (9.237361806 45.485012046)"
"C_nov 2021","124","S01316","LO","MI","CAMNAGO-LENTATE","108054","Lentate sul Seveso","CHIASSO-MILANO","490","400","18","1630","138","1630","0","0","138","0","0","2021","Feriale","Invernale","9.133490346","45.668502905","POINT (9.133490346 45.668502905)"
"C_nov 2020","264","S01827","LO","LO","CASALPUSTERLENGO","98010","Casalpusterlengo","MILANO-BOLOGNA","160","90","9","620","62","0","610","10","0","60","2","2020","Feriale","Invernale","9.653655261","45.182559249","POINT (9.653655261 45.182559249)"
"C_nov 2019","321","S01943","LO","PV","S.GIULETTA","18140","Santa Giuletta","ALESS.-PIACENZA","0","0","0","20","10","0","20","0","0","10","0","2019","Fer","Invernale","9.179278043","45.035797363","POINT (9.179278043 45.035797363)"
"C_nov 2015","2.771","S01757","LO","CO","Lomazzo","13133","Lomazzo","Saronno - Como","960","200","10","2250","71","0","1900","360","0","61","10","2015","Fer","Invernale","9.036101686","45.698756116","POINT (9.036101686 45.698756116)"
"C_nov 2019","2.822","S01736","LO","VA","Vedano Olona","12134","Vedano Olona","Saronno - Varese Nord","350","70","8","830","57","0","830","0","0","57","0","2019","Fer","Invernale","8.887080675","45.777359271","POINT (8.887080675 45.777359271)"
"C_nov 2018","154","S01428","LO","SO","S.PIETRO BERBENNO","14007","Berbenno di Valtellina","TIRANO-MILANO Lc-So","60","20","5","120","27","0","120","0","0","27","0","2018","Fer","Invernale","9.740521601","46.161425271","POINT (9.740521601 46.161425271)"
"C_nov 2018","180","S01483","LO","MI","BIASSONO-LESMO","108009","Biassono","MONZA-LECCO","220","30","6","340","40","340","0","0","40","0","0","2018","Fer","Invernale","9.298437032","45.632291281","POINT (9.298437032 45.632291281)"
"C_nov 2020","108","S01145","LO","VA","BESNATE","12012","Besnate","LUINO-GALLARATE","10","10","4","40","26","0","40","0","0","26","0","2020","Feriale","Invernale","8.761109294","45.695486482","POINT (8.761109294 45.695486482)"
"C_nov 2015","195","S01511","LO","MI","CARNATE USMATE","108016","Carnate","TIRANO-MILANO Mz-Lc","2140","410","25","4150","148","1850","1910","410","64","77","7","2015","Fer","Invernale","9.375117342","45.653149706","POINT (9.375117342 45.653149706)"
"C_nov 2017","278","S01850","LO","CR","CASALMAGGIORE","19021","Casalmaggiore","BRESCIA-PARMA","340","70","4","750","30","0","750","0","0","30","0","2017","Fer","Invernale","10.425041217","44.993222003","POINT (10.425041217 44.993222003)"
"C_nov 2018","92","S01065","LO","MI","TREZZANO S.N.","15220","Trezzano sul Naviglio","MILANO-MORTARA-AL","310","180","8","930","71","910","20","0","69","2","0","2018","Fer","Invernale","0.907123474","45.422282484","POINT (9.07123474 45.422282484)"
"C_nov 2015","143","S01413","LO","LC","LIERNA","97043","Lierna","TIRANO-MILANO Lc-So","110","20","4","230","29","0","200","40","0","27","2","2015","Fer","Invernale","9.303109353","45.961043911","POINT (9.303109353 45.961043911)"
"C_nov 2018","2.731","S01758","LO","CO","Caslino al Piano","13036","Cadorago","Saronno - Como","220","30","8","490","61","0","490","10","0","60","1","2018","Fer","Invernale","9.040174552","45.711047814","POINT (9.040174552 45.711047814)"
"C_nov 2021","86","S01042","LO","MI","VITTUONE-ARLUNO","15243","Vittuone","TORINO-MILANO","360","120","8","1320","67","1320","0","0","67","0","0","2021","Feriale","Invernale","8.947336756","45.491137732","POINT (8.947336756 45.491137732)"
"C_Luglio2023","33","S00271","LO","PV","PALESTRO","18107","Palestro","VERCELLI-PAVIA","10","10","1","10","4","0","10","0","0","4","0","2023","Feriale","estivo","8.534545108","45.307350574","POINT (8.534545108 45.307350574)"
"C_Novembre2023","2.787","S01070","LO","MI","Novate Milanese","15157","Novate Milanese","Milano Nord Cadorna - Sar","880","260","16","2280","133","2280","0","0","133","0","0","2023","Feriale","Invernale","9.132723827","45.533079873","POINT (9.132723827 45.533079873)"
"C_Novembre2023","2.721","S01085","LO","MI","Bovisio Masciago - Mombello","108010","Bovisio-Masciago","Milano Nord Bovisa - Seve","950","380","16","2260","133","2260","0","0","133","0","0","2023","Feriale","Invernale","9.141581449","45.612055387","POINT (9.141581449 45.612055387)"
"C_nov 2015","106","S01143","LO","VA","TERNATE-VARANO BORGHI","12126","Ternate","LUINO-GALLARATE","200","60","6","310","35","0","310","0","0","35","0","2015","FER","Invernale","8.700412081","45.781912094","POINT (8.700412081 45.781912094)"
"C_nov 2020","212","S01536","LO","BG","CHIUDUNO","16073","Chiuduno","LECCO-BRESCIA","30","20","4","100","33","0","100","0","0","33","0","2020","Feriale","Invernale","9.846952911","45.650526953","POINT (9.846952911 45.650526953)"
"C_nov 2018","234","S01703","LO","MI","PIOLTELLO-LIMITO","15175","Pioltello","MILANO-VENEZIA","1980","1320","35","6910","258","3900","530","2480","146","29","83","2018","Fer","Invernale","9.329349311","45.485909836","POINT (9.329349311 45.485909836)"
"C_nov 2018","2.803","S01756","LO","CO","Rovellasca-Manera","13201","Rovellasca","Saronno - Como","430","70","8","960","61","0","950","10","0","60","1","2018","Fer","Invernale","9.038331172","0.456656699","POINT (9.038331172 45.6656699)"
"C_nov 2015","286","S01864","LO","PV","BELGIOIOSO","18013","Belgioioso","PAVIA-CASALPUST.","140","20","5","300","30","0","300","0","0","30","0","2015","FER","Invernale","9.316907213","45.164645746","POINT (9.316907213 45.164645746)"
"C_nov 2019","2.714","S01929","LO","MI","Seveso Baruccana","108040","Seveso","Saronno - Seregno","140","110","8","540","64","540","0","0","64","0","0","2019","Fer","Invernale","9.162510091","4.563793739","POINT (9.162510091 45.63793739)"
"C_nov 2021","269","S01841","LO","BS","GHEDI","17078","Ghedi","BRESCIA-PARMA","60","20","4","160","26","0","160","0","0","26","0","2021","Feriale","Invernale","10.280538985","45.409522832","POINT (10.280538985 45.409522832)"
"C_nov 2021","2.741","S01772","LO","BS","Ceto-Cerveno","17050","Ceto","Breno - Edolo","10","0","2","10","3","0","10","0","0","3","0","2021","Feriale","Invernale","10.339003482","45.996851549","POINT (10.339003482 45.996851549)"
"C_nov 2015","2.785","S01726","LO","CO","Mozzate","13159","Mozzate","Saronno - Varese Nord","430","70","8","980","61","0","980","0","0","61","0","2015","Fer","Invernale","8.955224279","45.677788011","POINT (8.955224279 45.677788011)"
"C_nov 2017","2.715","S01778","LO","BS","Boario Terme","17065","Darfo Boario Terme","Pisogne - Breno","50","40","3","240","32","0","140","100","0","19","13","2017","Fer","Invernale","10.190958686","45.892043214","POINT (10.190958686 45.892043214)"
"C_nov 2022","211","S01535","LO","BG","MONTELLO GORLAGO","16139","Montello","LECCO-BRESCIA","110","50","4","540","34","0","540","0","0","34","0","2022","Feriale","Invernale","0.980851611","45.670247257","POINT (9.80851611 45.670247257)"
"C_nov 2021","2.761","S01745","LO","VA","Gemonio","12074","Gemonio","Varese Nord - Laveno Momb","130","30","6","320","38","0","150","180","0","23","15","2021","Feriale","Invernale","0.867388218","45.877604611","POINT (8.67388218 45.877604611)"
"C_nov 2018","165","S01450","LO","CO","ALBATE TRECALLO","13075","Como","ALBATE-MOLTENO","10","30","4","30","22","0","30","0","0","22","0","2018","Fer","Invernale","9.095790373","45.777467374","POINT (9.095790373 45.777467374)"
"C_Novembre2023","2.730","S01091","LO","CO","Carugo-Giussano","13048","Carugo","Seveso - Asso","350","110","6","770","50","0","770","0","0","50","0","2023","Feriale","Invernale","9.198950125","45.705742211","POINT (9.198950125 45.705742211)"
"C_nov 2017","2.776","S01783","LO","BS","Marone-Zone","17106","Marone","Iseo - Pisogne","80","20","4","220","34","0","170","50","0","21","13","2017","Fer","Invernale","10.093296727","45.738197328","POINT (10.093296727 45.738197328)"
"C_nov 2022","197","S01513","LO","LC","CERNUSCO-MERATE","97020","Cernusco Lombardone","TIRANO-MILANO Mz-Lc","500","100","9","1330","71","1280","0","50","68","0","3","2022","Feriale","Invernale","9.396827762","45.695177577","POINT (9.396827762 45.695177577)"
"C_nov 2015","81","S01035","LO","MI","PARABIAGO","15168","Parabiago","DOMODOSSOLA-MILANO","1360","270","11","2930","77","2520","230","190","74","2","1","2015","Fer","Invernale","8.946358229","4.555251981","POINT (8.946358229 45.55251981)"
"C_Luglio2023","2.748","S01763","LO","CO","Como Camerlata (FN)","13075","Como","Saronno - Como","320","180","9","1220","67","0","1040","180","0","63","4","2023","Feriale","estivo","9.079423298","4.578441339","POINT (9.079423298 45.78441339)"
"C_nov 2021","303","S01913","LO","CR","ACQUANEGRA CREMONESE","19001","Acquanegra Cremonese","CODOGNO-MANTOVA","10","10","3","10","11","0","10","0","0","11","0","2021","Feriale","Invernale","9.888484165","45.172179192","POINT (9.888484165 45.172179192)"
"C_Luglio2023","2.772","S01737","LO","VA","Malnate","12096","Malnate","Saronno - Varese Nord","450","110","12","1240","76","0","790","460","0","59","17","2023","Feriale","estivo","8.878340888","45.795307714","POINT (8.878340888 45.795307714)"
"C_nov 2016","243","S01712","LO","BG","CALCIO","16044","Calcio","MILANO-VENEZIA","40","20","5","130","32","0","110","20","0","31","1","2016","Fer","Invernale","9.841366587","45.533015966","POINT (9.841366587 45.533015966)"
"C_Luglio2023","316","S01931","LO","PV","PINAROLO PO","18115","Pinarolo Po","PAVIA-STRADELLA","30","20","4","130","26","0","130","0","0","26","0","2023","Feriale","estivo","9.170304953","45.073501505","POINT (9.170304953 45.073501505)"
"C_nov 2021","183","S01486","LO","MI","CARATE-CALO'","108015","Carate Brianza","MONZA-LECCO","20","10","7","30","40","30","0","0","40","0","0","2021","Feriale","Invernale","9.252340508","4.567652894","POINT (9.252340508 45.67652894)"
"C_Luglio2023","290","S01868","LO","PV","CHIGNOLO PO","18048","Chignolo Po","PAVIA-CASALPUST.","30","20","4","60","22","0","60","0","0","22","0","2023","Feriale","estivo","9.494226195","45.161018526","POINT (9.494226195 45.161018526)"
"C_Luglio2023","2.749","S01765","LO","CO","Como Nord Lago","13075","Como","Saronno - Como","140","190","7","2010","62","0","1970","50","0","60","2","2023","Feriale","estivo","9.084320036","45.813688508","POINT (9.084320036 45.813688508)"
"C_Luglio2023","124","S01316","LO","MI","CAMNAGO-LENTATE","108054","Lentate sul Seveso","CHIASSO-MILANO","510","260","16","1760","142","1760","0","0","142","0","0","2023","Feriale","estivo","9.133490346","45.668502905","POINT (9.133490346 45.668502905)"
"C_Luglio2023","155","S01429","LO","SO","CASTIONE ANDEVENNO","14015","Castione Andevenno","TIRANO-MILANO Lc-So","10","10","2","10","3","0","10","0","0","3","0","2023","Feriale","estivo","9.806179088","46.161737068","POINT (9.806179088 46.161737068)"
"C_nov 2016","2.784","S01740","LO","VA","Morosolo-Casciago","12038","Casciago","Varese Nord - Laveno Momb","160","40","8","310","42","0","110","210","0","21","21","2016","Fer","Invernale","8.777403493","45.826573232","POINT (8.777403493 45.826573232)"
"C_nov 2020","91","S01064","LO","MI","CORSICO","15093","Corsico","MILANO-MORTARA-AL","50","40","6","240","57","240","10","0","55","2","0","2020","Feriale","Invernale","9.105184247","45.434772406","POINT (9.105184247 45.434772406)"
"C_nov 2015","185","S01488","LO","MI","BESANA","108008","Besana in Brianza","MONZA-LECCO","250","110","6","650","41","650","0","0","41","0","0","2015","FER","Invernale","0.928291338","45.702901578","POINT (9.28291338 45.702901578)"
"C_nov 2019","43","S00401","LO","PV","ZINASCO NUOVO","18190","Zinasco","CAVA C.-TORREBER","30","10","4","50","22","0","50","0","0","22","0","2019","Fer","Invernale","8.999696096","45.124641115","POINT (8.999696096 45.124641115)"
"C_nov 2019","5.837","S01611","LO","BG","LEVATE","16126","Levate","BERGAMO-CREMONA","140","20","8","290","53","0","290","0","0","52","1","2019","Fer","Invernale","0.962785005","45.622899995","POINT (9.62785005 45.622899995)"
"C_nov 2019","83","S01037","LO","MI","RHO","15182","Rho","TORINO-MILANO","1750","920","20","7000","177","7000","0","0","177","0","0","2019","Fer","Invernale","9.043583998","45.523927896","POINT (9.043583998 45.523927896)"
"C_nov 2021","96","S01118","LO","VA","LAVENO MOMBELLO","12087","Laveno-Mombello","LUINO-GALLARATE","20","30","3","150","29","60","100","0","10","19","0","2021","Feriale","Invernale","8.624617825","45.903348381","POINT (8.624617825 45.903348381)"
"C_nov 2020","2.864","S01715","LO","MI","SEGRATE","15205","Segrate","MILANO-VENEZIA","130","180","16","620","130","620","0","0","130","0","0","2020","Feriale","Invernale","9.291418669","45.479594282","POINT (9.291418669 45.479594282)"
"C_nov 2020","268","S01840","LO","BS","MONTIRONE","17114","Montirone","BRESCIA-PARMA","10","10","5","20","23","0","20","0","0","23","0","2020","Feriale","Invernale","10.239507594","45.451430581","POINT (10.239507594 45.451430581)"
"C_nov 2016","2.722","S01005","LO","BS","Breno","17028","Breno","Pisogne - Breno","60","90","3","370","32","0","210","160","0","19","13","2016","Fer","Invernale","10.305483792","45.959261369","POINT (10.305483792 45.959261369)"
"C_nov 2016","32","S00252","PI","NO","TRECATE","3149","Trecate","TORINO-MILANO","540","180","8","1860","74","1860","0","0","74","0","0","2016","Fer","Invernale","8.739372114","4.542852569","POINT (8.739372114 45.42852569)"
"C_nov 2015","3","S00031","PI","NO","VESPOLATE","3158","Vespolate","NOVARA-MORTARA","90","20","3","110","10","0","110","0","0","10","0","2015","Fer","Invernale","8.672069059","4.535153791","POINT (8.672069059 45.35153791)"
"C_Luglio2023","2.744","S01774","LO","BS","Cividate Malegno","17055","Cividate Camuno","Pisogne - Breno","10","10","2","90","18","0","90","0","0","18","0","2023","Feriale","estivo","10.268355766","45.943563723","POINT (10.268355766 45.943563723)"
"C_Luglio2023","2.803","S01756","LO","CO","Rovellasca-Manera","13201","Rovellasca","Saronno - Como","310","70","8","750","64","0","740","20","0","63","1","2023","Feriale","estivo","9.038331172","0.456656699","POINT (9.038331172 45.6656699)"
"C_nov 2018","2.910","S01112","LO","MI","Cesano Boscone","15074","Cesano Boscone","MILANO-MORTARA-AL","180","110","8","640","70","640","10","0","69","1","0","2018","Fer","Invernale","0.909119676","45.430270342","POINT (9.09119676 45.430270342)"
"C_nov 2015","2.841","S13653","LO","VA","Maccagno","12094","Maccagno","LUINO-BELLINZONA","10","10","1","10","10","0","10","0","0","10","0","2015","Fer","Invernale","8.737538107","4.604315311","POINT (8.737538107 46.04315311)"
"C_nov 2015","142","S01412","LO","LC","FIUMELATTE","97084","Varenna","TIRANO-MILANO Lc-So","10","0","4","20","27","0","20","10","0","26","1","2015","Fer","Invernale","9.292892864","45.999092366","POINT (9.292892864 45.999092366)"
"C_nov 2015","295","S01901","LO","BS","BAGNOLO MELLA","17009","Bagnolo Mella","BRESCIA-CREMONA","70","20","3","240","31","0","240","0","0","31","0","2015","Fer","Invernale","10.183641825","45.428611146","POINT (10.183641825 45.428611146)"
"C_Luglio2023","48","S00406","LO","PV","MEDE","18088","Mede","CAVA C.-TORREBER","30","20","4","110","24","0","110","0","0","24","0","2023","Feriale","estivo","8.742632705","45.095095656","POINT (8.742632705 45.095095656)"
"C_Luglio2023","2.819","S01084","LO","MI","Varedo","108045","Varedo","Milano Nord Bovisa - Seve","780","160","16","2010","133","2010","0","0","133","0","0","2023","Feriale","estivo","9.153183844","45.595435441","POINT (9.153183844 45.595435441)"
"C_nov 2018","311","S01921","LO","MN","MARCARIA","20031","Marcaria","CODOGNO-MANTOVA","30","10","2","50","12","0","40","20","0","9","3","2018","Fer","Invernale","10.533674343","45.124599549","POINT (10.533674343 45.124599549)"
"C_nov 2021","2.730","S01091","LO","CO","Carugo-Giussano","13048","Carugo","Seveso - Asso","310","80","7","870","46","0","870","0","0","46","0","2021","Feriale","Invernale","9.198950125","45.705742211","POINT (9.198950125 45.705742211)"
"C_nov 2022","2.865","S01624","LO","MI","SAN DONATO MILANESE","15192","San Donato Milanese","MILANO-BOLOGNA","90","190","8","520","69","520","0","0","69","0","0","2022","Feriale","Invernale","9.253900071","45.417940908","POINT (9.253900071 45.417940908)"
"C_nov 2022","48","S00406","LO","PV","MEDE","18088","Mede","CAVA C.-TORREBER","40","20","4","150","24","0","150","0","0","24","0","2022","Feriale","Invernale","8.742632705","45.095095656","POINT (8.742632705 45.095095656)"
"C_nov 2019","300","S01910","LO","LO","MALEO","98035","Maleo","CODOGNO-MANTOVA","10","10","3","20","13","0","20","0","0","12","1","2019","Fer","Invernale","9.755227418","45.170199162","POINT (9.755227418 45.170199162)"
"C_Novembre2023","164","S01440","LO","SO","TIRANO","14066","Tirano","TIRANO-MILANO So-Tir","170","70","2","600","27","0","10","590","0","4","23","2023","Feriale","Invernale","10.166987267","46.215458161","POINT (10.166987267 46.215458161)"
"C_nov 2020","174","S01461","LO","LC","SALA AL BARRO-GALBIATE","97036","Galbiate","MONZA-LECCO","10","10","7","40","37","40","10","0","34","3","0","2020","Feriale","Invernale","9.359251698","45.821167176","POINT (9.359251698 45.821167176)"
"C_Luglio2023","152","S01426","LO","SO","TALAMONA","14063","Talamona","TIRANO-MILANO Lc-So","20","20","5","70","35","0","60","10","0","30","5","2023","Feriale","estivo","0.959956252","46.139593883","POINT (9.59956252 46.139593883)"
"C_nov 2018","2.752","S01006","LO","BS","Darfo-Corna","17065","Darfo Boario Terme","Pisogne - Breno","40","70","4","250","32","0","140","120","0","19","13","2018","Fer","Invernale","10.181314081","45.884311375","POINT (10.181314081 45.884311375)"
"C_nov 2019","111","S01203","LO","VA","ARCISATE","12004","Arcisate","PORTO C.-GALLARATE","390","120","12","990","104","730","0","270","70","0","34","2019","Fer","Invernale","8.862448264","4.585865032","POINT (8.862448264 45.85865032)"
"C_Luglio2023","175","S01462","LO","LC","CIVATE","97022","Civate","MONZA-LECCO","20","20","5","140","34","140","10","0","33","1","0","2023","Feriale","estivo","9.352910244","45.831371067","POINT (9.352910244 45.831371067)"
"C_nov 2018","232","S01700","LO","MI","MILANO CENTRALE","15146","Milano","MILANO-BOLOGNA","2680","12180","44","31530","273","240","2860","28450","5","43","225","2018","Fer","Invernale","9.204867788","45.486276592","POINT (9.204867788 45.486276592)"
"C_nov 2020","126","S01320","LO","MI","DESIO","108023","Desio","CHIASSO-MILANO","260","160","15","1030","122","1030","0","0","122","0","0","2020","Feriale","Invernale","9.218522811","45.620194911","POINT (9.218522811 45.620194911)"
"C_nov 2017","200","S01520","LO","LC","LECCO","97042","Lecco","TIRANO-MILANO Mz-Lc","1550","3630","26","9300","201","4100","2600","2610","104","65","32","2017","Fer","Invernale","0.939367574","45.856547373","POINT (9.39367574 45.856547373)"
"C_nov 2015","147","S01417","LO","SO","PRATA-CAMPORTACCIO","14054","Prata Camportaccio","CHIAVENNA-COLICO","40","10","3","60","30","0","60","0","0","30","0","2015","Fer","Invernale","9.396817599","46.307723227","POINT (9.396817599 46.307723227)"
"C_nov 2022","2.732","S01098","LO","CO","Caslino d'Erba","13052","Caslino d'Erba","Seveso - Asso","30","10","2","70","29","0","70","0","0","29","0","2022","Feriale","Invernale","9.232326937","45.835130456","POINT (9.232326937 45.835130456)"
"C_nov 2016","335","S02336","LO","MN","MANTOVA","20030","Mantova","CODOGNO-MANTOVA","120","360","6","920","38","0","270","660","0","18","20","2016","Fer","Invernale","10.783189882","45.158827197","POINT (10.783189882 45.158827197)"
"C_nov 2022","259","S01822","LO","MI","MELEGNANO","15140","Melegnano","MILANO-BOLOGNA","840","260","8","2240","69","2240","0","0","69","0","0","2022","Feriale","Invernale","0.009319302","45.356405865","POINT (9.319302 45.356405865)"
"C_nov 2020","2.725","S01088","LO","CO","Cabiate","13035","Cabiate","Seveso - Asso","50","40","8","150","47","10","140","0","2","45","0","2020","Feriale","Invernale","9.168578192","45.675909631","POINT (9.168578192 45.675909631)"
"C_nov 2022","89","S01062","LO","MI","ABBIATEGRASSO","15002","Abbiategrasso","MILANO-MORTARA-AL","1020","320","8","2990","48","0","2990","0","0","48","0","2022","Feriale","Invernale","8.921337035","45.400715222","POINT (8.921337035 45.400715222)"
"C_nov 2018","2.712","S01741","LO","VA","Barasso-Comerio","12008","Barasso","Varese Nord - Laveno Momb","170","40","7","370","43","0","140","230","0","21","22","2018","Fer","Invernale","8.751273836","45.835130751","POINT (8.751273836 45.835130751)"
"C_nov 2022","2.806","S01933","LO","VA","Saronno","12119","Saronno","Milano Nord Cadorna - Sar","4610","3290","66","17040","504","3210","10530","3310","184","200","120","2022","Feriale","Invernale","9.030524424","0.456251346","POINT (9.030524424 45.6251346)"
"C_nov 2016","48","S00406","LO","PV","MEDE","18088","Mede","CAVA C.-TORREBER","70","10","4","240","26","0","240","0","0","26","0","2016","Fer","Invernale","8.742632705","45.095095656","POINT (8.742632705 45.095095656)"
"C_nov 2016","138","S01407","LO","LC","DORIO","97032","Dorio","TIRANO-MILANO Lc-So","10","10","3","50","27","0","50","10","0","26","1","2016","Fer","Invernale","9.319096567","46.102830519","POINT (9.319096567 46.102830519)"
"C_nov 2018","2.754","S01096","LO","CO","Erba","13095","Erba","Seveso - Asso","350","360","6","1300","50","0","1300","0","0","50","0","2018","Fer","Invernale","9.230305963","45.813198114","POINT (9.230305963 45.813198114)"
"C_nov 2020","149","S01422","LO","SO","DELEBIO","14026","Delebio","TIRANO-MILANO Lc-So","20","20","3","80","20","0","80","0","0","20","0","2020","Feriale","Invernale","9.461205764","46.138723845","POINT (9.461205764 46.138723845)"
"C_nov 2020","290","S01868","LO","PV","CHIGNOLO PO","18048","Chignolo Po","PAVIA-CASALPUST.","10","10","4","30","20","0","30","0","0","20","0","2020","Feriale","Invernale","9.494226195","45.161018526","POINT (9.494226195 45.161018526)"
"C_nov 2018","133","S01402","LO","SO","SAMOLACO","14057","Samolaco","CHIAVENNA-COLICO","40","10","3","80","30","0","80","0","0","30","0","2018","Fer","Invernale","9.423617479","46.246509103","POINT (9.423617479 46.246509103)"
"C_nov 2021","2.728","S01771","LO","BS","Capo di Ponte","17035","Capo di Ponte","Breno - Edolo","30","10","4","50","17","0","30","30","0","4","13","2021","Feriale","Invernale","10.346501697","46.030817614","POINT (10.346501697 46.030817614)"
"C_nov 2022","282","S01860","LO","PV","PAVIA","18110","Pavia","MILANO-GENOVA","1840","3370","31","9950","198","3260","4230","2460","70","97","31","2022","Feriale","Invernale","9.144713646","45.188924433","POINT (9.144713646 45.188924433)"
"C_nov 2018","322","S01944","LO","PV","BRONI","18024","Broni","ALESS.-PIACENZA","100","50","5","460","40","0","460","0","0","40","0","2018","Fer","Invernale","9.258788494","45.066345425","POINT (9.258788494 45.066345425)"
"C_Novembre2023","2.813","S01785","LO","BS","Sulzano","17182","Sulzano","Iseo - Pisogne","40","20","5","540","27","0","400","140","0","18","9","2023","Feriale","Invernale","10.100657593","45.689468948","POINT (10.100657593 45.689468948)"
"C_nov 2019","2.720","S01789","LO","BS","Bornato Calino","17046","Cazzago San Martino","Brescia - Iseo","160","20","7","250","40","0","230","20","0","37","3","2019","Fer","Invernale","10.033113278","45.590424717","POINT (10.033113278 45.590424717)"
"C_nov 2021","2.790","S01083","LO","MI","Palazzolo Milanese","15166","Paderno Dugnano","Milano Nord Bovisa - Seve","850","240","19","2090","123","2090","0","0","123","0","0","2021","Feriale","Invernale","9.156496054","45.580997631","POINT (9.156496054 45.580997631)"
"C_nov 2022","2.858","S01643","LO","MI","MILANO LANCETTI","15146","Milano","PASSANTE","770","1030","39","4480","330","4480","0","0","330","0","0","2022","Feriale","Invernale","9.177354467","45.493471578","POINT (9.177354467 45.493471578)"
"C_Luglio2023","317","S01932","LO","PV","BARBIANELLO","18008","Barbianello","PAVIA-STRADELLA","10","10","3","40","26","0","40","0","0","26","0","2023","Feriale","estivo","0.920419733","45.072712294","POINT (9.20419733 45.072712294)"
"C_nov 2018","332","S02088","VE","VR","PESCHIERA DEL GARDA","23059","Peschiera del Garda","MILANO-VENEZIA","330","170","6","1360","34","0","40","1320","0","2","32","2018","Fer","Invernale","1.070247103","4.543838223","POINT (10.70247103 45.43838223)"
"C_Novembre2023","261","S01824","LO","LO","TAVAZZANO","98056","Tavazzano con Villavesco","MILANO-BOLOGNA","670","130","8","1520","70","1520","0","0","70","0","0","2023","Feriale","Invernale","9.402775545","45.326370144","POINT (9.402775545 45.326370144)"
"C_nov 2017","47","S00405","LO","PV","LOMELLO","18083","Lomello","CAVA C.-TORREBER","40","10","4","100","26","0","100","0","0","26","0","2017","Fer","Invernale","8.799151452","45.117357692","POINT (8.799151452 45.117357692)"
"C_nov 2016","311","S01921","LO","MN","MARCARIA","20031","Marcaria","CODOGNO-MANTOVA","30","10","3","60","20","0","40","20","0","17","3","2016","Fer","Invernale","10.533674343","45.124599549","POINT (10.533674343 45.124599549)"
"C_nov 2017","2.730","S01091","LO","CO","Carugo-Giussano","13048","Carugo","Seveso - Asso","390","80","7","830","50","0","830","0","0","50","0","2017","Fer","Invernale","9.198950125","45.705742211","POINT (9.198950125 45.705742211)"
"C_Novembre2023","5.832","S01067","LO","MI","Milano Nord Domodossola","15146","Milano","Milano Nord Cadorna - Sar","970","3720","51","7960","378","3370","4130","470","145","212","21","2023","Feriale","Invernale","9.162155141","45.480836572","POINT (9.162155141 45.480836572)"
"C_nov 2016","2.819","S01084","LO","MI","Varedo","108045","Varedo","Milano Nord Bovisa - Seve","980","170","16","2050","135","2050","0","0","135","0","0","2016","Fer","Invernale","9.153183844","45.595435441","POINT (9.153183844 45.595435441)"
"C_nov 2015","228","S01631","LO","MI","MILANO PORTA GENOVA","15146","Milano","MILANO-MORTARA-AL","240","2850","7","6540","51","0","6540","0","0","51","0","2015","FER","Invernale","9.169330605","45.453458231","POINT (9.169330605 45.453458231)"
"C_nov 2022","218","S01601","LO","BG","TREVIGLIO OVEST","16219","Treviglio","BERGAMO-CREMONA","360","130","11","780","62","0","450","330","0","46","16","2022","Feriale","Invernale","0.958031324","45.521845567","POINT (9.58031324 45.521845567)"
"C_nov 2022","283","S01861","LO","PV","PAVIA PORTA GARIBALDI","18110","Pavia","PAVIA-CASALPUST.","20","230","4","210","22","0","210","0","0","22","0","2022","Feriale","Invernale","9.167359084","45.184073158","POINT (9.167359084 45.184073158)"
"C_Luglio2023","180","S01483","LO","MI","BIASSONO-LESMO","108009","Biassono","MONZA-LECCO","110","20","6","240","44","230","0","10","41","1","2","2023","Feriale","estivo","9.298437032","45.632291281","POINT (9.298437032 45.632291281)"
"C_nov 2016","2.765","S01093","LO","CO","Inverigo","13118","Inverigo","Seveso - Asso","290","40","6","540","50","0","540","0","0","50","0","2016","Fer","Invernale","9.224441129","45.740269966","POINT (9.224441129 45.740269966)"
"C_Luglio2023","2.733","S01752","LO","MI","Castano Primo","15062","Castano Primo","Saronno - Novara","220","70","6","580","34","0","580","0","0","34","0","2023","Feriale","estivo","8.772746679","45.556048921","POINT (8.772746679 45.556048921)"
"C_nov 2016","2.787","S01070","LO","MI","Novate Milanese","15157","Novate Milanese","Milano Nord Cadorna - Sar","1230","450","18","3580","141","3580","0","0","141","0","0","2016","Fer","Invernale","9.132723827","45.533079873","POINT (9.132723827 45.533079873)"
"C_nov 2022","94","S01116","LO","VA","PORTO VALTRAVAGLIA","12114","Porto Valtravaglia","LUINO-GALLARATE","20","10","3","100","29","40","60","0","10","19","0","2022","Feriale","Invernale","0.867417775","45.958294809","POINT (8.67417775 45.958294809)"
"C_nov 2022","5.832","S01067","LO","MI","Milano Nord Domodossola","15146","Milano","Milano Nord Cadorna - Sar","1090","3110","52","8490","368","3270","4840","400","140","207","21","2022","Feriale","Invernale","9.162155141","45.480836572","POINT (9.162155141 45.480836572)"
"C_nov 2016","155","S01429","LO","SO","CASTIONE ANDEVENNO","14015","Castione Andevenno","TIRANO-MILANO Lc-So","0","0","1","0","1","0","0","0","0","1","0","2016","Fer","Invernale","9.806179088","46.161737068","POINT (9.806179088 46.161737068)"
"C_Luglio2023","2.782","S01642","LO","MI","MILANO NORD BOVISA","15146","Milano","Milano Nord Cadorna - Sar","3200","4490","92","16340","720","8580","5720","2050","346","251","123","2023","Feriale","estivo","9.158986972","4.550377781","POINT (9.158986972 45.50377781)"
"C_nov 2018","173","S01460","LO","LC","OGGIONO","97057","Oggiono","MONZA-LECCO","290","310","8","870","41","760","120","0","36","5","0","2018","Fer","Invernale","9.337510786","45.789065364","POINT (9.337510786 45.789065364)"
"C_nov 2020","180","S01483","LO","MI","BIASSONO-LESMO","108009","Biassono","MONZA-LECCO","20","10","6","50","40","50","0","0","40","0","0","2020","Feriale","Invernale","9.298437032","45.632291281","POINT (9.298437032 45.632291281)"
"C_nov 2020","245","S01714","LO","BS","ROVATO","17166","Rovato","MILANO-VENEZIA","160","110","14","720","100","0","430","300","0","66","34","2020","Feriale","Invernale","10.000952147","45.552008269","POINT (10.000952147 45.552008269)"
"C_Novembre2023","246","S01716","LO","BS","OSPITALETTO TRAVAGLIATO","17127","Ospitaletto","MILANO-VENEZIA","160","60","9","490","62","0","490","0","0","62","0","2023","Feriale","Invernale","10.074385735","45.546125054","POINT (10.074385735 45.546125054)"
"C_nov 2016","185","S01488","LO","MI","BESANA","108008","Besana in Brianza","MONZA-LECCO","260","90","6","670","40","670","0","0","40","0","0","2016","Fer","Invernale","0.928291338","45.702901578","POINT (9.28291338 45.702901578)"
"C_nov 2021","199","S01515","LO","LC","AIRUNO","97002","Airuno","TIRANO-MILANO Mz-Lc","270","50","8","540","65","540","0","0","65","0","0","2021","Feriale","Invernale","9.422096968","45.754167715","POINT (9.422096968 45.754167715)"
"C_nov 2022","223","S01606","LO","CR","CASTELLEONE","19025","Castelleone","BERGAMO-CREMONA","100","40","5","330","36","0","330","0","0","36","0","2022","Feriale","Invernale","9.767822253","45.301905969","POINT (9.767822253 45.301905969)"
"C_nov 2016","2.727","S01099","LO","CO","Canzo","13042","Canzo","Seveso - Asso","140","20","6","300","39","0","300","0","0","39","0","2016","Fer","Invernale","0.927022843","45.849100359","POINT (9.27022843 45.849100359)"
"C_nov 2020","2.797","S01097","LO","CO","Pontelambro-Castelmarte","13188","Ponte Lambro","Seveso - Asso","20","10","3","90","34","0","90","0","0","34","0","2020","Feriale","Invernale","9.225759459","45.829181272","POINT (9.225759459 45.829181272)"
"C_Luglio2023","2.806","S01933","LO","VA","Saronno","12119","Saronno","Milano Nord Cadorna - Sar","3540","1970","62","12570","471","1900","7650","3030","147","201","123","2023","Feriale","estivo","9.030524424","0.456251346","POINT (9.030524424 45.6251346)"
"C_nov 2020","35","S00273","LO","PV","NICORVO","18103","Nicorvo","VERCELLI-PAVIA","10","0","2","10","15","0","10","0","0","15","0","2020","Feriale","Invernale","8.671238408","45.275537833","POINT (8.671238408 45.275537833)"
"C_Luglio2023","140","S01409","LO","LC","BELLANO-TARTAVALLE TERME","97008","Bellano","TIRANO-MILANO Lc-So","40","30","4","570","67","0","330","240","0","35","32","2023","Feriale","estivo","9.302811247","4.603952264","POINT (9.302811247 46.03952264)"
"C_nov 2015","2.725","S01088","LO","CO","Cabiate","13035","Cabiate","Seveso - Asso","220","60","10","490","61","40","450","0","9","52","0","2015","Fer","Invernale","9.168578192","45.675909631","POINT (9.168578192 45.675909631)"
"C_nov 2020","317","S01932","LO","PV","BARBIANELLO","18008","Barbianello","PAVIA-STRADELLA","10","10","4","30","26","0","30","0","0","26","0","2020","Feriale","Invernale","0.920419733","45.072712294","POINT (9.20419733 45.072712294)"
"C_Novembre2023","236","S01705","LO","MI","MELZO","15142","Melzo","MILANO-VENEZIA","780","430","16","2020","95","2020","10","10","92","2","1","2023","Feriale","Invernale","9.433304033","4.550454073","POINT (9.433304033 45.50454073)"
"C_nov 2020","73","S01026","LO","VA","SESTO CALENDE","12120","Sesto Calende","DOMODOSSOLA-MILANO","130","160","10","360","51","0","230","130","0","33","18","2020","Feriale","Invernale","0.862816964","45.726314213","POINT (8.62816964 45.726314213)"
"C_nov 2021","2.817","S01751","LO","MI","Turbigo","15226","Turbigo","Saronno - Novara","260","90","6","650","34","0","650","0","0","34","0","2021","Feriale","Invernale","8.738913891","45.528044364","POINT (8.738913891 45.528044364)"
"C_nov 2020","116","S01209","LO","VA","ALBIZZATE-SOLBIATE ARNO","12002","Albizzate","PORTO C.-GALLARATE","50","30","7","200","63","190","0","10","62","0","1","2020","Feriale","Invernale","8.806241922","45.724198779","POINT (8.806241922 45.724198779)"
"C_nov 2022","2.756","S01760","LO","CO","Fino Mornasco","13102","Fino Mornasco","Saronno - Como","420","100","8","1080","62","0","1080","0","0","62","0","2022","Feriale","Invernale","9.047021129","45.746532082","POINT (9.047021129 45.746532082)"
"C_nov 2020","130","S01326","LO","MI","MILANO GRECO PIRELLI","15146","Milano","CHIASSO-MILANO","380","680","52","2390","363","1610","780","0","228","134","1","2020","Feriale","Invernale","9.214496679","45.512803065","POINT (9.214496679 45.512803065)"
"C_nov 2022","2.824","S01734","LO","VA","Venegono Inferiore","12136","Venegono Inferiore","Saronno - Varese Nord","280","230","8","750","59","0","750","0","0","59","0","2022","Feriale","Invernale","8.895091616","45.736654968","POINT (8.895091616 45.736654968)"
"C_Novembre2023","204","S01525","LO","BG","CISANO-CAPRINO BERGAM.","16074","Cisano Bergamasco","LECCO-BRESCIA","170","40","4","540","31","0","540","0","0","31","0","2023","Feriale","Invernale","9.474295043","45.739683366","POINT (9.474295043 45.739683366)"
"C_nov 2017","2.798","S01761","LO","CO","Portichetto-Luisago","13135","Luisago","Saronno - Como","340","70","8","710","61","0","710","10","0","60","1","2017","Fer","Invernale","9.050289685","45.759200753","POINT (9.050289685 45.759200753)"
"C_nov 2017","271","S01843","LO","BS","CALVISANO","17034","Calvisano","BRESCIA-PARMA","50","20","4","130","24","0","130","0","0","24","0","2017","Fer","Invernale","10.349435029","45.346652138","POINT (10.349435029 45.346652138)"
"C_nov 2022","2.789","S01082","LO","MI","Paderno Dugnano","15166","Paderno Dugnano","Milano Nord Bovisa - Seve","1030","380","16","2640","128","2640","0","0","128","0","0","2022","Feriale","Invernale","9.161231422","45.564852006","POINT (9.161231422 45.564852006)"
"C_nov 2021","289","S01867","LO","PV","MIRADOLO TERME","18093","Miradolo Terme","PAVIA-CASALPUST.","50","10","4","140","22","0","140","0","0","22","0","2021","Feriale","Invernale","9.449985524","45.162088065","POINT (9.449985524 45.162088065)"
"C_Novembre2023","5.837","S01611","LO","BG","LEVATE","16126","Levate","BERGAMO-CREMONA","180","60","8","520","47","0","520","10","0","46","1","2023","Feriale","Invernale","0.962785005","45.622899995","POINT (9.62785005 45.622899995)"
"C_nov 2021","5.838","S01612","LO","BG","STEZZANO","16207","Stezzano","BERGAMO-CREMONA","90","50","7","240","47","0","240","0","0","46","1","2021","Feriale","Invernale","9.644627368","45.658395935","POINT (9.644627368 45.658395935)"
"C_nov 2019","2.798","S01761","LO","CO","Portichetto-Luisago","13135","Luisago","Saronno - Como","330","90","8","660","61","0","660","0","0","61","0","2019","Fer","Invernale","9.050289685","45.759200753","POINT (9.050289685 45.759200753)"
"C_nov 2021","40","S00278","LO","PV","VILLANOVA D'ARDENGHI","18179","Villanova d'Ardenghi","VERCELLI-PAVIA","10","10","4","20","25","0","20","0","0","25","0","2021","Feriale","Invernale","9.037210497","45.157063438","POINT (9.037210497 45.157063438)"
"C_Luglio2023","2.743","S01746","LO","VA","Cittiglio","12051","Cittiglio","Varese Nord - Laveno Momb","100","40","6","400","40","0","200","200","0","23","17","2023","Feriale","estivo","8.667398533","45.892327453","POINT (8.667398533 45.892327453)"
"C_Luglio2023","2.798","S01761","LO","CO","Portichetto-Luisago","13135","Luisago","Saronno - Como","150","90","8","520","64","0","510","20","0","63","1","2023","Feriale","estivo","9.050289685","45.759200753","POINT (9.050289685 45.759200753)"
"C_nov 2016","2.730","S01091","LO","CO","Carugo-Giussano","13048","Carugo","Seveso - Asso","350","80","7","730","50","0","730","0","0","50","0","2016","Fer","Invernale","9.198950125","45.705742211","POINT (9.198950125 45.705742211)"
"C_Luglio2023","7","S00036","LO","PV","OLEVANO","18104","Olevano di Lomellina","MILANO-MORTARA-AL","10","10","1","30","11","0","30","0","0","11","0","2023","Feriale","estivo","0.871185336","4.521219615","POINT (8.71185336 45.21219615)"
"C_nov 2021","2.825","S01735","LO","VA","Venegono Sup.-Castiglione","12137","Venegono Superiore","Saronno - Varese Nord","180","60","8","460","58","0","460","0","0","58","0","2021","Feriale","Invernale","8.890295606","45.758175712","POINT (8.890295606 45.758175712)"
"C_nov 2021","288","S01866","LO","PV","S.CRISTINA E BISSONE","18139","Santa Cristina e Bissone","PAVIA-CASALPUST.","40","10","4","90","22","0","90","0","0","22","0","2021","Feriale","Invernale","9.401036576","45.160614144","POINT (9.401036576 45.160614144)"
"C_nov 2020","314","S01924","LO","MN","S.MICHELE IN BOSCO","20031","Marcaria","CODOGNO-MANTOVA","0","0","1","0","6","0","0","0","0","6","0","2020","Feriale","Invernale","10.573308108","45.122485012","POINT (10.573308108 45.122485012)"
"C_nov 2019","2.818","S01753","LO","MI","Vanzaghello","15249","Vanzaghello","Saronno - Novara","400","80","6","830","38","0","830","0","0","38","0","2019","Fer","Invernale","8.787492635","4.557757515","POINT (8.787492635 45.57757515)"
"C_nov 2021","2.859","S01139","LO","VA","Malpensa Aeroporto T1","12140","Vizzola Ticino","Busto Arsizio - Malpensa","490","1050","22","4950","175","390","1160","3420","35","42","98","2021","Feriale","Invernale","8.711317166","45.626885232","POINT (8.711317166 45.626885232)"
"C_nov 2015","5.838","S01612","LO","BG","STEZZANO","16207","Stezzano","BERGAMO-CREMONA","120","40","8","250","53","0","250","0","0","52","1","2015","Fer","Invernale","9.644627368","45.658395935","POINT (9.644627368 45.658395935)"
"C_Novembre2023","186","S01489","LO","MI","RENATE VEDUGGIO","108037","Renate","MONZA-LECCO","190","30","6","440","38","440","0","0","38","0","0","2023","Feriale","Invernale","0.927986722","4.572838114","POINT (9.27986722 45.72838114)"
"C_nov 2015","324","S01947","LO","PV","ARENA PO","18005","Arena Po","ALESS.-PIACENZA","10","0","2","30","18","0","30","0","0","18","0","2015","Fer","Invernale","9.360421355","45.082147008","POINT (9.360421355 45.082147008)"
"C_Luglio2023","105","S01142","LO","VA","TRAVEDONA-BIANDRONNO","12128","Travedona-Monate","LUINO-GALLARATE","10","10","3","50","28","20","40","0","13","15","0","2023","Feriale","estivo","8.696358289","4.580968175","POINT (8.696358289 45.80968175)"
"C_nov 2022","73","S01026","LO","VA","SESTO CALENDE","12120","Sesto Calende","DOMODOSSOLA-MILANO","450","190","8","1610","51","0","990","620","0","33","18","2022","Feriale","Invernale","0.862816964","45.726314213","POINT (8.62816964 45.726314213)"
"C_nov 2020","137","S01406","LO","LC","PIONA","97023","Colico","TIRANO-MILANO Lc-So","10","0","2","20","24","0","20","0","0","23","1","2020","Feriale","Invernale","0.935079332","46.124769888","POINT (9.35079332 46.124769888)"
"C_nov 2015","317","S01932","LO","PV","BARBIANELLO","18008","Barbianello","PAVIA-STRADELLA","20","10","4","100","28","0","100","0","0","28","0","2015","Fer","Invernale","0.920419733","45.072712294","POINT (9.20419733 45.072712294)"
"C_nov 2021","2.975","S01206","LO","VA","Cantello Gaggiolo","12030","Cantello","Mendrisio-Varese","180","30","9","520","66","520","0","0","66","0","0","2021","Feriale","Invernale","8.906974756","45.837723396","POINT (8.906974756 45.837723396)"
"C_nov 2016","6","S00034","LO","PV","MORTARA","18102","Mortara","MILANO-MORTARA-AL","900","580","14","2960","87","0","2960","0","0","87","0","2016","Fer","Invernale","0.873168138","45.252256076","POINT (8.73168138 45.252256076)"
"C_nov 2021","2.824","S01734","LO","VA","Venegono Inferiore","12136","Venegono Inferiore","Saronno - Varese Nord","190","160","8","590","58","0","590","0","0","58","0","2021","Feriale","Invernale","8.895091616","45.736654968","POINT (8.895091616 45.736654968)"
"C_nov 2018","325","S01948","EM","PC","CASTEL S.GIOVANNI","33013","Castel San Giovanni","ALESS.-PIACENZA","60","20","1","290","18","0","290","0","0","18","0","2018","Fer","Invernale","9.436615112","4.506320024","POINT (9.436615112 45.06320024)"
"C_nov 2016","196","S01512","LO","LC","OSNAGO","97061","Osnago","TIRANO-MILANO Mz-Lc","450","40","8","870","68","870","0","0","68","0","0","2016","Fer","Invernale","9.387021835","45.678609287","POINT (9.387021835 45.678609287)"
"C_nov 2019","154","S01428","LO","SO","S.PIETRO BERBENNO","14007","Berbenno di Valtellina","TIRANO-MILANO Lc-So","60","10","4","100","18","0","100","0","0","18","0","2019","Fer","Invernale","9.740521601","46.161425271","POINT (9.740521601 46.161425271)"
"C_nov 2016","103","S01140","LO","VA","SANGIANO","12141","Sangiano","LUINO-GALLARATE","40","10","3","130","30","0","130","0","0","30","0","2016","Fer","Invernale","8.630805498","45.874544577","POINT (8.630805498 45.874544577)"
"C_nov 2022","41","S00279","LO","PV","CAVA CARBONARA","18151","Sommo","VERCELLI-PAVIA","10","10","5","20","26","0","20","0","0","26","0","2022","Feriale","Invernale","9.071427457","45.147136385","POINT (9.071427457 45.147136385)"
"C_nov 2018","2.779","S01078","LO","MI","Milano Affori","15146","Milano","Milano Nord Bovisa - Seve","900","2490","24","6350","186","4350","2010","0","135","51","0","2018","Fer","Invernale","9.167411293","45.521142914","POINT (9.167411293 45.521142914)"
"C_nov 2017","79","S01033","LO","MI","LEGNANO","15118","Legnano","DOMODOSSOLA-MILANO","1930","640","16","5610","115","3540","330","1740","74","6","35","2017","Fer","Invernale","8.910667666","4.559373533","POINT (8.910667666 45.59373533)"
"C_nov 2020","252","S01805","LO","PV","BRESSANA BOTTARONE","18023","Bressana Bottarone","MILANO-GENOVA","30","10","5","80","30","0","60","20","0","26","4","2020","Feriale","Invernale","0.911063508","45.086379858","POINT (9.11063508 45.086379858)"
"C_nov 2020","248","S01801","LO","MI","LOCATE TRIULZI","15125","Locate di Triulzi","MILANO-GENOVA","190","100","8","780","71","780","0","0","70","0","1","2020","Feriale","Invernale","9.221434768","45.359805985","POINT (9.221434768 45.359805985)"
"C_nov 2021","2.721","S01085","LO","MI","Bovisio Masciago - Mombello","108010","Bovisio-Masciago","Milano Nord Bovisa - Seve","550","320","19","1530","122","1530","0","0","122","0","0","2021","Feriale","Invernale","9.141581449","45.612055387","POINT (9.141581449 45.612055387)"
"C_nov 2017","113","S01205","LO","VA","VARESE","12133","Varese","PORTO C.-GALLARATE","850","1180","13","3860","107","2070","0","1790","72","0","35","2017","Fer","Invernale","0.883313115","45.816277257","POINT (8.83313115 45.816277257)"
"C_Luglio2023","95","S01117","LO","VA","CALDE'","12045","Castelveccana","LUINO-GALLARATE","10","10","2","70","28","40","40","0","13","15","0","2023","Feriale","estivo","8.663196767","45.945891984","POINT (8.663196767 45.945891984)"
"C_nov 2019","257","S01820","LO","MI","MILANO ROGOREDO","15146","Milano","MILANO-BOLOGNA","3210","5240","45","18700","331","10560","4460","3690","215","67","49","2019","Fer","Invernale","9.238727378","4.543484983","POINT (9.238727378 45.43484983)"
"C_nov 2016","5.820","S01492","LO","MI","Milano Forlanini","15146","Milano","PASSANTE","600","880","24","2790","215","2790","0","0","215","0","0","2016","Fer","Invernale","9.237061003","45.462399481","POINT (9.237061003 45.462399481)"
"C_nov 2017","298","S01904","LO","CR","ROBECCO-PONTEVICO","19085","Robecco d'Oglio","BRESCIA-CREMONA","50","10","3","90","31","0","90","0","0","31","0","2017","Fer","Invernale","10.078618004","45.266299802","POINT (10.078618004 45.266299802)"
"C_nov 2020","226","S01610","LO","CR","MADIGNANO","19055","Madignano","BERGAMO-CREMONA","10","10","4","30","32","0","30","0","0","32","0","2020","Feriale","Invernale","9.730205146","45.343905446","POINT (9.730205146 45.343905446)"
"C_nov 2019","2.793","S01780","LO","BS","Piancamuno-Gratacasolo","17142","Pian Camuno","Pisogne - Breno","20","10","3","50","19","0","50","0","0","19","0","2019","Fer","Invernale","10.138337016","45.839909876","POINT (10.138337016 45.839909876)"
"C_nov 2016","228","S01631","LO","MI","MILANO PORTA GENOVA","15146","Milano","MILANO-MORTARA-AL","180","2630","7","6590","46","0","6590","0","0","46","0","2016","Fer","Invernale","9.169330605","45.453458231","POINT (9.169330605 45.453458231)"
"C_nov 2015","192","S01503","LO","BG","CALUSCO","16046","Calusco d'Adda","SEREGNO-BERGAMO","540","80","8","1100","49","0","1100","0","0","49","0","2015","Fer","Invernale","9.470679691","45.684190766","POINT (9.470679691 45.684190766)"
"C_nov 2020","107","S01144","LO","VA","MORNAGO CIMBRO","12106","Mornago","LUINO-GALLARATE","10","10","4","50","26","0","50","0","0","26","0","2020","Feriale","Invernale","8.734232423","45.729818919","POINT (8.734232423 45.729818919)"
"C_nov 2020","169","S01454","LO","CO","MERONE","13147","Merone","ALBATE-MOLTENO","30","20","9","150","57","0","150","0","0","57","0","2020","Feriale","Invernale","9.243809899","4.578144619","POINT (9.243809899 45.78144619)"
"C_nov 2017","35","S00273","LO","PV","NICORVO","18103","Nicorvo","VERCELLI-PAVIA","20","10","5","20","28","0","20","0","0","28","0","2017","Fer","Invernale","8.671238408","45.275537833","POINT (8.671238408 45.275537833)"
"C_nov 2020","2.745","S01744","LO","VA","Cocquio-Trevisago","12053","Cocquio-Trevisago","Varese Nord - Laveno Momb","40","30","6","140","37","0","90","60","0","23","14","2020","Feriale","Invernale","8.690075387","45.860132463","POINT (8.690075387 45.860132463)"
"C_nov 2017","173","S01460","LO","LC","OGGIONO","97057","Oggiono","MONZA-LECCO","340","360","8","950","41","810","150","0","36","5","0","2017","Fer","Invernale","9.337510786","45.789065364","POINT (9.337510786 45.789065364)"
"C_nov 2015","265","S01828","LO","LO","CODOGNO","98019","Codogno","MILANO-BOLOGNA","860","290","15","2500","115","0","1650","850","0","94","21","2015","FER","Invernale","9.701405698","45.154978635","POINT (9.701405698 45.154978635)"
"C_nov 2022","313","S01923","LO","MN","CASTELLUCCHIO","20016","Castellucchio","CODOGNO-MANTOVA","60","30","4","140","28","0","50","100","0","7","21","2022","Feriale","Invernale","10.647514805","45.144370088","POINT (10.647514805 45.144370088)"
"C_Luglio2023","93","S01113","LO","VA","LUINO","12092","Luino","LUINO-GALLARATE","70","50","4","290","29","150","150","0","13","16","0","2023","Feriale","estivo","8.737497575","45.996713632","POINT (8.737497575 45.996713632)"
"C_Luglio2023","296","S01902","LO","BS","MANERBIO","17103","Manerbio","BRESCIA-CREMONA","70","30","4","320","33","0","320","0","0","33","0","2023","Feriale","estivo","10.132373607","45.357291955","POINT (10.132373607 45.357291955)"
"C_Luglio2023","2.857","S01647","LO","MI","MILANO P.G. PASS.","15146","Milano","PASSANTE","2470","4330","39","15300","332","15300","0","0","332","0","0","2023","Feriale","estivo","9.185954917","45.484354097","POINT (9.185954917 45.484354097)"
"C_nov 2016","149","S01422","LO","SO","DELEBIO","14026","Delebio","TIRANO-MILANO Lc-So","110","20","4","290","28","0","290","10","0","27","1","2016","Fer","Invernale","9.461205764","46.138723845","POINT (9.461205764 46.138723845)"
"C_nov 2019","247","S01717","LO","BS","BRESCIA","17029","Brescia","MILANO-VENEZIA","1730","2480","24","10200","155","0","4790","5410","0","107","48","2019","Fer","Invernale","10.212859202","4.553239364","POINT (10.212859202 45.53239364)"
"C_nov 2022","182","S01485","LO","MI","TRIUGGIO-PONTE ALBIATE","108043","Triuggio","MONZA-LECCO","210","60","8","380","40","380","0","0","40","0","0","2022","Feriale","Invernale","9.266989378","45.659034087","POINT (9.266989378 45.659034087)"
"C_Luglio2023","2.805","S01784","LO","BS","Sale Marasino","17169","Sale Marasino","Iseo - Pisogne","30","20","4","310","32","0","150","170","0","21","11","2023","Feriale","estivo","10.111830104","4.571279216","POINT (10.111830104 45.71279216)"
"C_Novembre2023","2.798","S01761","LO","CO","Portichetto-Luisago","13135","Luisago","Saronno - Como","280","100","8","670","64","0","660","20","0","63","1","2023","Feriale","Invernale","9.050289685","45.759200753","POINT (9.050289685 45.759200753)"
"C_Luglio2023","244","S01713","LO","BS","CHIARI","17052","Chiari","MILANO-VENEZIA","380","130","9","1560","68","0","570","1000","0","32","36","2023","Feriale","estivo","9.926507709","45.540192478","POINT (9.926507709 45.540192478)"
"C_nov 2015","2.773","S01767","LO","BS","Malonno","17101","Malonno","Breno - Edolo","40","10","3","60","17","0","40","30","0","4","13","2015","Fer","Invernale","10.316784194","46.118514889","POINT (10.316784194 46.118514889)"
"C_nov 2019","2.782","S01642","LO","MI","MILANO NORD BOVISA","15146","Milano","Milano Nord Cadorna - Sar","6110","8060","97","31510","749","17230","10280","4010","370","240","139","2019","Fer","Invernale","9.158986972","4.550377781","POINT (9.158986972 45.50377781)"
"C_nov 2017","305","S01915","LO","CR","CREMONA","19036","Cremona","CODOGNO-MANTOVA","640","900","16","3190","133","0","1740","1450","0","112","21","2017","Fer","Invernale","10.017983096","45.143301262","POINT (10.017983096 45.143301262)"
"C_nov 2021","312","S01922","LO","MN","OSPITALETTO MANTOV.","20031","Marcaria","CODOGNO-MANTOVA","0","0","1","10","6","0","10","0","0","6","0","2021","Feriale","Invernale","10.604427864","45.129824898","POINT (10.604427864 45.129824898)"
"C_nov 2019","5.820","S01492","LO","MI","Milano Forlanini","15146","Milano","PASSANTE","920","1310","24","4520","212","4520","0","0","212","0","0","2019","Fer","Invernale","9.237061003","45.462399481","POINT (9.237061003 45.462399481)"
"C_nov 2019","223","S01606","LO","CR","CASTELLEONE","19025","Castelleone","BERGAMO-CREMONA","150","30","5","370","36","0","370","0","0","36","0","2019","Fer","Invernale","9.767822253","45.301905969","POINT (9.767822253 45.301905969)"
"C_Novembre2023","2.752","S01006","LO","BS","Darfo-Corna","17065","Darfo Boario Terme","Pisogne - Breno","30","70","2","90","13","0","90","10","0","11","2","2023","Feriale","Invernale","10.181314081","45.884311375","POINT (10.181314081 45.884311375)"
"C_nov 2021","225","S01609","LO","CR","CASALBUTTANO","19016","Casalbuttano ed Uniti","BERGAMO-CREMONA","30","20","4","200","36","0","200","0","0","36","0","2021","Feriale","Invernale","9.962387322","45.255479026","POINT (9.962387322 45.255479026)"
"C_nov 2017","275","S01847","LO","MN","ASOLA","20002","Asola","BRESCIA-PARMA","60","20","3","200","25","0","200","0","0","25","0","2017","Fer","Invernale","10.402333601","45.220534843","POINT (10.402333601 45.220534843)"
"C_nov 2021","247","S01717","LO","BS","BRESCIA","17029","Brescia","MILANO-VENEZIA","1200","2440","31","8160","208","0","4470","3700","0","158","50","2021","Feriale","Invernale","10.212859202","4.553239364","POINT (10.212859202 45.53239364)"
"C_nov 2015","94","S01116","LO","VA","PORTO VALTRAVAGLIA","12114","Porto Valtravaglia","LUINO-GALLARATE","30","10","3","120","35","0","120","0","0","35","0","2015","FER","Invernale","0.867417775","45.958294809","POINT (8.67417775 45.958294809)"
"C_nov 2015","2.759","S01742","LO","VA","Gavirate","12072","Gavirate","Varese Nord - Laveno Momb","230","260","8","950","45","0","400","550","0","24","21","2015","Fer","Invernale","8.714805048","4.584561142","POINT (8.714805048 45.84561142)"
"C_nov 2018","128","S01322","LO","MI","MONZA","108033","Monza","CHIASSO-MILANO","5620","3390","52","21670","355","14210","2520","4950","251","46","58","2018","Fer","Invernale","9.273281444","45.577867268","POINT (9.273281444 45.577867268)"
"C_nov 2021","2.791","S01793","LO","BS","Passirano","17136","Passirano","Brescia - Iseo","90","10","7","150","38","0","150","0","0","38","0","2021","Feriale","Invernale","1.006368133","45.590113375","POINT (10.06368133 45.590113375)"
"C_nov 2017","108","S01145","LO","VA","BESNATE","12012","Besnate","LUINO-GALLARATE","80","20","4","110","18","0","110","0","0","18","0","2017","Fer","Invernale","8.761109294","45.695486482","POINT (8.761109294 45.695486482)"
"C_nov 2017","257","S01820","LO","MI","MILANO ROGOREDO","15146","Milano","MILANO-BOLOGNA","2750","5350","43","16860","329","8950","4600","3320","214","67","48","2017","Fer","Invernale","9.238727378","4.543484983","POINT (9.238727378 45.43484983)"
"C_nov 2017","3","S00031","PI","NO","VESPOLATE","3158","Vespolate","NOVARA-MORTARA","80","10","3","90","10","0","90","0","0","10","0","2017","Fer","Invernale","8.672069059","4.535153791","POINT (8.672069059 45.35153791)"
"C_nov 2015","263","S01826","LO","LO","SECUGNAGO","98052","Secugnago","MILANO-BOLOGNA","230","50","7","520","48","0","510","10","0","47","1","2015","FER","Invernale","9.586872164","4.522332986","POINT (9.586872164 45.22332986)"
"C_Luglio2023","8","S00037","LO","PV","VALLE LOMELLINA","18168","Valle Lomellina","MILANO-MORTARA-AL","20","10","1","60","11","0","60","0","0","11","0","2023","Feriale","estivo","8.685911785","45.150674037","POINT (8.685911785 45.150674037)"
"C_nov 2021","227","S01630","LO","MI","MILANO S. CRISTOFORO","15146","Milano","MILANO-MORTARA-AL","340","760","15","1820","103","860","960","0","59","44","0","2021","Feriale","Invernale","9.130288258","45.442478529","POINT (9.130288258 45.442478529)"
"C_nov 2019","151","S01425","LO","SO","MORBEGNO","14045","Morbegno","TIRANO-MILANO Lc-So","570","300","7","1430","46","0","600","840","0","18","28","2019","Fer","Invernale","9.568674621","46.136732198","POINT (9.568674621 46.136732198)"
"C_nov 2020","2.801","S01135","LO","MI","Rescaldina","15181","Rescaldina","Saronno - Novara","200","60","13","480","74","0","480","0","0","74","0","2020","Feriale","Invernale","8.946679489","45.622159013","POINT (8.946679489 45.622159013)"
"C_Luglio2023","2.752","S01006","LO","BS","Darfo-Corna","17065","Darfo Boario Terme","Pisogne - Breno","30","20","3","1090","30","0","110","980","0","19","11","2023","Feriale","estivo","10.181314081","45.884311375","POINT (10.181314081 45.884311375)"
"C_nov 2018","150","S01424","LO","SO","COSIO-TRAONA","14024","Cosio Valtellino","TIRANO-MILANO Lc-So","20","10","4","80","27","0","80","0","0","27","0","2018","Fer","Invernale","9.525530191","46.135638189","POINT (9.525530191 46.135638189)"
"C_nov 2022","2.853","S01748","PI","NO","Galliate","3068","Galliate","Saronno - Novara","220","110","6","590","34","0","590","0","0","34","0","2022","Feriale","Invernale","8.691135844","45.481138261","POINT (8.691135844 45.481138261)"
"C_nov 2020","267","S01830","LO","MI","BORGOLOMBARDO","15192","San Donato Milanese","MILANO-BOLOGNA","110","70","8","310","42","310","0","0","42","0","0","2020","Feriale","Invernale","9.271012475","4.540385926","POINT (9.271012475 45.40385926)"
"C_nov 2016","5.833","S01791","LO","BS","Rovato Città","17166","Rovato","Bornato - Rovato","10","10","4","10","16","0","10","0","0","16","0","2016","Fer","Invernale","10.005993837","45.565816711","POINT (10.005993837 45.565816711)"
"C_nov 2022","186","S01489","LO","MI","RENATE VEDUGGIO","108037","Renate","MONZA-LECCO","220","80","7","500","38","500","0","0","38","0","0","2022","Feriale","Invernale","0.927986722","4.572838114","POINT (9.27986722 45.72838114)"
"C_nov 2016","154","S01428","LO","SO","S.PIETRO BERBENNO","14007","Berbenno di Valtellina","TIRANO-MILANO Lc-So","60","10","5","150","27","0","150","0","0","27","0","2016","Fer","Invernale","9.740521601","46.161425271","POINT (9.740521601 46.161425271)"
"C_nov 2016","136","S01405","LO","SO","DUBINO","14027","Dubino","CHIAVENNA-COLICO","40","10","3","100","29","0","100","0","0","29","0","2016","Fer","Invernale","0.943221491","4.617287979","POINT (9.43221491 46.17287979)"
"C_nov 2018","47","S00405","LO","PV","LOMELLO","18083","Lomello","CAVA C.-TORREBER","40","10","4","110","26","0","110","0","0","26","0","2018","Fer","Invernale","8.799151452","45.117357692","POINT (8.799151452 45.117357692)"
"C_nov 2015","288","S01866","LO","PV","S.CRISTINA E BISSONE","18139","Santa Cristina e Bissone","PAVIA-CASALPUST.","50","10","5","110","30","0","110","0","0","30","0","2015","FER","Invernale","9.401036576","45.160614144","POINT (9.401036576 45.160614144)"
"C_nov 2016","317","S01932","LO","PV","BARBIANELLO","18008","Barbianello","PAVIA-STRADELLA","30","10","4","120","28","0","120","0","0","28","0","2016","Fer","Invernale","0.920419733","45.072712294","POINT (9.20419733 45.072712294)"
"C_nov 2019","82","S01036","LO","MI","VANZAGO POGLIANO","15229","Vanzago","DOMODOSSOLA-MILANO","760","210","10","1910","76","1760","90","70","74","1","1","2019","Fer","Invernale","8.995565824","4.552529528","POINT (8.995565824 45.52529528)"
"C_nov 2022","137","S01406","LO","LC","PIONA","97023","Colico","TIRANO-MILANO Lc-So","10","10","2","40","24","0","40","10","0","23","1","2022","Feriale","Invernale","0.935079332","46.124769888","POINT (9.35079332 46.124769888)"
"C_nov 2019","240","S01709","LO","BG","VIDALENGO","16053","Caravaggio","MILANO-VENEZIA","50","20","5","130","31","0","130","0","0","31","0","2019","Fer","Invernale","0.963970536","45.517936977","POINT (9.63970536 45.517936977)"
"C_Novembre2023","322","S01944","LO","PV","BRONI","18024","Broni","ALESS.-PIACENZA","50","30","3","310","32","0","310","0","0","32","0","2023","Feriale","Invernale","9.258788494","45.066345425","POINT (9.258788494 45.066345425)"
"C_nov 2020","39","S00277","LO","PV","GROPELLO CAIROLI","18076","Gropello Cairoli","VERCELLI-PAVIA","20","10","3","40","17","0","40","0","0","17","0","2020","Feriale","Invernale","8.991656466","4.517318205","POINT (8.991656466 45.17318205)"
"C_nov 2022","2.740","S01075","LO","MI","Cesate","15076","Cesate","Milano Nord Cadorna - Sar","730","160","14","1620","122","1620","0","0","122","0","0","2022","Feriale","Invernale","9.066684079","45.590910137","POINT (9.066684079 45.590910137)"
"C_nov 2016","82","S01036","LO","MI","VANZAGO POGLIANO","15229","Vanzago","DOMODOSSOLA-MILANO","930","280","10","1880","76","1700","70","120","74","1","1","2016","Fer","Invernale","8.995565824","4.552529528","POINT (8.995565824 45.52529528)"
"C_nov 2022","167","S01452","LO","CO","BRENNA-ALZATE","13029","Brenna","ALBATE-MOLTENO","30","10","4","40","22","0","40","0","0","22","0","2022","Feriale","Invernale","9.183346262","4.575412075","POINT (9.183346262 45.75412075)"
"C_nov 2021","2.725","S01088","LO","CO","Cabiate","13035","Cabiate","Seveso - Asso","160","60","9","440","51","20","430","0","3","48","0","2021","Feriale","Invernale","9.168578192","45.675909631","POINT (9.168578192 45.675909631)"
"C_nov 2015","2.858","S01643","LO","MI","MILANO LANCETTI","15146","Milano","PASSANTE","710","1680","38","4500","356","4500","0","0","356","0","0","2015","Fer","Invernale","9.177354467","45.493471578","POINT (9.177354467 45.493471578)"
"C_nov 2015","204","S01525","LO","BG","CISANO-CAPRINO BERGAM.","16074","Cisano Bergamasco","LECCO-BRESCIA","280","40","4","570","32","0","570","0","0","32","0","2015","Fer","Invernale","9.474295043","45.739683366","POINT (9.474295043 45.739683366)"
"C_nov 2017","143","S01413","LO","LC","LIERNA","97043","Lierna","TIRANO-MILANO Lc-So","90","30","3","210","28","0","180","30","0","26","2","2017","Fer","Invernale","9.303109353","45.961043911","POINT (9.303109353 45.961043911)"
"C_Novembre2023","202","S01523","LO","LC","VERCURAGO-S.GIROLAMO","97086","Vercurago","TIRANO-MILANO Mz-Lc","10","10","4","50","14","0","50","0","0","14","0","2023","Feriale","Invernale","9.422384671","4.581219368","POINT (9.422384671 45.81219368)"
"C_Novembre2023","2.782","S01642","LO","MI","MILANO NORD BOVISA","15146","Milano","Milano Nord Cadorna - Sar","3970","6390","92","21680","736","12040","7320","2340","356","257","123","2023","Feriale","Invernale","9.158986972","4.550377781","POINT (9.158986972 45.50377781)"
"C_nov 2021","9","S00038","LO","PV","SARTIRANA","18146","Sartirana Lomellina","MILANO-MORTARA-AL","20","10","1","20","7","0","20","0","0","7","0","2021","Feriale","Invernale","0.867016046","45.111810021","POINT (8.67016046 45.111810021)"
"C_Novembre2023","129","S01325","LO","MI","SESTO S. GIOVANNI","15209","Sesto San Giovanni","CHIASSO-MILANO","1490","3570","34","10460","290","9580","870","30","246","40","4","2023","Feriale","Invernale","9.239294385","45.541170043","POINT (9.239294385 45.541170043)"
"C_Novembre2023","257","S01820","LO","MI","MILANO ROGOREDO","15146","Milano","MILANO-BOLOGNA","2570","4990","44","14710","326","8510","3600","2620","208","64","54","2023","Feriale","Invernale","9.238727378","4.543484983","POINT (9.238727378 45.43484983)"
"C_Luglio2023","2.815","S01729","LO","VA","Tradate","12127","Tradate","Saronno - Varese Nord","650","140","13","1560","76","0","980","590","0","59","17","2023","Feriale","estivo","8.906902965","45.710305004","POINT (8.906902965 45.710305004)"
"C_nov 2022","185","S01488","LO","MI","BESANA","108008","Besana in Brianza","MONZA-LECCO","220","130","7","600","40","600","0","0","40","0","0","2022","Feriale","Invernale","0.928291338","45.702901578","POINT (9.28291338 45.702901578)"
"C_nov 2018","111","S01203","LO","VA","ARCISATE","12004","Arcisate","PORTO C.-GALLARATE","320","60","12","890","103","580","0","310","69","0","34","2018","Fer","Invernale","8.862448264","4.585865032","POINT (8.862448264 45.85865032)"
"C_Novembre2023","2.860","S01138","LO","VA","Ferno-Lonate P.","12068","Ferno","Busto Arsizio - Malpensa","400","170","9","930","70","250","690","0","26","44","0","2023","Feriale","Invernale","8.754982528","45.608628952","POINT (8.754982528 45.608628952)"
"C_nov 2021","208","S01529","LO","BG","BERGAMO","16024","Bergamo","LECCO-BRESCIA","2120","3180","32","11650","205","0","7330","4320","0","151","54","2021","Feriale","Invernale","9.675111057","45.690343725","POINT (9.675111057 45.690343725)"
"C_nov 2019","290","S01868","LO","PV","CHIGNOLO PO","18048","Chignolo Po","PAVIA-CASALPUST.","70","10","4","120","22","0","120","0","0","22","0","2019","Fer","Invernale","9.494226195","45.161018526","POINT (9.494226195 45.161018526)"
"C_nov 2019","2.765","S01093","LO","CO","Inverigo","13118","Inverigo","Seveso - Asso","310","50","6","620","50","0","620","0","0","50","0","2019","Fer","Invernale","9.224441129","45.740269966","POINT (9.224441129 45.740269966)"
"C_nov 2020","2.853","S01748","PI","NO","Galliate","3068","Galliate","Saronno - Novara","50","30","6","170","34","0","170","0","0","34","0","2020","Feriale","Invernale","8.691135844","45.481138261","POINT (8.691135844 45.481138261)"
"C_nov 2017","204","S01525","LO","BG","CISANO-CAPRINO BERGAM.","16074","Cisano Bergamasco","LECCO-BRESCIA","290","70","4","590","32","0","590","0","0","32","0","2017","Fer","Invernale","9.474295043","45.739683366","POINT (9.474295043 45.739683366)"
"C_nov 2020","272","S01844","LO","BS","VISANO","17203","Visano","BRESCIA-PARMA","10","10","5","30","23","0","30","0","0","23","0","2020","Feriale","Invernale","10.363129196","45.315389802","POINT (10.363129196 45.315389802)"
"C_nov 2022","274","S01846","LO","BS","REMEDELLO SOTTO","17160","Remedello","BRESCIA-PARMA","20","10","4","60","25","0","60","0","0","25","0","2022","Feriale","Invernale","1.038843093","45.257552358","POINT (10.38843093 45.257552358)"
"C_nov 2017","304","S01914","LO","CR","CAVA TIGOZZI","19095","Sesto ed Uniti","CODOGNO-MANTOVA","10","0","3","10","21","0","10","0","0","21","0","2017","Fer","Invernale","0.995584963","45.156899589","POINT (9.95584963 45.156899589)"
"C_nov 2020","37","S00275","LO","PV","TROMELLO","18164","Tromello","VERCELLI-PAVIA","20","10","3","40","17","0","40","0","0","17","0","2020","Feriale","Invernale","8.872184279","45.212069548","POINT (8.872184279 45.212069548)"
"C_Luglio2023","2.855","S01649","LO","MI","MILANO P. VENEZIA","15146","Milano","PASSANTE","1110","3080","39","10010","332","10010","0","0","332","0","0","2023","Feriale","estivo","9.207018409","45.476597527","POINT (9.207018409 45.476597527)"
"C_Luglio2023","2.722","S01005","LO","BS","Breno","17028","Breno","Pisogne - Breno","20","40","2","270","30","0","100","170","0","19","11","2023","Feriale","estivo","10.305483792","45.959261369","POINT (10.305483792 45.959261369)"
"C_nov 2020","2.717","S01072","LO","MI","Bollate Nord","15027","Bollate","Milano Nord Cadorna - Sar","140","60","12","360","78","360","0","0","78","0","0","2020","Feriale","Invernale","9.112398385","45.552681567","POINT (9.112398385 45.552681567)"
"C_nov 2018","270","S01842","LO","BS","VIADANA BRESCIANA","17034","Calvisano","BRESCIA-PARMA","30","10","4","80","24","0","80","0","0","24","0","2018","Fer","Invernale","0.103318218","45.373727831","POINT (10.3318218 45.373727831)"
"C_nov 2019","2.863","S01633","LO","MI","MILANO P.VITTORIA PASS.","15146","Milano","PASSANTE","1620","2010","40","8530","359","8530","0","0","359","0","0","2019","Fer","Invernale","9.225193061","45.459475193","POINT (9.225193061 45.459475193)"
"C_nov 2016","2.804","S01755","LO","CO","Rovello Porro","13202","Rovello Porro","Saronno - Como","350","50","7","760","59","0","760","10","0","58","1","2016","Fer","Invernale","9.036261914","45.651408852","POINT (9.036261914 45.651408852)"
"C_Luglio2023","191","S01502","LO","LC","PADERNO-ROBBIATE","97062","Paderno d'Adda","SEREGNO-BERGAMO","150","70","5","630","39","0","630","0","0","39","0","2023","Feriale","estivo","9.439232645","4.567838448","POINT (9.439232645 45.67838448)"
"C_nov 2020","84","S01040","LO","MI","MAGENTA","15130","Magenta","TORINO-MILANO","240","110","8","860","69","860","0","0","69","0","0","2020","Feriale","Invernale","8.880674725","45.468283265","POINT (8.880674725 45.468283265)"
"C_nov 2016","248","S01801","LO","MI","LOCATE TRIULZI","15125","Locate di Triulzi","MILANO-GENOVA","800","190","8","2020","74","2020","0","10","72","0","2","2016","Fer","Invernale","9.221434768","45.359805985","POINT (9.221434768 45.359805985)"
"C_nov 2016","322","S01944","LO","PV","BRONI","18024","Broni","ALESS.-PIACENZA","110","40","5","450","43","0","450","0","0","43","0","2016","Fer","Invernale","9.258788494","45.066345425","POINT (9.258788494 45.066345425)"
"C_nov 2020","32","S00252","PI","NO","TRECATE","3149","Trecate","TORINO-MILANO","200","100","8","830","69","830","0","0","69","0","0","2020","Feriale","Invernale","8.739372114","4.542852569","POINT (8.739372114 45.42852569)"
"C_nov 2016","180","S01483","LO","MI","BIASSONO-LESMO","108009","Biassono","MONZA-LECCO","210","20","6","320","40","320","0","0","40","0","0","2016","Fer","Invernale","9.298437032","45.632291281","POINT (9.298437032 45.632291281)"
"C_nov 2016","316","S01931","LO","PV","PINAROLO PO","18115","Pinarolo Po","PAVIA-STRADELLA","110","10","5","160","28","0","160","0","0","28","0","2016","Fer","Invernale","9.170304953","45.073501505","POINT (9.170304953 45.073501505)"
"C_nov 2016","40","S00278","LO","PV","VILLANOVA D'ARDENGHI","18179","Villanova d'Ardenghi","VERCELLI-PAVIA","10","10","4","20","28","0","20","0","0","28","0","2016","Fer","Invernale","9.037210497","45.157063438","POINT (9.037210497 45.157063438)"
"C_nov 2019","133","S01402","LO","SO","SAMOLACO","14057","Samolaco","CHIAVENNA-COLICO","50","10","3","110","30","0","110","0","0","30","0","2019","Fer","Invernale","9.423617479","46.246509103","POINT (9.423617479 46.246509103)"
"C_nov 2019","216","S01540","LO","BS","COCCAGLIO","17056","Coccaglio","LECCO-BRESCIA","140","50","6","270","36","0","270","0","0","36","0","2019","Fer","Invernale","9.977670318","45.561044402","POINT (9.977670318 45.561044402)"
"C_nov 2016","217","S01600","LO","BG","VERDELLO DALMINE","16233","Verdello","BERGAMO-CREMONA","1900","250","17","3950","104","0","770","3190","0","52","52","2016","Fer","Invernale","0.961982632","45.605792605","POINT (9.61982632 45.605792605)"
"C_nov 2019","34","S00272","LO","PV","ROBBIO","18123","Robbio","VERCELLI-PAVIA","160","20","5","260","20","0","260","0","0","20","0","2019","Fer","Invernale","8.597086609","45.293627181","POINT (8.597086609 45.293627181)"
"C_nov 2016","35","S00273","LO","PV","NICORVO","18103","Nicorvo","VERCELLI-PAVIA","10","10","5","20","28","0","20","0","0","28","0","2016","Fer","Invernale","8.671238408","45.275537833","POINT (8.671238408 45.275537833)"
"C_nov 2018","267","S01830","LO","MI","BORGOLOMBARDO","15192","San Donato Milanese","MILANO-BOLOGNA","450","180","9","1160","79","1160","0","0","79","0","0","2018","Fer","Invernale","9.271012475","4.540385926","POINT (9.271012475 45.40385926)"
"C_nov 2018","2.825","S01735","LO","VA","Venegono Sup.-Castiglione","12137","Venegono Superiore","Saronno - Varese Nord","270","60","8","650","58","0","650","10","0","57","1","2018","Fer","Invernale","8.890295606","45.758175712","POINT (8.890295606 45.758175712)"
"C_Novembre2023","155","S01429","LO","SO","CASTIONE ANDEVENNO","14015","Castione Andevenno","TIRANO-MILANO Lc-So","10","10","1","10","1","0","10","0","0","1","0","2023","Feriale","Invernale","9.806179088","46.161737068","POINT (9.806179088 46.161737068)"
"C_nov 2018","170","S01456","LO","CO","MOIANA","13147","Merone","ALBATE-MOLTENO","20","0","4","50","22","0","50","0","0","22","0","2018","Fer","Invernale","9.255642213","45.787158223","POINT (9.255642213 45.787158223)"
"C_nov 2019","2.821","S01739","LO","VA","Varese-Casbeno","12133","Varese","Varese Nord - Laveno Momb","430","510","8","1430","42","0","660","780","0","21","21","2019","Fer","Invernale","8.811558243","45.814897655","POINT (8.811558243 45.814897655)"
"C_Luglio2023","2.732","S01098","LO","CO","Caslino d'Erba","13052","Caslino d'Erba","Seveso - Asso","0","0","2","50","28","0","50","0","0","28","0","2023","Feriale","estivo","9.232326937","45.835130456","POINT (9.232326937 45.835130456)"
"C_nov 2022","263","S01826","LO","LO","SECUGNAGO","98052","Secugnago","MILANO-BOLOGNA","170","40","7","340","38","0","340","0","0","37","1","2022","Feriale","Invernale","9.586872164","4.522332986","POINT (9.586872164 45.22332986)"
"C_nov 2019","255","S01809","PI","AL","PONTECURONE","6132","Pontecurone","MILANO-GENOVA","50","10","2","90","8","0","0","90","0","0","8","2019","Fer","Invernale","8.929891639","4.496201105","POINT (8.929891639 44.96201105)"
"C_Luglio2023","197","S01513","LO","LC","CERNUSCO-MERATE","97020","Cernusco Lombardone","TIRANO-MILANO Mz-Lc","420","110","9","1280","71","1260","0","20","68","0","3","2023","Feriale","estivo","9.396827762","45.695177577","POINT (9.396827762 45.695177577)"
"C_nov 2018","317","S01932","LO","PV","BARBIANELLO","18008","Barbianello","PAVIA-STRADELLA","30","10","4","110","28","0","110","0","0","28","0","2018","Fer","Invernale","0.920419733","45.072712294","POINT (9.20419733 45.072712294)"
"C_nov 2018","2.753","S01002","LO","BS","Edolo","17068","Edolo","Breno - Edolo","30","210","3","280","17","0","30","260","0","4","13","2018","Fer","Invernale","1.033206974","46.176686703","POINT (10.33206974 46.176686703)"
"C_nov 2019","40","S00278","LO","PV","VILLANOVA D'ARDENGHI","18179","Villanova d'Ardenghi","VERCELLI-PAVIA","10","10","3","10","20","0","10","0","0","20","0","2019","Fer","Invernale","9.037210497","45.157063438","POINT (9.037210497 45.157063438)"
"C_nov 2020","118","S01301","LO","CO","CHIASSO","13075","Como","CHIASSO-MILANO","120","350","16","810","124","370","0","450","97","0","27","2020","Feriale","Invernale","9.031333374","4.583194478","POINT (9.031333374 45.83194478)"
"C_nov 2018","5.852","S01927","LO","MI","Ceriano L. Groane","108018","Ceriano Laghetto","Saronno - Seregno","20","40","6","240","63","240","0","0","63","0","0","2018","Fer","Invernale","0.009099863","45.627200546","POINT (9.099863 45.627200546)"
"C_nov 2022","2.739","S01086","LO","MI","Cesano Maderno","108019","Cesano Maderno","Milano Nord Bovisa - Seve","2110","740","32","5760","241","3240","2530","0","190","51","0","2022","Feriale","Invernale","9.141966766","45.631316886","POINT (9.141966766 45.631316886)"
"C_nov 2019","9","S00038","LO","PV","SARTIRANA","18146","Sartirana Lomellina","MILANO-MORTARA-AL","20","10","2","30","10","0","30","0","0","10","0","2019","Fer","Invernale","0.867016046","45.111810021","POINT (8.67016046 45.111810021)"
"C_nov 2019","2.780","S01079","LO","MI","Milano Bruzzano","15146","Milano","Milano Nord Bovisa - Seve","180","100","17","650","135","650","0","0","135","0","0","2019","Fer","Invernale","9.172814019","45.533621361","POINT (9.172814019 45.533621361)"
"C_nov 2022","116","S01209","LO","VA","ALBIZZATE-SOLBIATE ARNO","12002","Albizzate","PORTO C.-GALLARATE","230","80","8","770","68","740","0","40","67","0","1","2022","Feriale","Invernale","8.806241922","45.724198779","POINT (8.806241922 45.724198779)"
"C_nov 2019","2.812","S01766","LO","BS","Sonico","17181","Sonico","Breno - Edolo","0","0","1","0","2","0","0","0","0","2","0","2019","Fer","Invernale","10.351165528","46.163878231","POINT (10.351165528 46.163878231)"
"C_nov 2020","184","S01487","LO","MI","VILLA RAVERIO","108008","Besana in Brianza","MONZA-LECCO","30","20","6","90","40","90","0","0","40","0","0","2020","Feriale","Invernale","0.926158805","45.690495348","POINT (9.26158805 45.690495348)"
"C_Luglio2023","289","S01867","LO","PV","MIRADOLO TERME","18093","Miradolo Terme","PAVIA-CASALPUST.","20","10","4","60","22","0","60","0","0","22","0","2023","Feriale","estivo","9.449985524","45.162088065","POINT (9.449985524 45.162088065)"
"C_nov 2018","2.745","S01744","LO","VA","Cocquio-Trevisago","12053","Cocquio-Trevisago","Varese Nord - Laveno Momb","210","60","7","490","43","0","180","310","0","21","22","2018","Fer","Invernale","8.690075387","45.860132463","POINT (8.690075387 45.860132463)"
"C_Luglio2023","239","S01708","LO","BG","TREVIGLIO","16219","Treviglio","MILANO-VENEZIA","1580","720","41","6280","246","1140","2830","2320","92","115","39","2023","Feriale","estivo","9.587945358","45.515141265","POINT (9.587945358 45.515141265)"
"C_nov 2016","2.749","S01765","LO","CO","Como Nord Lago","13075","Como","Saronno - Como","360","570","10","2050","68","0","1750","310","0","58","10","2016","Fer","Invernale","9.084320036","45.813688508","POINT (9.084320036 45.813688508)"
"C_Luglio2023","79","S01033","LO","MI","LEGNANO","15118","Legnano","DOMODOSSOLA-MILANO","1420","520","16","4520","108","2830","240","1470","66","6","36","2023","Feriale","estivo","8.910667666","4.559373533","POINT (8.910667666 45.59373533)"
"C_nov 2022","151","S01425","LO","SO","MORBEGNO","14045","Morbegno","TIRANO-MILANO Lc-So","530","270","7","1300","48","0","620","680","0","20","28","2022","Feriale","Invernale","9.568674621","46.136732198","POINT (9.568674621 46.136732198)"
"C_nov 2018","86","S01042","LO","MI","VITTUONE-ARLUNO","15243","Vittuone","TORINO-MILANO","840","220","8","2190","74","2190","0","0","74","0","0","2018","Fer","Invernale","8.947336756","45.491137732","POINT (8.947336756 45.491137732)"
"C_nov 2016","223","S01606","LO","CR","CASTELLEONE","19025","Castelleone","BERGAMO-CREMONA","180","30","5","410","36","0","410","0","0","36","0","2016","Fer","Invernale","9.767822253","45.301905969","POINT (9.767822253 45.301905969)"
"C_Luglio2023","156","S01430","LO","SO","SONDRIO","14061","Sondrio","TIRANO-MILANO Lc-So","120","250","7","1510","64","0","470","1040","0","32","32","2023","Feriale","estivo","0.987296139","46.167141595","POINT (9.87296139 46.167141595)"
"C_nov 2017","2.725","S01088","LO","CO","Cabiate","13035","Cabiate","Seveso - Asso","250","60","10","530","55","40","500","0","4","51","0","2017","Fer","Invernale","9.168578192","45.675909631","POINT (9.168578192 45.675909631)"
"C_nov 2016","2.859","S01139","LO","VA","Malpensa Aeroporto T1","12140","Vizzola Ticino","Busto Arsizio - Malpensa","540","760","18","5100","157","0","1250","3860","0","48","109","2016","Fer","Invernale","8.711317166","45.626885232","POINT (8.711317166 45.626885232)"
"C_nov 2017","170","S01456","LO","CO","MOIANA","13147","Merone","ALBATE-MOLTENO","20","10","4","50","22","0","50","0","0","22","0","2017","Fer","Invernale","9.255642213","45.787158223","POINT (9.255642213 45.787158223)"
"C_nov 2018","157","S01433","LO","SO","POGGIRIDENTI-TRESIVIO","14051","Poggiridenti","TIRANO-MILANO So-Tir","0","0","1","10","8","0","10","0","0","8","0","2018","Fer","Invernale","9.933843175","46.166961926","POINT (9.933843175 46.166961926)"
"C_nov 2018","222","S01605","LO","CR","CREMA","19035","Crema","BERGAMO-CREMONA","280","250","5","1060","36","0","1060","0","0","36","0","2018","Fer","Invernale","9.694241457","45.366939013","POINT (9.694241457 45.366939013)"
"C_nov 2015","210","S01534","LO","BG","ALBANO S.ALESSANDRO","16003","Albano Sant'Alessandro","LECCO-BRESCIA","130","30","5","310","38","0","310","0","0","38","0","2015","FER","Invernale","9.768053847","45.682821561","POINT (9.768053847 45.682821561)"
"C_nov 2016","2.862","S01650","LO","MI","MILANO DATEO","15146","Milano","PASSANTE","950","1820","40","5920","361","5920","0","0","361","0","0","2016","Fer","Invernale","9.217309375","45.467669611","POINT (9.217309375 45.467669611)"
"C_Novembre2023","125","S01318","LO","MI","SEREGNO","108039","Seregno","CHIASSO-MILANO","2390","670","22","6210","169","3860","0","2350","135","0","34","2023","Feriale","Invernale","9.202885996","45.646087713","POINT (9.202885996 45.646087713)"
"C_nov 2017","297","S01903","LO","BS","VEROLANUOVA","17195","Verolanuova","BRESCIA-CREMONA","170","50","4","340","33","0","340","0","0","33","0","2017","Fer","Invernale","10.083906145","45.325064899","POINT (10.083906145 45.325064899)"
"C_nov 2021","135","S01404","LO","SO","VERCEIA","14075","Verceia","CHIAVENNA-COLICO","40","10","3","80","29","0","80","0","0","29","0","2021","Feriale","Invernale","9.458448611","46.202905061","POINT (9.458448611 46.202905061)"
"C_nov 2017","2.763","S01762","LO","CO","Grandate-Breccia","13110","Grandate","Saronno - Como","560","390","11","1410","70","0","1090","330","0","60","10","2017","Fer","Invernale","0.009055656","45.781300073","POINT (9.055656 45.781300073)"
"C_Novembre2023","154","S01428","LO","SO","S.PIETRO BERBENNO","14007","Berbenno di Valtellina","TIRANO-MILANO Lc-So","40","20","4","120","22","0","120","0","0","22","0","2023","Feriale","Invernale","9.740521601","46.161425271","POINT (9.740521601 46.161425271)"
"C_nov 2020","2.735","S01136","LO","VA","Castellanza","12042","Castellanza","Saronno - Novara","140","50","13","360","74","0","360","0","0","74","0","2020","Feriale","Invernale","8.875445238","45.610465237","POINT (8.875445238 45.610465237)"
"C_Novembre2023","302","S01912","LO","CR","PONTE D'ADDA","19076","Pizzighettone","CODOGNO-MANTOVA","240","40","6","390","33","0","60","340","0","11","22","2023","Feriale","Invernale","9.790770435","45.184437624","POINT (9.790770435 45.184437624)"
"C_nov 2020","2.709","S01092","LO","CO","Arosio","13012","Arosio","Seveso - Asso","50","20","8","130","44","0","130","0","0","44","0","2020","Feriale","Invernale","9.210246869","4.571835634","POINT (9.210246869 45.71835634)"
"C_nov 2018","149","S01422","LO","SO","DELEBIO","14026","Delebio","TIRANO-MILANO Lc-So","60","20","4","280","28","0","270","10","0","27","1","2018","Fer","Invernale","9.461205764","46.138723845","POINT (9.461205764 46.138723845)"
"C_nov 2017","2.746","S01775","LO","BS","Cogno-Esine","17206","Piancogno","Pisogne - Breno","20","10","2","70","19","0","70","0","0","19","0","2017","Fer","Invernale","10.241034794","45.929174261","POINT (10.241034794 45.929174261)"
"C_nov 2021","2.787","S01070","LO","MI","Novate Milanese","15157","Novate Milanese","Milano Nord Cadorna - Sar","740","270","14","2560","114","2560","0","0","114","0","0","2021","Feriale","Invernale","9.132723827","45.533079873","POINT (9.132723827 45.533079873)"
"C_nov 2015","216","S01540","LO","BS","COCCAGLIO","17056","Coccaglio","LECCO-BRESCIA","140","40","6","280","38","0","280","0","0","38","0","2015","FER","Invernale","9.977670318","45.561044402","POINT (9.977670318 45.561044402)"
"C_nov 2022","31","S00248","PI","NO","NOVARA","3106","Novara","TORINO-MILANO","370","840","8","2580","69","2580","0","0","69","0","0","2022","Feriale","Invernale","0.086249717","4.545129662","POINT (8.6249717 45.45129662)"
"C_nov 2021","217","S01600","LO","BG","VERDELLO DALMINE","16233","Verdello","BERGAMO-CREMONA","850","310","19","2210","100","0","710","1500","0","46","54","2021","Feriale","Invernale","0.961982632","45.605792605","POINT (9.61982632 45.605792605)"
"C_nov 2017","82","S01036","LO","MI","VANZAGO POGLIANO","15229","Vanzago","DOMODOSSOLA-MILANO","790","210","10","1800","76","1620","90","100","74","1","1","2017","Fer","Invernale","8.995565824","4.552529528","POINT (8.995565824 45.52529528)"
"C_nov 2021","5.844","S01059","LO","MI","ALBAIRATE-VERMEZZO","15005","Albairate","MILANO-MORTARA-AL","410","390","14","1320","103","600","720","0","59","44","0","2021","Feriale","Invernale","8.957371048","45.404429355","POINT (8.957371048 45.404429355)"
"C_nov 2020","200","S01520","LO","LC","LECCO","97042","Lecco","TIRANO-MILANO Mz-Lc","320","550","25","1970","193","1010","480","490","102","60","31","2020","Feriale","Invernale","0.939367574","45.856547373","POINT (9.39367574 45.856547373)"
"C_nov 2019","192","S01503","LO","BG","CALUSCO","16046","Calusco d'Adda","SEREGNO-BERGAMO","300","100","6","660","39","0","660","0","0","39","0","2019","Fer","Invernale","9.470679691","45.684190766","POINT (9.470679691 45.684190766)"
"C_nov 2017","290","S01868","LO","PV","CHIGNOLO PO","18048","Chignolo Po","PAVIA-CASALPUST.","80","20","5","130","28","0","130","0","0","28","0","2017","Fer","Invernale","9.494226195","45.161018526","POINT (9.494226195 45.161018526)"
"C_nov 2019","294","S01900","LO","BS","S.ZENO FOLZANO","17173","San Zeno Naviglio","BRESCIA-CREMONA","10","20","7","80","49","0","80","0","0","49","0","2019","Fer","Invernale","10.211709572","45.491635451","POINT (10.211709572 45.491635451)"
"C_nov 2017","148","S01420","LO","LC","COLICO","97023","Colico","TIRANO-MILANO Lc-So","620","470","13","2210","89","0","1350","870","0","61","28","2017","Fer","Invernale","9.375255676","46.138093311","POINT (9.375255676 46.138093311)"
"C_nov 2018","183","S01486","LO","MI","CARATE-CALO'","108015","Carate Brianza","MONZA-LECCO","40","10","7","60","40","60","0","0","40","0","0","2018","Fer","Invernale","9.252340508","4.567652894","POINT (9.252340508 45.67652894)"
"C_nov 2017","176","S01463","LO","LC","VALMADRERA","97083","Valmadrera","MONZA-LECCO","70","110","8","270","41","250","30","0","36","5","0","2017","Fer","Invernale","9.368215149","45.846520175","POINT (9.368215149 45.846520175)"
"C_Luglio2023","153","S01427","LO","SO","ARDENNO-MASINO","14005","Ardenno","TIRANO-MILANO Lc-So","20","20","5","90","35","0","80","20","0","30","5","2023","Feriale","estivo","9.651405996","46.162053348","POINT (9.651405996 46.162053348)"
"C_nov 2022","2.768","S01747","LO","VA","Laveno Mombello Nord","12087","Laveno-Mombello","Varese Nord - Laveno Momb","180","150","6","700","40","0","410","300","0","24","16","2022","Feriale","Invernale","8.619246466","45.907983681","POINT (8.619246466 45.907983681)"
"C_nov 2022","2.743","S01746","LO","VA","Cittiglio","12051","Cittiglio","Varese Nord - Laveno Momb","140","40","6","380","40","0","170","220","0","24","16","2022","Feriale","Invernale","8.667398533","45.892327453","POINT (8.667398533 45.892327453)"
"C_Luglio2023","138","S01407","LO","LC","DORIO","97032","Dorio","TIRANO-MILANO Lc-So","10","10","3","50","39","0","50","10","0","34","5","2023","Feriale","estivo","9.319096567","46.102830519","POINT (9.319096567 46.102830519)"
"C_nov 2022","210","S01534","LO","BG","ALBANO S.ALESSANDRO","16003","Albano Sant'Alessandro","LECCO-BRESCIA","120","40","5","370","34","0","370","0","0","34","0","2022","Feriale","Invernale","9.768053847","45.682821561","POINT (9.768053847 45.682821561)"
"C_nov 2020","103","S01140","LO","VA","SANGIANO","12141","Sangiano","LUINO-GALLARATE","10","10","3","40","26","0","40","0","0","26","0","2020","Feriale","Invernale","8.630805498","45.874544577","POINT (8.630805498 45.874544577)"
"C_nov 2021","79","S01033","LO","MI","LEGNANO","15118","Legnano","DOMODOSSOLA-MILANO","1420","540","16","4430","107","2730","260","1450","66","6","35","2021","Feriale","Invernale","8.910667666","4.559373533","POINT (8.910667666 45.59373533)"
"C_nov 2016","239","S01708","LO","BG","TREVIGLIO","16219","Treviglio","MILANO-VENEZIA","2810","1760","40","8590","249","2260","4610","1730","96","121","32","2016","Fer","Invernale","9.587945358","45.515141265","POINT (9.587945358 45.515141265)"
"C_nov 2019","2.762","S01724","LO","VA","Gerenzano-Turate","12075","Gerenzano","Saronno - Varese Nord","630","80","8","1350","57","0","1350","0","0","57","0","2019","Fer","Invernale","9.001531027","45.645585349","POINT (9.001531027 45.645585349)"
"C_Luglio2023","9","S00038","LO","PV","SARTIRANA","18146","Sartirana Lomellina","MILANO-MORTARA-AL","20","10","1","30","11","0","30","0","0","11","0","2023","Feriale","estivo","0.867016046","45.111810021","POINT (8.67016046 45.111810021)"
"C_nov 2017","181","S01484","LO","MI","MACHERIO CANONICA","108029","Macherio","MONZA-LECCO","170","10","6","270","40","270","0","0","40","0","0","2017","Fer","Invernale","9.286771042","45.645615415","POINT (9.286771042 45.645615415)"
"C_nov 2021","2.771","S01757","LO","CO","Lomazzo","13133","Lomazzo","Saronno - Como","790","190","10","1810","67","0","1680","140","0","62","5","2021","Feriale","Invernale","9.036101686","45.698756116","POINT (9.036101686 45.698756116)"
"C_nov 2015","2.776","S01783","LO","BS","Marone-Zone","17106","Marone","Iseo - Pisogne","90","20","5","210","35","0","170","50","0","22","13","2015","Fer","Invernale","10.093296727","45.738197328","POINT (10.093296727 45.738197328)"
"C_nov 2021","72","S01025","PI","NO","DORMELLETTO","3062","Dormelletto","DOMODOSSOLA-MILANO","20","20","5","120","32","0","120","0","0","32","0","2021","Feriale","Invernale","0.857439962","4.573009066","POINT (8.57439962 45.73009066)"
"C_nov 2017","2.802","S01792","LO","BS","Rovato Borgo","17166","Rovato","Bornato - Rovato","10","20","4","30","16","0","30","0","0","16","0","2017","Fer","Invernale","10.002190507","45.552804384","POINT (10.002190507 45.552804384)"
"C_Luglio2023","2.795","S01014","LO","BS","Pisogne","17143","Pisogne","Iseo - Pisogne","60","30","4","430","32","0","280","160","0","21","11","2023","Feriale","estivo","10.105622584","45.806591032","POINT (10.105622584 45.806591032)"
"C_nov 2021","2.718","S01797","LO","BS","Borgo S. Giovanni","17029","Brescia","Brescia - Iseo","20","40","7","80","38","0","80","0","0","38","0","2021","Feriale","Invernale","10.190716021","45.543253206","POINT (10.190716021 45.543253206)"
"C_nov 2021","38","S00276","LO","PV","GARLASCO","18069","Garlasco","VERCELLI-PAVIA","130","20","3","230","25","0","230","0","0","25","0","2021","Feriale","Invernale","8.926867354","45.199033929","POINT (8.926867354 45.199033929)"
"C_nov 2019","2.788","S01794","LO","BS","Paderno (Franciacorta)","17130","Paderno Franciacorta","Brescia - Iseo","140","20","7","220","37","0","220","0","0","37","0","2019","Fer","Invernale","10.087064635","45.586766511","POINT (10.087064635 45.586766511)"
"C_nov 2020","31","S00248","PI","NO","NOVARA","3106","Novara","TORINO-MILANO","140","300","11","1120","79","1070","50","0","69","10","0","2020","Feriale","Invernale","0.086249717","4.545129662","POINT (8.6249717 45.45129662)"
"C_Luglio2023","2.777","S01087","LO","MI","Meda","108030","Meda","Seveso - Asso","260","190","9","600","59","80","520","0","9","50","0","2023","Feriale","estivo","9.159047744","4.566230355","POINT (9.159047744 45.66230355)"
"C_nov 2019","2.721","S01085","LO","MI","Bovisio Masciago - Mombello","108010","Bovisio-Masciago","Milano Nord Bovisa - Seve","970","320","17","2340","135","2340","0","0","135","0","0","2019","Fer","Invernale","9.141581449","45.612055387","POINT (9.141581449 45.612055387)"
"C_nov 2018","239","S01708","LO","BG","TREVIGLIO","16219","Treviglio","MILANO-VENEZIA","2820","1530","41","8500","252","2280","3930","2300","96","121","35","2018","Fer","Invernale","9.587945358","45.515141265","POINT (9.587945358 45.515141265)"
"C_nov 2016","244","S01713","LO","BS","CHIARI","17052","Chiari","MILANO-VENEZIA","660","180","9","1920","63","0","1000","920","0","32","31","2016","Fer","Invernale","9.926507709","45.540192478","POINT (9.926507709 45.540192478)"
"C_nov 2015","294","S01900","LO","BS","S.ZENO FOLZANO","17173","San Zeno Naviglio","BRESCIA-CREMONA","30","20","8","90","55","0","90","0","0","55","0","2015","Fer","Invernale","10.211709572","45.491635451","POINT (10.211709572 45.491635451)"
"C_nov 2020","163","S01439","LO","SO","VILLA DI TIRANO","14078","Villa di Tirano","TIRANO-MILANO So-Tir","10","0","1","10","4","0","10","10","0","3","1","2020","Feriale","Invernale","10.130361703","46.196242159","POINT (10.130361703 46.196242159)"
"C_nov 2020","2.859","S01139","LO","VA","Malpensa Aeroporto T1","12140","Vizzola Ticino","Busto Arsizio - Malpensa","70","150","15","630","116","60","270","310","18","40","58","2020","Feriale","Invernale","8.711317166","45.626885232","POINT (8.711317166 45.626885232)"
"C_nov 2019","179","S01482","LO","MI","BUTTAFAVA","108049","Villasanta","MONZA-LECCO","80","20","6","170","40","170","0","0","40","0","0","2019","Fer","Invernale","9.301221362","45.621491933","POINT (9.301221362 45.621491933)"
"C_nov 2015","74","S01027","LO","VA","VERGIATE","12138","Vergiate","DOMODOSSOLA-MILANO","170","30","5","340","29","0","340","0","0","29","0","2015","Fer","Invernale","8.693230518","45.717200688","POINT (8.693230518 45.717200688)"
"C_Novembre2023","256","S01810","PI","AL","TORTONA","6174","Tortona","MILANO-GENOVA","330","50","3","790","20","0","0","790","0","0","20","2023","Feriale","Invernale","0.886181929","4.490006568","POINT (8.86181929 44.90006568)"
"C_nov 2015","2.855","S01649","LO","MI","MILANO P. VENEZIA","15146","Milano","PASSANTE","1300","4050","38","12130","356","12130","0","0","356","0","0","2015","Fer","Invernale","9.207018409","45.476597527","POINT (9.207018409 45.476597527)"
"C_Novembre2023","2.744","S01774","LO","BS","Cividate Malegno","17055","Cividate Camuno","Pisogne - Breno","10","10","2","30","11","0","30","0","0","11","0","2023","Feriale","Invernale","10.268355766","45.943563723","POINT (10.268355766 45.943563723)"
"C_nov 2022","297","S01903","LO","BS","VEROLANUOVA","17195","Verolanuova","BRESCIA-CREMONA","110","50","3","300","29","0","300","0","0","29","0","2022","Feriale","Invernale","10.083906145","45.325064899","POINT (10.083906145 45.325064899)"
"C_nov 2020","238","S01707","LO","MI","CASSANO D'ADDA","15059","Cassano d'Adda","MILANO-VENEZIA","80","50","7","300","69","300","10","0","66","2","1","2020","Feriale","Invernale","9.512780391","0.455144503","POINT (9.512780391 45.5144503)"
"C_nov 2020","298","S01904","LO","CR","ROBECCO-PONTEVICO","19085","Robecco d'Oglio","BRESCIA-CREMONA","10","10","3","30","28","0","30","0","0","28","0","2020","Feriale","Invernale","10.078618004","45.266299802","POINT (10.078618004 45.266299802)"
"C_nov 2015","112","S01204","LO","VA","INDUNO OLONA","12083","Induno Olona","PORTO C.-GALLARATE","10","10","3","30","19","0","30","0","0","19","0","2015","FER","Invernale","8.838391122","45.846513143","POINT (8.838391122 45.846513143)"
"C_nov 2018","211","S01535","LO","BG","MONTELLO GORLAGO","16139","Montello","LECCO-BRESCIA","90","40","4","410","36","0","410","0","0","36","0","2018","Fer","Invernale","0.980851611","45.670247257","POINT (9.80851611 45.670247257)"
"C_nov 2017","2.743","S01746","LO","VA","Cittiglio","12051","Cittiglio","Varese Nord - Laveno Momb","180","50","7","510","42","0","170","340","0","21","21","2017","Fer","Invernale","8.667398533","45.892327453","POINT (8.667398533 45.892327453)"
"C_nov 2022","2.716","S01071","LO","MI","Bollate Centro","15027","Bollate","Milano Nord Cadorna - Sar","1120","510","14","3540","122","3540","0","0","122","0","0","2022","Feriale","Invernale","9.123062868","45.542718874","POINT (9.123062868 45.542718874)"
"C_nov 2020","42","S00400","LO","PV","SAIRANO-ZINASCO","18190","Zinasco","CAVA C.-TORREBER","10","0","5","20","23","0","20","0","0","23","0","2020","Feriale","Invernale","9.030186913","45.133877321","POINT (9.030186913 45.133877321)"
"C_Novembre2023","308","S01918","LO","CR","TORRE DE' PICENARDI","19107","Torre de' Picenardi","CODOGNO-MANTOVA","0","0","0","70","8","0","70","10","0","7","1","2023","Feriale","Invernale","10.286872398","45.137279533","POINT (10.286872398 45.137279533)"
"C_nov 2021","206","S01527","LO","BG","AMBIVERE-MAPELLO","16009","Ambivere","LECCO-BRESCIA","90","30","4","290","31","0","290","0","0","31","0","2021","Feriale","Invernale","9.550472449","45.722244877","POINT (9.550472449 45.722244877)"
"C_Luglio2023","2.821","S01739","LO","VA","Varese-Casbeno","12133","Varese","Varese Nord - Laveno Momb","190","90","7","490","42","0","200","290","0","25","17","2023","Feriale","estivo","8.811558243","45.814897655","POINT (8.811558243 45.814897655)"
"C_nov 2020","2.808","S01770","LO","BS","Sellero","17176","Sellero","Breno - Edolo","10","0","1","10","2","0","10","0","0","2","0","2020","Feriale","Invernale","10.346597177","46.046262075","POINT (10.346597177 46.046262075)"
"C_Luglio2023","142","S01412","LO","LC","FIUMELATTE","97084","Varenna","TIRANO-MILANO Lc-So","10","10","3","60","26","0","60","10","0","25","1","2023","Feriale","estivo","9.292892864","45.999092366","POINT (9.292892864 45.999092366)"
"C_nov 2022","240","S01709","LO","BG","VIDALENGO","16053","Caravaggio","MILANO-VENEZIA","40","20","5","110","31","0","110","0","0","31","0","2022","Feriale","Invernale","0.963970536","45.517936977","POINT (9.63970536 45.517936977)"
"C_nov 2016","86","S01042","LO","MI","VITTUONE-ARLUNO","15243","Vittuone","TORINO-MILANO","680","200","8","2010","74","2010","0","0","74","0","0","2016","Fer","Invernale","8.947336756","45.491137732","POINT (8.947336756 45.491137732)"
"C_Novembre2023","87","S01060","LO","PV","PARONA LOMELLINA","18109","Parona","MILANO-MORTARA-AL","120","40","5","390","45","0","390","0","0","45","0","2023","Feriale","Invernale","8.780351933","45.280183485","POINT (8.780351933 45.280183485)"
"C_nov 2017","175","S01462","LO","LC","CIVATE","97022","Civate","MONZA-LECCO","20","20","5","60","34","50","10","0","33","1","0","2017","Fer","Invernale","9.352910244","45.831371067","POINT (9.352910244 45.831371067)"
"C_Novembre2023","127","S01321","LO","MI","LISSONE-MUGGIO'","108028","Lissone","CHIASSO-MILANO","1360","610","15","3830","135","3830","0","0","135","0","0","2023","Feriale","Invernale","9.235404174","45.605998474","POINT (9.235404174 45.605998474)"
"C_nov 2020","79","S01033","LO","MI","LEGNANO","15118","Legnano","DOMODOSSOLA-MILANO","430","260","16","1810","103","1190","100","540","62","6","35","2020","Feriale","Invernale","8.910667666","4.559373533","POINT (8.910667666 45.59373533)"
"C_nov 2015","2.772","S01737","LO","VA","Malnate","12096","Malnate","Saronno - Varese Nord","960","150","12","2070","82","0","1320","760","0","61","21","2015","Fer","Invernale","8.878340888","45.795307714","POINT (8.878340888 45.795307714)"
"C_nov 2020","228","S01631","LO","MI","MILANO PORTA GENOVA","15146","Milano","MILANO-MORTARA-AL","120","1140","7","2410","45","0","2410","0","0","45","0","2020","Feriale","Invernale","9.169330605","45.453458231","POINT (9.169330605 45.453458231)"
"C_nov 2015","226","S01610","LO","CR","MADIGNANO","19055","Madignano","BERGAMO-CREMONA","40","10","4","80","35","0","80","0","0","35","0","2015","FER","Invernale","9.730205146","45.343905446","POINT (9.730205146 45.343905446)"
"C_Novembre2023","277","S01849","LO","CR","S.GIOVANNI IN CROCE","19090","San Giovanni in Croce","BRESCIA-PARMA","80","50","4","280","34","0","280","0","0","34","0","2023","Feriale","Invernale","1.037754875","45.075865263","POINT (10.37754875 45.075865263)"
"C_nov 2020","237","S01706","LO","MI","TRECELLA","15178","Pozzuolo Martesana","MILANO-VENEZIA","60","30","7","190","68","190","10","0","66","1","1","2020","Feriale","Invernale","0.948762259","45.514065408","POINT (9.48762259 45.514065408)"
"C_Novembre2023","2.712","S01741","LO","VA","Barasso-Comerio","12008","Barasso","Varese Nord - Laveno Momb","140","40","6","310","40","0","120","190","0","23","17","2023","Feriale","Invernale","8.751273836","45.835130751","POINT (8.751273836 45.835130751)"
"C_nov 2018","299","S01905","LO","CR","OLMENETA","19063","Olmeneta","BRESCIA-CREMONA","50","10","8","120","67","0","120","0","0","67","0","2018","Fer","Invernale","10.031972373","45.231184025","POINT (10.031972373 45.231184025)"
"C_nov 2016","5.844","S01059","LO","MI","ALBAIRATE-VERMEZZO","15005","Albairate","MILANO-MORTARA-AL","500","340","13","1630","113","680","960","0","69","44","0","2016","Fer","Invernale","8.957371048","45.404429355","POINT (8.957371048 45.404429355)"
"C_nov 2020","132","S01401","LO","SO","S.CASSIANO VALCHIAVENNA","14054","Prata Camportaccio","CHIAVENNA-COLICO","20","10","3","50","29","0","50","0","0","29","0","2020","Feriale","Invernale","0.093974465","4.627551067","POINT (9.3974465 46.27551067)"
"C_nov 2016","2.741","S01772","LO","BS","Ceto-Cerveno","17050","Ceto","Breno - Edolo","10","0","2","10","3","0","10","0","0","3","0","2016","Fer","Invernale","10.339003482","45.996851549","POINT (10.339003482 45.996851549)"
"C_Novembre2023","32","S00252","PI","NO","TRECATE","3149","Trecate","TORINO-MILANO","690","120","8","1960","69","1960","0","0","69","0","0","2023","Feriale","Invernale","8.739372114","4.542852569","POINT (8.739372114 45.42852569)"
"C_nov 2016","2.861","S01639","LO","MI","MILANO VILLAPIZZONE","15146","Milano","PASSANTE","740","1550","26","3820","197","3280","160","380","179","5","13","2016","Fer","Invernale","9.150254378","45.502301332","POINT (9.150254378 45.502301332)"
"C_Novembre2023","2.865","S01624","LO","MI","SAN DONATO MILANESE","15192","San Donato Milanese","MILANO-BOLOGNA","230","160","9","750","78","750","0","0","78","0","0","2023","Feriale","Invernale","9.253900071","45.417940908","POINT (9.253900071 45.417940908)"
"C_nov 2019","235","S01704","LO","MI","VIGNATE","15237","Vignate","MILANO-VENEZIA","700","250","16","1740","98","1730","20","10","96","1","1","2019","Fer","Invernale","0.937411303","45.494025151","POINT (9.37411303 45.494025151)"
"C_nov 2022","2.752","S01006","LO","BS","Darfo-Corna","17065","Darfo Boario Terme","Pisogne - Breno","70","50","4","160","17","0","110","60","0","11","6","2022","Feriale","Invernale","10.181314081","45.884311375","POINT (10.181314081 45.884311375)"
"C_nov 2020","2.807","S01077","LO","VA","Saronno Sud","12119","Saronno","Milano Nord Cadorna - Sar","80","70","18","270","126","270","0","0","126","0","0","2020","Feriale","Invernale","9.045593579","45.611839478","POINT (9.045593579 45.611839478)"
"C_nov 2022","209","S01533","LO","BG","SERIATE","16198","Seriate","LECCO-BRESCIA","90","60","5","330","34","0","330","0","0","34","0","2022","Feriale","Invernale","9.724660449","45.683226571","POINT (9.724660449 45.683226571)"
"C_nov 2021","304","S01914","LO","CR","CAVA TIGOZZI","19095","Sesto ed Uniti","CODOGNO-MANTOVA","10","10","2","10","10","0","10","0","0","10","0","2021","Feriale","Invernale","0.995584963","45.156899589","POINT (9.95584963 45.156899589)"
"C_Novembre2023","316","S01931","LO","PV","PINAROLO PO","18115","Pinarolo Po","PAVIA-STRADELLA","90","30","4","200","26","0","200","0","0","26","0","2023","Feriale","Invernale","9.170304953","45.073501505","POINT (9.170304953 45.073501505)"
"C_nov 2021","194","S01510","LO","MI","ARCORE","108004","Arcore","TIRANO-MILANO Mz-Lc","1330","450","14","3240","106","2150","1090","0","66","40","0","2021","Feriale","Invernale","9.322824319","45.623570636","POINT (9.322824319 45.623570636)"
"C_nov 2018","156","S01430","LO","SO","SONDRIO","14061","Sondrio","TIRANO-MILANO Lc-So","210","870","7","2040","63","0","1010","1030","0","36","27","2018","Fer","Invernale","0.987296139","46.167141595","POINT (9.87296139 46.167141595)"
"C_nov 2018","2.817","S01751","LO","MI","Turbigo","15226","Turbigo","Saronno - Novara","350","70","6","740","38","0","740","0","0","38","0","2018","Fer","Invernale","8.738913891","45.528044364","POINT (8.738913891 45.528044364)"
"C_nov 2018","326","S01949","EM","PC","SARMATO","33042","Sarmato","ALESS.-PIACENZA","0","0","0","20","14","0","20","0","0","14","0","2018","Fer","Invernale","0.949110168","4.506299749","POINT (9.49110168 45.06299749)"
"C_nov 2022","2.793","S01780","LO","BS","Piancamuno-Gratacasolo","17142","Pian Camuno","Pisogne - Breno","20","10","3","40","11","0","40","0","0","11","0","2022","Feriale","Invernale","10.138337016","45.839909876","POINT (10.138337016 45.839909876)"
"C_nov 2018","310","S01920","LO","MN","BOZZOLO","20007","Bozzolo","CODOGNO-MANTOVA","60","10","2","180","15","0","80","100","0","9","6","2018","Fer","Invernale","10.472685666","45.107331585","POINT (10.472685666 45.107331585)"
"C_Luglio2023","302","S01912","LO","CR","PONTE D'ADDA","19076","Pizzighettone","CODOGNO-MANTOVA","80","30","6","260","33","0","40","220","0","11","22","2023","Feriale","estivo","9.790770435","45.184437624","POINT (9.790770435 45.184437624)"
"C_Novembre2023","211","S01535","LO","BG","MONTELLO GORLAGO","16139","Montello","LECCO-BRESCIA","210","50","4","790","38","0","790","0","0","38","0","2023","Feriale","Invernale","0.980851611","45.670247257","POINT (9.80851611 45.670247257)"
"C_nov 2018","247","S01717","LO","BS","BRESCIA","17029","Brescia","MILANO-VENEZIA","1740","2600","23","10280","156","0","4560","5720","0","108","48","2018","Fer","Invernale","10.212859202","4.553239364","POINT (10.212859202 45.53239364)"
"C_nov 2022","5.841","S01104","LO","MI","PIEVE EMANUELE","15173","Pieve Emanuele","MILANO-GENOVA","520","220","8","1590","71","1590","0","0","70","0","1","2022","Feriale","Invernale","9.204837997","45.341109745","POINT (9.204837997 45.341109745)"
"C_nov 2016","2","S00030","PI","AL","GARBAGNA","6079","Garbagna","NOVARA-MORTARA","30","10","3","30","10","0","30","0","0","10","0","2016","Fer","Invernale","8.666334325","4.538567409","POINT (8.666334325 45.38567409)"
"C_nov 2015","5.840","S01722","LO","MI","POZZUOLO MART.","15178","Pozzuolo Martesana","MILANO-VENEZIA","370","90","16","810","97","810","10","0","96","1","0","2015","Fer","Invernale","9.465176435","45.510126551","POINT (9.465176435 45.510126551)"
"C_nov 2015","2.763","S01762","LO","CO","Grandate-Breccia","13110","Grandate","Saronno - Como","570","280","11","1420","71","0","1140","290","0","61","10","2015","Fer","Invernale","0.009055656","45.781300073","POINT (9.055656 45.781300073)"
"C_nov 2018","2.810","S01073","LO","MI","Garbagnate Parco Groane","15105","Garbagnate Milanese","Milano Nord Cadorna - Sar","810","190","18","1720","140","1720","0","0","140","0","0","2018","Fer","Invernale","9.091157698","45.571158456","POINT (9.091157698 45.571158456)"
"C_Luglio2023","236","S01705","LO","MI","MELZO","15142","Melzo","MILANO-VENEZIA","480","320","16","1690","95","1680","10","10","92","2","1","2023","Feriale","estivo","9.433304033","4.550454073","POINT (9.433304033 45.50454073)"
"C_Novembre2023","331","S02084","LO","BS","DESENZANO DEL GARDA-SIR.","17067","Desenzano del Garda","MILANO-VENEZIA","630","160","5","2090","36","0","0","2090","0","0","36","2023","Feriale","Invernale","10.536345381","45.462760508","POINT (10.536345381 45.462760508)"
"C_nov 2018","2.766","S01021","LO","BS","Iseo","17085","Iseo","Brescia - Iseo","120","390","6","770","56","0","560","210","0","43","13","2018","Fer","Invernale","10.050103236","45.656525986","POINT (10.050103236 45.656525986)"
"C_nov 2016","166","S01451","LO","CO","CANTU'","13041","Cantu'","ALBATE-MOLTENO","30","30","4","60","20","0","60","0","0","20","0","2016","Fer","Invernale","9.130350159","45.752397871","POINT (9.130350159 45.752397871)"
"C_nov 2016","321","S01943","LO","PV","S.GIULETTA","18140","Santa Giuletta","ALESS.-PIACENZA","0","0","1","20","15","0","20","0","0","15","0","2016","Fer","Invernale","9.179278043","45.035797363","POINT (9.179278043 45.035797363)"
"C_nov 2016","2.805","S01784","LO","BS","Sale Marasino","17169","Sale Marasino","Iseo - Pisogne","80","20","4","170","34","0","130","50","0","21","13","2016","Fer","Invernale","10.111830104","4.571279216","POINT (10.111830104 45.71279216)"
"C_nov 2016","2.759","S01742","LO","VA","Gavirate","12072","Gavirate","Varese Nord - Laveno Momb","200","60","7","590","42","0","210","380","0","21","21","2016","Fer","Invernale","8.714805048","4.584561142","POINT (8.714805048 45.84561142)"
"C_Novembre2023","2.729","S01076","LO","VA","Caronno Pertusella","12034","Caronno Pertusella","Milano Nord Cadorna - Sar","500","80","16","1020","133","1020","0","0","133","0","0","2023","Feriale","Invernale","9.058328414","45.598187372","POINT (9.058328414 45.598187372)"
"C_nov 2020","139","S01408","LO","LC","DERVIO","97030","Dervio","TIRANO-MILANO Lc-So","20","10","2","70","26","0","60","10","0","23","3","2020","Feriale","Invernale","9.305992528","46.077782965","POINT (9.305992528 46.077782965)"
"C_nov 2016","78","S01031","LO","VA","BUSTO ARSIZIO","12026","Busto Arsizio","DOMODOSSOLA-MILANO","1970","960","23","5810","170","2770","1260","1790","74","45","51","2016","Fer","Invernale","8.865063882","45.616237821","POINT (8.865063882 45.616237821)"
"C_nov 2015","193","S01504","LO","BG","TERNO","16213","Terno d'Isola","SEREGNO-BERGAMO","480","70","8","980","49","0","980","0","0","49","0","2015","Fer","Invernale","9.536197341","45.688730968","POINT (9.536197341 45.688730968)"
"C_Novembre2023","206","S01527","LO","BG","AMBIVERE-MAPELLO","16009","Ambivere","LECCO-BRESCIA","80","30","4","340","31","0","340","0","0","31","0","2023","Feriale","Invernale","9.550472449","45.722244877","POINT (9.550472449 45.722244877)"
"C_nov 2015","73","S01026","LO","VA","SESTO CALENDE","12120","Sesto Calende","DOMODOSSOLA-MILANO","400","130","9","1190","54","0","720","470","0","37","17","2015","Fer","Invernale","0.862816964","45.726314213","POINT (8.62816964 45.726314213)"
"C_nov 2018","273","S01845","LO","BS","REMEDELLO SOPRA","17160","Remedello","BRESCIA-PARMA","30","100","3","190","25","0","190","0","0","25","0","2018","Fer","Invernale","10.379240842","45.278565103","POINT (10.379240842 45.278565103)"
"C_nov 2021","197","S01513","LO","LC","CERNUSCO-MERATE","97020","Cernusco Lombardone","TIRANO-MILANO Mz-Lc","770","120","9","1410","68","1340","0","70","65","0","3","2021","Feriale","Invernale","9.396827762","45.695177577","POINT (9.396827762 45.695177577)"
"C_Luglio2023","92","S01065","LO","MI","TREZZANO S.N.","15220","Trezzano sul Naviglio","MILANO-MORTARA-AL","0","0","0","10","3","0","10","0","0","3","0","2023","Feriale","estivo","0.907123474","45.422282484","POINT (9.07123474 45.422282484)"
"C_nov 2022","2.766","S01021","LO","BS","Iseo","17085","Iseo","Brescia - Iseo","100","320","6","670","51","0","490","190","0","38","13","2022","Feriale","Invernale","10.050103236","45.656525986","POINT (10.050103236 45.656525986)"
"C_nov 2019","2.746","S01775","LO","BS","Cogno-Esine","17206","Piancogno","Pisogne - Breno","20","10","2","60","19","0","60","0","0","19","0","2019","Fer","Invernale","10.241034794","45.929174261","POINT (10.241034794 45.929174261)"
"C_nov 2018","2.735","S01136","LO","VA","Castellanza","12042","Castellanza","Saronno - Novara","780","170","10","1690","73","0","1690","0","0","73","0","2018","Fer","Invernale","8.875445238","45.610465237","POINT (8.875445238 45.610465237)"
"C_nov 2017","2.766","S01021","LO","BS","Iseo","17085","Iseo","Brescia - Iseo","100","410","6","720","56","0","520","210","0","43","13","2017","Fer","Invernale","10.050103236","45.656525986","POINT (10.050103236 45.656525986)"
"C_nov 2019","115","S01208","LO","VA","CASTRONNO","12047","Castronno","PORTO C.-GALLARATE","260","80","8","700","73","670","0","30","72","0","1","2019","Fer","Invernale","8.810338911","45.745312285","POINT (8.810338911 45.745312285)"
"C_Novembre2023","78","S01031","LO","VA","BUSTO ARSIZIO","12026","Busto Arsizio","DOMODOSSOLA-MILANO","1370","1330","25","4970","178","2460","930","1600","92","33","53","2023","Feriale","Invernale","8.865063882","45.616237821","POINT (8.865063882 45.616237821)"
"C_Luglio2023","77","S01030","LO","VA","GALLARATE","12070","Gallarate","DOMODOSSOLA-MILANO","1330","930","29","6080","205","2390","1570","2120","103","48","54","2023","Feriale","estivo","0.879828248","45.659901549","POINT (8.79828248 45.659901549)"
"C_nov 2021","283","S01861","LO","PV","PAVIA PORTA GARIBALDI","18110","Pavia","PAVIA-CASALPUST.","20","230","4","210","22","0","210","0","0","22","0","2021","Feriale","Invernale","9.167359084","45.184073158","POINT (9.167359084 45.184073158)"
"C_nov 2018","298","S01904","LO","CR","ROBECCO-PONTEVICO","19085","Robecco d'Oglio","BRESCIA-CREMONA","40","10","3","100","31","0","100","0","0","31","0","2018","Fer","Invernale","10.078618004","45.266299802","POINT (10.078618004 45.266299802)"
"C_Novembre2023","2.788","S01794","LO","BS","Paderno (Franciacorta)","17130","Paderno Franciacorta","Brescia - Iseo","230","160","7","1600","34","0","1600","0","0","34","0","2023","Feriale","Invernale","10.087064635","45.586766511","POINT (10.087064635 45.586766511)"
"C_nov 2017","2.803","S01756","LO","CO","Rovellasca-Manera","13201","Rovellasca","Saronno - Como","540","70","8","990","61","0","990","10","0","60","1","2017","Fer","Invernale","9.038331172","0.456656699","POINT (9.038331172 45.6656699)"
"C_nov 2022","324","S01947","LO","PV","ARENA PO","18005","Arena Po","ALESS.-PIACENZA","10","10","1","20","14","0","20","0","0","14","0","2022","Feriale","Invernale","9.360421355","45.082147008","POINT (9.360421355 45.082147008)"
"C_nov 2021","305","S01915","LO","CR","CREMONA","19036","Cremona","CODOGNO-MANTOVA","420","770","14","2620","105","0","1320","1310","0","83","22","2021","Feriale","Invernale","10.017983096","45.143301262","POINT (10.017983096 45.143301262)"
"C_nov 2019","5.844","S01059","LO","MI","ALBAIRATE-VERMEZZO","15005","Albairate","MILANO-MORTARA-AL","960","260","13","2270","111","1260","1010","0","67","44","0","2019","Fer","Invernale","8.957371048","45.404429355","POINT (8.957371048 45.404429355)"
"C_nov 2018","5.820","S01492","LO","MI","Milano Forlanini","15146","Milano","PASSANTE","810","1090","24","3950","215","3950","0","0","215","0","0","2018","Fer","Invernale","9.237061003","45.462399481","POINT (9.237061003 45.462399481)"
"C_nov 2021","2.860","S01138","LO","VA","Ferno-Lonate P.","12068","Ferno","Busto Arsizio - Malpensa","250","100","10","660","77","170","490","0","35","42","0","2021","Feriale","Invernale","8.754982528","45.608628952","POINT (8.754982528 45.608628952)"
"C_nov 2017","117","S01210","LO","VA","CAVARIA-OGGIONA IERAGO","12048","Cavaria con Premezzo","PORTO C.-GALLARATE","250","130","8","840","73","790","0","60","72","0","1","2017","Fer","Invernale","0.880353632","45.698222542","POINT (8.80353632 45.698222542)"
"C_nov 2015","199","S01515","LO","LC","AIRUNO","97002","Airuno","TIRANO-MILANO Mz-Lc","350","40","7","680","62","680","0","0","62","0","0","2015","Fer","Invernale","9.422096968","45.754167715","POINT (9.422096968 45.754167715)"
"C_nov 2017","2.790","S01083","LO","MI","Palazzolo Milanese","15166","Paderno Dugnano","Milano Nord Bovisa - Seve","1170","220","16","2430","135","2430","0","0","135","0","0","2017","Fer","Invernale","9.156496054","45.580997631","POINT (9.156496054 45.580997631)"
"C_nov 2022","300","S01910","LO","LO","MALEO","98035","Maleo","CODOGNO-MANTOVA","10","10","3","20","12","0","20","0","0","11","1","2022","Feriale","Invernale","9.755227418","45.170199162","POINT (9.755227418 45.170199162)"
"C_nov 2016","224","S01607","LO","CR","SORESINA","19098","Soresina","BERGAMO-CREMONA","170","40","5","410","36","0","410","0","0","36","0","2016","Fer","Invernale","9.856662219","45.283167819","POINT (9.856662219 45.283167819)"
"C_nov 2021","300","S01910","LO","LO","MALEO","98035","Maleo","CODOGNO-MANTOVA","10","0","3","20","12","0","20","0","0","11","1","2021","Feriale","Invernale","9.755227418","45.170199162","POINT (9.755227418 45.170199162)"
"C_nov 2018","2.759","S01742","LO","VA","Gavirate","12072","Gavirate","Varese Nord - Laveno Momb","290","220","7","1000","43","0","400","610","0","21","22","2018","Fer","Invernale","8.714805048","4.584561142","POINT (8.714805048 45.84561142)"
"C_nov 2015","190","S01501","LO","MI","LESMO","108026","Lesmo","SEREGNO-BERGAMO","30","10","4","50","28","0","50","0","0","28","0","2015","Fer","Invernale","9.309350305","45.644827436","POINT (9.309350305 45.644827436)"
"C_nov 2016","133","S01402","LO","SO","SAMOLACO","14057","Samolaco","CHIAVENNA-COLICO","10","0","3","10","21","0","10","0","0","21","0","2016","Fer","Invernale","9.423617479","46.246509103","POINT (9.423617479 46.246509103)"
"C_nov 2021","11","S00041","PI","AL","VALENZA","6177","Valenza","CHIVASSO-ALESSANDRIA","90","70","6","250","29","0","250","0","0","29","0","2021","Feriale","Invernale","8.625966209","4.502351446","POINT (8.625966209 45.02351446)"
"C_nov 2021","41","S00279","LO","PV","CAVA CARBONARA","18151","Sommo","VERCELLI-PAVIA","10","0","5","10","26","0","10","0","0","26","0","2021","Feriale","Invernale","9.071427457","45.147136385","POINT (9.071427457 45.147136385)"
"C_nov 2016","5.838","S01612","LO","BG","STEZZANO","16207","Stezzano","BERGAMO-CREMONA","120","30","8","310","53","0","310","0","0","52","1","2016","Fer","Invernale","9.644627368","45.658395935","POINT (9.644627368 45.658395935)"
"C_nov 2019","159","S01435","LO","SO","CHIURO","14020","Chiuro","TIRANO-MILANO So-Tir","10","10","1","10","6","0","10","0","0","6","0","2019","Fer","Invernale","9.992350444","46.164731947","POINT (9.992350444 46.164731947)"
"C_nov 2019","264","S01827","LO","LO","CASALPUSTERLENGO","98010","Casalpusterlengo","MILANO-BOLOGNA","590","360","9","1860","64","0","1850","10","0","62","2","2019","Fer","Invernale","9.653655261","45.182559249","POINT (9.653655261 45.182559249)"
"C_nov 2018","2.758","S01074","LO","MI","Garbagnate Milanese","15105","Garbagnate Milanese","Milano Nord Cadorna - Sar","1400","400","18","3530","140","3530","0","0","140","0","0","2018","Fer","Invernale","0.908029848","45.579923026","POINT (9.08029848 45.579923026)"
"C_Novembre2023","284","S01862","LO","PV","MOTTA S.DAMIANO","18110","Pavia","PAVIA-CASALPUST.","10","20","4","50","22","0","50","0","0","22","0","2023","Feriale","Invernale","9.219902925","45.178421105","POINT (9.219902925 45.178421105)"
"C_nov 2015","139","S01408","LO","LC","DERVIO","97030","Dervio","TIRANO-MILANO Lc-So","40","20","4","230","30","0","210","20","0","27","3","2015","Fer","Invernale","9.305992528","46.077782965","POINT (9.305992528 46.077782965)"
"C_nov 2017","116","S01209","LO","VA","ALBIZZATE-SOLBIATE ARNO","12002","Albizzate","PORTO C.-GALLARATE","270","130","8","820","73","760","0","70","72","0","1","2017","Fer","Invernale","8.806241922","45.724198779","POINT (8.806241922 45.724198779)"
"C_nov 2017","309","S01919","LO","CR","PIADENA","19071","Piadena","CODOGNO-MANTOVA","300","90","8","920","73","0","440","490","0","53","20","2017","Fer","Invernale","10.369987543","45.127689005","POINT (10.369987543 45.127689005)"
"C_nov 2018","162","S01438","LO","SO","BIANZONE","14008","Bianzone","TIRANO-MILANO So-Tir","10","0","1","20","8","0","20","0","0","8","0","2018","Fer","Invernale","1.011252885","46.179456527","POINT (10.11252885 46.179456527)"
"C_nov 2021","154","S01428","LO","SO","S.PIETRO BERBENNO","14007","Berbenno di Valtellina","TIRANO-MILANO Lc-So","50","20","4","100","20","0","100","0","0","20","0","2021","Feriale","Invernale","9.740521601","46.161425271","POINT (9.740521601 46.161425271)"
"C_nov 2022","127","S01321","LO","MI","LISSONE-MUGGIO'","108028","Lissone","CHIASSO-MILANO","1260","540","16","3920","134","3920","0","0","134","0","0","2022","Feriale","Invernale","9.235404174","45.605998474","POINT (9.235404174 45.605998474)"
"C_Novembre2023","160","S01436","LO","SO","S.GIACOMO DI TEGLIO","14065","Teglio","TIRANO-MILANO So-Tir","20","10","1","20","4","0","10","20","0","3","1","2023","Feriale","Invernale","10.027439647","46.159795887","POINT (10.027439647 46.159795887)"
"C_nov 2019","203","S01524","LO","LC","CALOLZIOCORTE-OLGINATE","97013","Calolziocorte","TIRANO-MILANO Mz-Lc","1380","540","15","3150","108","1740","1000","430","67","32","9","2019","Fer","Invernale","9.427005558","4.580169532","POINT (9.427005558 45.80169532)"
"C_Novembre2023","2.824","S01734","LO","VA","Venegono Inferiore","12136","Venegono Inferiore","Saronno - Varese Nord","220","280","8","820","60","0","820","0","0","60","0","2023","Feriale","Invernale","8.895091616","45.736654968","POINT (8.895091616 45.736654968)"
"C_nov 2018","205","S01526","LO","BG","PONTIDA","16171","Pontida","LECCO-BRESCIA","110","20","4","280","32","0","280","0","0","32","0","2018","Fer","Invernale","9.511662206","45.730161398","POINT (9.511662206 45.730161398)"
"C_nov 2017","2.785","S01726","LO","CO","Mozzate","13159","Mozzate","Saronno - Varese Nord","440","80","8","910","57","0","910","0","0","57","0","2017","Fer","Invernale","8.955224279","45.677788011","POINT (8.955224279 45.677788011)"
"C_nov 2017","34","S00272","LO","PV","ROBBIO","18123","Robbio","VERCELLI-PAVIA","130","20","5","240","28","0","240","0","0","28","0","2017","Fer","Invernale","8.597086609","45.293627181","POINT (8.597086609 45.293627181)"
"C_nov 2016","2.810","S01073","LO","MI","Garbagnate Parco Groane","15105","Garbagnate Milanese","Milano Nord Cadorna - Sar","850","190","18","1740","141","1740","0","0","141","0","0","2016","Fer","Invernale","9.091157698","45.571158456","POINT (9.091157698 45.571158456)"
"C_nov 2019","296","S01902","LO","BS","MANERBIO","17103","Manerbio","BRESCIA-CREMONA","130","40","4","390","30","0","390","0","0","30","0","2019","Fer","Invernale","10.132373607","45.357291955","POINT (10.132373607 45.357291955)"
"C_nov 2021","302","S01912","LO","CR","PONTE D'ADDA","19076","Pizzighettone","CODOGNO-MANTOVA","170","40","6","300","33","0","50","260","0","11","22","2021","Feriale","Invernale","9.790770435","45.184437624","POINT (9.790770435 45.184437624)"
"C_nov 2017","2.749","S01765","LO","CO","Como Nord Lago","13075","Como","Saronno - Como","410","490","10","2070","70","0","1810","270","0","60","10","2017","Fer","Invernale","9.084320036","45.813688508","POINT (9.084320036 45.813688508)"
"C_nov 2020","2.814","S01781","LO","BS","Toline","17143","Pisogne","Iseo - Pisogne","0","0","2","10","18","0","10","0","0","18","0","2020","Feriale","Invernale","10.088229762","45.787237456","POINT (10.088229762 45.787237456)"
"C_nov 2022","155","S01429","LO","SO","CASTIONE ANDEVENNO","14015","Castione Andevenno","TIRANO-MILANO Lc-So","0","0","1","0","1","0","0","0","0","1","0","2022","Feriale","Invernale","9.806179088","46.161737068","POINT (9.806179088 46.161737068)"
"C_nov 2021","2.797","S01097","LO","CO","Pontelambro-Castelmarte","13188","Ponte Lambro","Seveso - Asso","70","20","3","190","33","0","190","0","0","33","0","2021","Feriale","Invernale","9.225759459","45.829181272","POINT (9.225759459 45.829181272)"
"C_nov 2016","2.910","S01112","LO","MI","Cesano Boscone","15074","Cesano Boscone","MILANO-MORTARA-AL","140","110","8","450","70","450","10","0","69","1","0","2016","Fer","Invernale","0.909119676","45.430270342","POINT (9.09119676 45.430270342)"
"C_nov 2015","96","S01118","LO","VA","LAVENO MOMBELLO","12087","Laveno-Mombello","LUINO-GALLARATE","100","60","6","380","46","0","380","0","0","46","0","2015","FER","Invernale","8.624617825","45.903348381","POINT (8.624617825 45.903348381)"
"C_nov 2021","285","S01863","LO","PV","ALBUZZANO","18004","Albuzzano","PAVIA-CASALPUST.","20","10","4","20","22","0","20","0","0","22","0","2021","Feriale","Invernale","9.261661322","4.517259006","POINT (9.261661322 45.17259006)"
"C_nov 2022","92","S01065","LO","MI","TREZZANO S.N.","15220","Trezzano sul Naviglio","MILANO-MORTARA-AL","280","150","8","890","70","870","30","0","67","3","0","2022","Feriale","Invernale","0.907123474","45.422282484","POINT (9.07123474 45.422282484)"
"C_nov 2017","2.733","S01752","LO","MI","Castano Primo","15062","Castano Primo","Saronno - Novara","360","90","6","830","38","0","830","0","0","38","0","2017","Fer","Invernale","8.772746679","45.556048921","POINT (8.772746679 45.556048921)"
"C_nov 2015","2.712","S01741","LO","VA","Barasso-Comerio","12008","Barasso","Varese Nord - Laveno Momb","180","70","7","380","45","0","130","260","0","24","21","2015","FER","Invernale","8.751273836","45.835130751","POINT (8.751273836 45.835130751)"
"C_Luglio2023","177","S01480","LO","MI","MONZA SOBBORGHI","108033","Monza","MONZA-LECCO","240","70","7","430","44","410","10","10","41","1","2","2023","Feriale","estivo","9.284488422","45.582043348","POINT (9.284488422 45.582043348)"
"C_nov 2019","2.734","S01795","LO","BS","Castegnato","17040","Castegnato","Brescia - Iseo","170","30","7","310","37","0","310","0","0","37","0","2019","Fer","Invernale","10.118369673","45.566191714","POINT (10.118369673 45.566191714)"
"C_nov 2022","5.840","S01722","LO","MI","POZZUOLO MART.","15178","Pozzuolo Martesana","MILANO-VENEZIA","260","120","16","710","93","700","10","0","92","1","0","2022","Feriale","Invernale","9.465176435","45.510126551","POINT (9.465176435 45.510126551)"
"C_nov 2018","5.842","S01039","LO","MI","RHO FIERA MILANO","15182","Rho","TORINO-MILANO","1330","2210","35","8880","266","5730","1120","2040","176","38","52","2018","Fer","Invernale","9.088380294","4.552123731","POINT (9.088380294 45.52123731)"
"C_nov 2018","312","S01922","LO","MN","OSPITALETTO MANTOV.","20031","Marcaria","CODOGNO-MANTOVA","10","10","2","20","9","0","20","0","0","9","0","2018","Fer","Invernale","10.604427864","45.129824898","POINT (10.604427864 45.129824898)"
"C_nov 2020","242","S01711","LO","BG","ROMANO","16183","Romano di Lombardia","MILANO-VENEZIA","170","110","10","670","66","0","330","350","0","32","34","2020","Feriale","Invernale","0.975343152","45.523917724","POINT (9.75343152 45.523917724)"
"C_nov 2019","233","S01701","LO","MI","MILANO LAMBRATE","15146","Milano","MILANO-BOLOGNA","3550","8440","56","20390","312","4370","6590","9430","67","109","136","2019","Fer","Invernale","9.237361806","45.485012046","POINT (9.237361806 45.485012046)"
"C_Luglio2023","2.825","S01735","LO","VA","Venegono Sup.-Castiglione","12137","Venegono Superiore","Saronno - Varese Nord","110","40","8","400","59","0","400","0","0","59","0","2023","Feriale","estivo","8.890295606","45.758175712","POINT (8.890295606 45.758175712)"
"C_Luglio2023","254","S01807","LO","PV","VOGHERA","18182","Voghera","MILANO-GENOVA","330","70","4","1280","34","0","70","1220","0","6","28","2023","Feriale","estivo","9.007971677","44.997878065","POINT (9.007971677 44.997878065)"
"C_nov 2016","193","S01504","LO","BG","TERNO","16213","Terno d'Isola","SEREGNO-BERGAMO","460","90","8","1030","49","0","1030","0","0","49","0","2016","Fer","Invernale","9.536197341","45.688730968","POINT (9.536197341 45.688730968)"
"C_nov 2021","148","S01420","LO","LC","COLICO","97023","Colico","TIRANO-MILANO Lc-So","470","370","12","1740","85","0","1130","620","0","56","29","2021","Feriale","Invernale","9.375255676","46.138093311","POINT (9.375255676 46.138093311)"
"C_Luglio2023","186","S01489","LO","MI","RENATE VEDUGGIO","108037","Renate","MONZA-LECCO","90","20","6","260","42","250","10","20","39","1","2","2023","Feriale","estivo","0.927986722","4.572838114","POINT (9.27986722 45.72838114)"
"C_nov 2018","160","S01436","LO","SO","S.GIACOMO DI TEGLIO","14065","Teglio","TIRANO-MILANO So-Tir","10","0","1","10","7","0","10","0","0","7","0","2018","Fer","Invernale","10.027439647","46.159795887","POINT (10.027439647 46.159795887)"
"C_Novembre2023","109","S01200","LO","VA","PORTO CERESIO","12113","Porto Ceresio","PORTO C.-GALLARATE","130","90","4","600","34","0","0","600","0","0","34","2023","Feriale","Invernale","8.900389083","45.903750516","POINT (8.900389083 45.903750516)"
"C_nov 2019","283","S01861","LO","PV","PAVIA PORTA GARIBALDI","18110","Pavia","PAVIA-CASALPUST.","30","280","4","260","21","0","260","0","0","21","0","2019","Fer","Invernale","9.167359084","45.184073158","POINT (9.167359084 45.184073158)"
"C_nov 2016","249","S01802","LO","MI","VILLAMAGGIORE","15115","Lacchiarella","MILANO-GENOVA","480","100","8","1140","74","1140","0","10","72","0","2","2016","Fer","Invernale","9.190704857","45.320530164","POINT (9.190704857 45.320530164)"
"C_Novembre2023","33","S00271","LO","PV","PALESTRO","18107","Palestro","VERCELLI-PAVIA","50","10","2","200","22","0","200","0","0","22","0","2023","Feriale","Invernale","8.534545108","45.307350574","POINT (8.534545108 45.307350574)"
"C_nov 2021","2.793","S01780","LO","BS","Piancamuno-Gratacasolo","17142","Pian Camuno","Pisogne - Breno","20","10","3","50","19","0","50","0","0","19","0","2021","Feriale","Invernale","10.138337016","45.839909876","POINT (10.138337016 45.839909876)"
"C_Novembre2023","5.835","S01032","LO","MI","Milano Romolo","15146","Milano","MILANO-MORTARA-AL","130","440","7","1020","64","1020","0","0","64","0","0","2023","Feriale","Invernale","9.159273436","4.544587573","POINT (9.159273436 45.44587573)"
"C_Luglio2023","136","S01405","LO","SO","DUBINO","14027","Dubino","CHIAVENNA-COLICO","20","10","4","130","30","0","130","0","0","30","0","2023","Feriale","estivo","0.943221491","4.617287979","POINT (9.43221491 46.17287979)"
"C_nov 2017","214","S01538","LO","BS","PALAZZOLO SULL'OGLIO","17133","Palazzolo sull'Oglio","LECCO-BRESCIA","230","140","5","680","38","0","680","0","0","38","0","2017","Fer","Invernale","9.896263591","4.560155941","POINT (9.896263591 45.60155941)"
"C_nov 2021","266","S01829","LO","LO","S.STEFANO LODIGIANO","98051","Santo Stefano Lodigiano","MILANO-BOLOGNA","50","20","4","110","32","0","110","0","0","32","0","2021","Feriale","Invernale","9.723640779","45.122172959","POINT (9.723640779 45.122172959)"
"C_Luglio2023","171","S01457","LO","LC","CASLETTO-ROGENO","97072","Rogeno","ALBATE-MOLTENO","10","10","4","50","22","0","50","0","0","22","0","2023","Feriale","estivo","9.275406768","45.786104223","POINT (9.275406768 45.786104223)"
"C_nov 2020","208","S01529","LO","BG","BERGAMO","16024","Bergamo","LECCO-BRESCIA","770","920","29","3690","188","0","2240","1450","0","142","46","2020","Feriale","Invernale","9.675111057","45.690343725","POINT (9.675111057 45.690343725)"
"C_nov 2022","121","S01312","LO","CO","CUCCIAGO","13084","Cucciago","CHIASSO-MILANO","100","30","8","280","70","280","0","0","70","0","0","2022","Feriale","Invernale","9.082243395","45.740890259","POINT (9.082243395 45.740890259)"
"C_Luglio2023","5.919","S01146","LO","VA","Malpensa Aeroporto T2","12140","Vizzola Ticino","Busto Arsizio - Malpensa","80","300","16","1660","152","10","410","1250","6","44","102","2023","Feriale","estivo","8.721967232","4.565058598","POINT (8.721967232 45.65058598)"
"C_nov 2022","47","S00405","LO","PV","LOMELLO","18083","Lomello","CAVA C.-TORREBER","20","10","4","90","24","0","90","0","0","24","0","2022","Feriale","Invernale","8.799151452","45.117357692","POINT (8.799151452 45.117357692)"
"C_nov 2016","233","S01701","LO","MI","MILANO LAMBRATE","15146","Milano","MILANO-BOLOGNA","2720","8530","53","19770","307","4280","6470","9040","69","106","132","2016","Fer","Invernale","9.237361806","45.485012046","POINT (9.237361806 45.485012046)"
"C_nov 2021","50","S00408","LO","PV","SAIRANO","18190","Zinasco","CAVA C.-TORREBER","10","10","4","30","23","0","30","0","0","23","0","2021","Feriale","Invernale","9.046900985","45.138935103","POINT (9.046900985 45.138935103)"
"C_nov 2019","153","S01427","LO","SO","ARDENNO-MASINO","14005","Ardenno","TIRANO-MILANO Lc-So","50","10","4","80","18","0","80","0","0","18","0","2019","Fer","Invernale","9.651405996","46.162053348","POINT (9.651405996 46.162053348)"
"C_nov 2022","171","S01457","LO","LC","CASLETTO-ROGENO","97072","Rogeno","ALBATE-MOLTENO","50","10","4","70","22","0","70","0","0","22","0","2022","Feriale","Invernale","9.275406768","45.786104223","POINT (9.275406768 45.786104223)"
"C_Novembre2023","315","S01930","LO","PV","BRESSANA ARGINE","18023","Bressana Bottarone","PAVIA-STRADELLA","90","10","4","190","26","0","190","0","0","26","0","2023","Feriale","Invernale","9.137068363","45.072826093","POINT (9.137068363 45.072826093)"
"C_nov 2018","313","S01923","LO","MN","CASTELLUCCHIO","20016","Castellucchio","CODOGNO-MANTOVA","50","20","3","110","16","0","70","40","0","10","6","2018","Fer","Invernale","10.647514805","45.144370088","POINT (10.647514805 45.144370088)"
"C_nov 2018","36","S00274","LO","PV","GAMBOLO'-REMONDO'","18068","Gambolo'","VERCELLI-PAVIA","20","10","4","40","28","0","40","0","0","28","0","2018","Fer","Invernale","8.797608181","45.235955245","POINT (8.797608181 45.235955245)"
"C_nov 2021","114","S01207","LO","VA","GAZZADA-SCHIANNO-MORAZZ.","12073","Gazzada Schianno","PORTO C.-GALLARATE","160","140","8","530","68","500","0","40","67","0","1","2021","Feriale","Invernale","8.824846806","45.778700868","POINT (8.824846806 45.778700868)"
"C_Novembre2023","192","S01503","LO","BG","CALUSCO","16046","Calusco d'Adda","SEREGNO-BERGAMO","300","50","5","520","40","0","520","0","0","40","0","2023","Feriale","Invernale","9.470679691","45.684190766","POINT (9.470679691 45.684190766)"
"C_nov 2015","149","S01422","LO","SO","DELEBIO","14026","Delebio","TIRANO-MILANO Lc-So","80","20","4","320","29","0","320","10","0","28","1","2015","Fer","Invernale","9.461205764","46.138723845","POINT (9.461205764 46.138723845)"
"C_Luglio2023","123","S01315","LO","CO","CARIMATE","13046","Carimate","CHIASSO-MILANO","160","50","8","500","71","500","0","0","71","0","0","2023","Feriale","estivo","9.107220464","45.697171053","POINT (9.107220464 45.697171053)"
"C_nov 2017","41","S00279","LO","PV","CAVA CARBONARA","18151","Sommo","VERCELLI-PAVIA","10","10","5","20","29","0","20","0","0","29","0","2017","Fer","Invernale","9.071427457","45.147136385","POINT (9.071427457 45.147136385)"
"C_nov 2021","278","S01850","LO","CR","CASALMAGGIORE","19021","Casalmaggiore","BRESCIA-PARMA","100","30","4","300","32","0","300","0","0","32","0","2021","Feriale","Invernale","10.425041217","44.993222003","POINT (10.425041217 44.993222003)"
"C_nov 2018","256","S01810","PI","AL","TORTONA","6174","Tortona","MILANO-GENOVA","400","10","2","890","22","0","0","890","0","0","22","2018","Fer","Invernale","0.886181929","4.490006568","POINT (8.86181929 44.90006568)"
"C_nov 2018","2.861","S01639","LO","MI","MILANO VILLAPIZZONE","15146","Milano","PASSANTE","740","1390","26","4380","198","3760","230","400","178","7","13","2018","Fer","Invernale","9.150254378","45.502301332","POINT (9.150254378 45.502301332)"
"C_nov 2018","323","S01945","LO","PV","STRADELLA","18153","Stradella","ALESS.-PIACENZA","140","80","5","570","42","0","570","0","0","42","0","2018","Fer","Invernale","9.300895387","45.079551322","POINT (9.300895387 45.079551322)"
"C_nov 2015","155","S01429","LO","SO","CASTIONE ANDEVENNO","14015","Castione Andevenno","TIRANO-MILANO Lc-So","0","10","1","0","1","0","0","0","0","1","0","2015","Fer","Invernale","9.806179088","46.161737068","POINT (9.806179088 46.161737068)"
"C_nov 2016","332","S02088","VE","VR","PESCHIERA DEL GARDA","23059","Peschiera del Garda","MILANO-VENEZIA","300","90","5","1260","34","0","60","1210","0","2","32","2016","Fer","Invernale","1.070247103","4.543838223","POINT (10.70247103 45.43838223)"
"C_nov 2020","240","S01709","LO","BG","VIDALENGO","16053","Caravaggio","MILANO-VENEZIA","10","10","5","60","30","0","60","0","0","30","0","2020","Feriale","Invernale","0.963970536","45.517936977","POINT (9.63970536 45.517936977)"
"C_Novembre2023","11","S00041","PI","AL","VALENZA","6177","Valenza","CHIVASSO-ALESSANDRIA","120","160","6","450","33","0","450","0","0","33","0","2023","Feriale","Invernale","8.625966209","4.502351446","POINT (8.625966209 45.02351446)"
"C_nov 2019","184","S01487","LO","MI","VILLA RAVERIO","108008","Besana in Brianza","MONZA-LECCO","190","100","6","560","40","560","0","0","40","0","0","2019","Fer","Invernale","0.926158805","45.690495348","POINT (9.26158805 45.690495348)"
"C_nov 2018","145","S01415","LO","LC","MANDELLO DEL LARIO","97046","Mandello del Lario","TIRANO-MILANO Lc-So","260","60","3","660","33","0","530","130","0","26","7","2018","Fer","Invernale","9.322094648","45.915283559","POINT (9.322094648 45.915283559)"
"C_nov 2016","2.807","S01077","LO","VA","Saronno Sud","12119","Saronno","Milano Nord Cadorna - Sar","520","230","24","1130","207","1130","0","0","207","0","0","2016","Fer","Invernale","9.045593579","45.611839478","POINT (9.045593579 45.611839478)"
"C_Novembre2023","74","S01027","LO","VA","VERGIATE","12138","Vergiate","DOMODOSSOLA-MILANO","200","60","6","420","33","0","420","0","0","33","0","2023","Feriale","Invernale","8.693230518","45.717200688","POINT (8.693230518 45.717200688)"
"C_nov 2016","2.753","S01002","LO","BS","Edolo","17068","Edolo","Breno - Edolo","20","190","3","250","17","0","20","230","0","4","13","2016","Fer","Invernale","1.033206974","46.176686703","POINT (10.33206974 46.176686703)"
"C_nov 2018","178","S01481","LO","MI","VILLASANTA","108049","Villasanta","MONZA-LECCO","350","70","6","690","40","690","0","0","40","0","0","2018","Fer","Invernale","9.305121962","45.603443796","POINT (9.305121962 45.603443796)"
"C_Novembre2023","188","S01491","LO","LC","COSTA MASNAGA","97026","Costa Masnaga","MONZA-LECCO","280","50","8","440","38","440","0","0","38","0","0","2023","Feriale","Invernale","0.928526064","45.763506456","POINT (9.28526064 45.763506456)"
"C_Novembre2023","2.806","S01933","LO","VA","Saronno","12119","Saronno","Milano Nord Cadorna - Sar","4630","3480","68","15730","524","3120","9260","3360","196","205","123","2023","Feriale","Invernale","9.030524424","0.456251346","POINT (9.030524424 45.6251346)"
"C_nov 2016","313","S01923","LO","MN","CASTELLUCCHIO","20016","Castellucchio","CODOGNO-MANTOVA","50","20","4","100","24","0","70","30","0","18","6","2016","Fer","Invernale","10.647514805","45.144370088","POINT (10.647514805 45.144370088)"
"C_Novembre2023","309","S01919","LO","CR","PIADENA","19071","Piadena","CODOGNO-MANTOVA","280","100","7","950","64","0","480","470","0","43","21","2023","Feriale","Invernale","10.369987543","45.127689005","POINT (10.369987543 45.127689005)"
"C_nov 2016","131","S01400","LO","SO","CHIAVENNA","14018","Chiavenna","CHIAVENNA-COLICO","30","0","5","30","23","0","30","0","0","23","0","2016","Fer","Invernale","0.940716091","46.321335044","POINT (9.40716091 46.321335044)"
"C_nov 2016","2.814","S01781","LO","BS","Toline","17143","Pisogne","Iseo - Pisogne","10","0","3","10","20","0","10","0","0","20","0","2016","Fer","Invernale","10.088229762","45.787237456","POINT (10.088229762 45.787237456)"
"C_Luglio2023","252","S01805","LO","PV","BRESSANA BOTTARONE","18023","Bressana Bottarone","MILANO-GENOVA","60","20","5","150","30","0","130","30","0","26","4","2023","Feriale","estivo","0.911063508","45.086379858","POINT (9.11063508 45.086379858)"
"C_nov 2021","275","S01847","LO","MN","ASOLA","20002","Asola","BRESCIA-PARMA","70","20","4","170","26","0","170","0","0","26","0","2021","Feriale","Invernale","10.402333601","45.220534843","POINT (10.402333601 45.220534843)"
"C_nov 2019","2.763","S01762","LO","CO","Grandate-Breccia","13110","Grandate","Saronno - Como","570","220","11","1490","70","0","1210","290","0","61","9","2019","Fer","Invernale","0.009055656","45.781300073","POINT (9.055656 45.781300073)"
"C_nov 2017","268","S01840","LO","BS","MONTIRONE","17114","Montirone","BRESCIA-PARMA","20","10","4","60","24","0","60","0","0","24","0","2017","Fer","Invernale","10.239507594","45.451430581","POINT (10.239507594 45.451430581)"
"C_nov 2018","259","S01822","LO","MI","MELEGNANO","15140","Melegnano","MILANO-BOLOGNA","960","310","10","2530","79","2530","0","0","79","0","0","2018","Fer","Invernale","0.009319302","45.356405865","POINT (9.319302 45.356405865)"
"C_nov 2022","2.758","S01074","LO","MI","Garbagnate Milanese","15105","Garbagnate Milanese","Milano Nord Cadorna - Sar","950","270","14","2650","122","2650","0","0","122","0","0","2022","Feriale","Invernale","0.908029848","45.579923026","POINT (9.08029848 45.579923026)"
"C_nov 2015","71","S01020","PI","NO","ARONA","3008","Arona","DOMODOSSOLA-MILANO","280","140","6","1450","46","0","760","700","0","29","17","2015","Fer","Invernale","8.559107617","4.575531295","POINT (8.559107617 45.75531295)"
"C_nov 2019","317","S01932","LO","PV","BARBIANELLO","18008","Barbianello","PAVIA-STRADELLA","20","10","4","100","27","0","100","0","0","27","0","2019","Fer","Invernale","0.920419733","45.072712294","POINT (9.20419733 45.072712294)"
"C_nov 2019","84","S01040","LO","MI","MAGENTA","15130","Magenta","TORINO-MILANO","1030","400","8","2910","74","2910","0","0","74","0","0","2019","Fer","Invernale","8.880674725","45.468283265","POINT (8.880674725 45.468283265)"
"C_nov 2017","44","S00402","LO","PV","PIEVE ALBIGNOLA","18112","Pieve Albignola","CAVA C.-TORREBER","20","10","4","70","26","0","70","0","0","26","0","2017","Fer","Invernale","8.959758126","45.116329989","POINT (8.959758126 45.116329989)"
"C_nov 2020","204","S01525","LO","BG","CISANO-CAPRINO BERGAM.","16074","Cisano Bergamasco","LECCO-BRESCIA","50","30","4","170","31","0","170","0","0","31","0","2020","Feriale","Invernale","9.474295043","45.739683366","POINT (9.474295043 45.739683366)"
"C_Novembre2023","2.738","S01934","LO","MI","Ceriano Laghetto-Solaro","108018","Ceriano Laghetto","Saronno - Seregno","90","40","7","300","60","300","0","0","60","0","0","2023","Feriale","Invernale","9.079931416","4.562488063","POINT (9.079931416 45.62488063)"
"C_nov 2019","124","S01316","LO","MI","CAMNAGO-LENTATE","108054","Lentate sul Seveso","CHIASSO-MILANO","510","320","16","1650","144","1650","0","0","144","0","0","2019","Fer","Invernale","9.133490346","45.668502905","POINT (9.133490346 45.668502905)"
"C_nov 2022","221","S01604","LO","CR","CASALETTO VAPRIO","19020","Casaletto Vaprio","BERGAMO-CREMONA","70","20","4","200","35","0","200","0","0","35","0","2022","Feriale","Invernale","9.631769572","45.408725407","POINT (9.631769572 45.408725407)"
"C_nov 2020","277","S01849","LO","CR","S.GIOVANNI IN CROCE","19090","San Giovanni in Croce","BRESCIA-PARMA","10","10","4","40","30","0","40","0","0","30","0","2020","Feriale","Invernale","1.037754875","45.075865263","POINT (10.37754875 45.075865263)"
"C_Luglio2023","2.787","S01070","LO","MI","Novate Milanese","15157","Novate Milanese","Milano Nord Cadorna - Sar","530","230","16","1600","133","1600","0","0","133","0","0","2023","Feriale","estivo","9.132723827","45.533079873","POINT (9.132723827 45.533079873)"
"C_nov 2022","172","S01458","LO","LC","MOLTENO","97051","Molteno","MONZA-LECCO","310","120","14","740","61","430","320","0","38","23","0","2022","Feriale","Invernale","9.301712216","45.781015442","POINT (9.301712216 45.781015442)"
"C_nov 2021","320","S01942","LO","PV","CASTEGGIO","18037","Casteggio","ALESS.-PIACENZA","0","0","0","30","6","0","30","0","0","6","0","2021","Feriale","Invernale","9.124623708","4.501745237","POINT (9.124623708 45.01745237)"
"C_nov 2019","2.799","S01787","LO","BS","Provaglio-Timoline","17156","Provaglio d'Iseo","Brescia - Iseo","30","30","5","110","37","0","110","0","0","37","0","2019","Fer","Invernale","10.035246585","45.635075228","POINT (10.035246585 45.635075228)"
"C_nov 2020","243","S01712","LO","BG","CALCIO","16044","Calcio","MILANO-VENEZIA","10","10","5","70","30","0","70","0","0","30","0","2020","Feriale","Invernale","9.841366587","45.533015966","POINT (9.841366587 45.533015966)"
"C_nov 2018","48","S00406","LO","PV","MEDE","18088","Mede","CAVA C.-TORREBER","70","20","4","250","26","0","250","0","0","26","0","2018","Fer","Invernale","8.742632705","45.095095656","POINT (8.742632705 45.095095656)"
"C_nov 2019","119","S01307","LO","CO","COMO S.GIOVANNI","13075","Como","CHIASSO-MILANO","1170","1440","27","4950","191","2520","220","2220","140","23","28","2019","Fer","Invernale","9.072359552","45.809022727","POINT (9.072359552 45.809022727)"
"C_nov 2016","2.777","S01087","LO","MI","Meda","108030","Meda","Seveso - Asso","690","340","10","1670","61","190","1490","0","10","51","0","2016","Fer","Invernale","9.159047744","4.566230355","POINT (9.159047744 45.66230355)"
"C_nov 2018","294","S01900","LO","BS","S.ZENO FOLZANO","17173","San Zeno Naviglio","BRESCIA-CREMONA","20","20","8","90","55","0","90","0","0","55","0","2018","Fer","Invernale","10.211709572","45.491635451","POINT (10.211709572 45.491635451)"
"C_nov 2019","2.719","S01788","LO","BS","Borgonato Adro","17062","Corte Franca","Brescia - Iseo","50","10","6","90","37","0","90","0","0","37","0","2019","Fer","Invernale","10.020113024","45.622225521","POINT (10.020113024 45.622225521)"
"C_nov 2020","2.761","S01745","LO","VA","Gemonio","12074","Gemonio","Varese Nord - Laveno Momb","30","20","6","110","37","0","60","60","0","23","14","2020","Feriale","Invernale","0.867388218","45.877604611","POINT (8.67388218 45.877604611)"
"C_Luglio2023","42","S00400","LO","PV","SAIRANO-ZINASCO","18190","Zinasco","CAVA C.-TORREBER","20","10","5","40","24","0","40","0","0","24","0","2023","Feriale","estivo","9.030186913","45.133877321","POINT (9.030186913 45.133877321)"
"C_nov 2016","307","S01917","LO","CR","GAZZO-PIEVE S.GIACOMO","19075","Pieve San Giacomo","CODOGNO-MANTOVA","60","10","2","80","22","0","80","10","0","21","1","2016","Fer","Invernale","1.018994286","45.137237048","POINT (10.18994286 45.137237048)"
"C_nov 2020","2.776","S01783","LO","BS","Marone-Zone","17106","Marone","Iseo - Pisogne","10","10","3","50","32","0","40","20","0","19","13","2020","Feriale","Invernale","10.093296727","45.738197328","POINT (10.093296727 45.738197328)"
"C_nov 2017","233","S01701","LO","MI","MILANO LAMBRATE","15146","Milano","MILANO-BOLOGNA","3400","8360","54","20130","308","4100","6330","9720","69","106","133","2017","Fer","Invernale","9.237361806","45.485012046","POINT (9.237361806 45.485012046)"
"C_nov 2019","31","S00248","PI","NO","NOVARA","3106","Novara","TORINO-MILANO","600","1000","8","3090","84","2890","200","0","74","10","0","2019","Fer","Invernale","0.086249717","4.545129662","POINT (8.6249717 45.45129662)"
"C_nov 2017","307","S01917","LO","CR","GAZZO-PIEVE S.GIACOMO","19075","Pieve San Giacomo","CODOGNO-MANTOVA","70","10","2","90","22","0","90","10","0","21","1","2017","Fer","Invernale","1.018994286","45.137237048","POINT (10.18994286 45.137237048)"
"C_nov 2018","2.862","S01650","LO","MI","MILANO DATEO","15146","Milano","PASSANTE","1310","2090","40","6940","361","6940","0","0","361","0","0","2018","Fer","Invernale","9.217309375","45.467669611","POINT (9.217309375 45.467669611)"
"C_nov 2020","2.734","S01795","LO","BS","Castegnato","17040","Castegnato","Brescia - Iseo","50","20","7","110","36","0","110","0","0","36","0","2020","Feriale","Invernale","10.118369673","45.566191714","POINT (10.118369673 45.566191714)"
"C_nov 2016","2.767","S01094","LO","CO","Lambrugo-Lurago","13121","Lambrugo","Seveso - Asso","130","20","6","280","50","0","280","0","0","50","0","2016","Fer","Invernale","9.238491713","45.761639869","POINT (9.238491713 45.761639869)"
"C_nov 2022","2.856","S01648","LO","MI","MILANO REPUBBLICA","15146","Milano","PASSANTE","1380","3960","39","11520","330","11520","0","0","330","0","0","2022","Feriale","Invernale","9.198815201","45.480365497","POINT (9.198815201 45.480365497)"
"C_nov 2021","10","S00039","LO","PV","TORREBERETTI","18156","Torre Beretti e Castellaro","MILANO-MORTARA-AL","20","10","5","50","31","0","50","0","0","31","0","2021","Feriale","Invernale","8.660466652","45.060615837","POINT (8.660466652 45.060615837)"
"C_nov 2018","2.737","S01769","LO","BS","Cedegolo","17047","Cedegolo","Breno - Edolo","50","10","4","70","17","0","40","40","0","4","13","2018","Fer","Invernale","10.350009092","46.072304074","POINT (10.350009092 46.072304074)"
"C_nov 2019","185","S01488","LO","MI","BESANA","108008","Besana in Brianza","MONZA-LECCO","240","70","6","640","40","640","0","0","40","0","0","2019","Fer","Invernale","0.928291338","45.702901578","POINT (9.28291338 45.702901578)"
"C_nov 2019","2.807","S01077","LO","VA","Saronno Sud","12119","Saronno","Milano Nord Cadorna - Sar","490","200","23","1180","202","1180","0","0","202","0","0","2019","Fer","Invernale","9.045593579","45.611839478","POINT (9.045593579 45.611839478)"
"C_nov 2021","306","S01916","LO","CR","VILLETTA MALAGNINO","19056","Malagnino","CODOGNO-MANTOVA","30","10","1","30","9","0","30","0","0","7","2","2021","Feriale","Invernale","10.111974549","45.137104731","POINT (10.111974549 45.137104731)"
"C_nov 2022","327","S01950","EM","PC","ROTTOFRENO","33039","Rottofreno","ALESS.-PIACENZA","0","0","0","10","11","0","10","0","0","11","0","2022","Feriale","Invernale","9.549300156","4.506050732","POINT (9.549300156 45.06050732)"
"C_nov 2020","9","S00038","LO","PV","SARTIRANA","18146","Sartirana Lomellina","MILANO-MORTARA-AL","10","0","1","10","9","0","10","0","0","9","0","2020","Feriale","Invernale","0.867016046","45.111810021","POINT (8.67016046 45.111810021)"
"C_nov 2017","302","S01912","LO","CR","PONTE D'ADDA","19076","Pizzighettone","CODOGNO-MANTOVA","270","40","6","460","43","0","90","370","0","22","21","2017","Fer","Invernale","9.790770435","45.184437624","POINT (9.790770435 45.184437624)"
"C_Novembre2023","39","S00277","LO","PV","GROPELLO CAIROLI","18076","Gropello Cairoli","VERCELLI-PAVIA","80","20","4","180","25","0","180","0","0","25","0","2023","Feriale","Invernale","8.991656466","4.517318205","POINT (8.991656466 45.17318205)"
"C_nov 2020","106","S01143","LO","VA","TERNATE-VARANO BORGHI","12126","Ternate","LUINO-GALLARATE","30","20","5","80","27","0","80","0","0","27","0","2020","Feriale","Invernale","8.700412081","45.781912094","POINT (8.700412081 45.781912094)"
"C_nov 2017","5.832","S01067","LO","MI","Milano Nord Domodossola","15146","Milano","Milano Nord Cadorna - Sar","1070","2470","54","7630","386","3080","3900","660","153","202","31","2017","Fer","Invernale","9.162155141","45.480836572","POINT (9.162155141 45.480836572)"
"C_Luglio2023","5.840","S01722","LO","MI","POZZUOLO MART.","15178","Pozzuolo Martesana","MILANO-VENEZIA","160","50","16","460","93","450","10","0","92","1","0","2023","Feriale","estivo","9.465176435","45.510126551","POINT (9.465176435 45.510126551)"
"C_nov 2015","88","S01061","LO","PV","VIGEVANO","18177","Vigevano","MILANO-MORTARA-AL","1560","380","8","4010","51","0","4010","0","0","51","0","2015","FER","Invernale","8.862008085","45.312797339","POINT (8.862008085 45.312797339)"
"C_nov 2018","127","S01321","LO","MI","LISSONE-MUGGIO'","108028","Lissone","CHIASSO-MILANO","1370","490","17","4150","142","4120","0","40","141","0","1","2018","Fer","Invernale","9.235404174","45.605998474","POINT (9.235404174 45.605998474)"
"C_nov 2022","86","S01042","LO","MI","VITTUONE-ARLUNO","15243","Vittuone","TORINO-MILANO","730","190","8","2010","69","2010","0","0","69","0","0","2022","Feriale","Invernale","8.947336756","45.491137732","POINT (8.947336756 45.491137732)"
"C_nov 2018","335","S02336","LO","MN","MANTOVA","20030","Mantova","CODOGNO-MANTOVA","150","340","5","1020","30","0","160","860","0","10","20","2018","Fer","Invernale","10.783189882","45.158827197","POINT (10.783189882 45.158827197)"
"C_Luglio2023","211","S01535","LO","BG","MONTELLO GORLAGO","16139","Montello","LECCO-BRESCIA","120","40","4","620","37","0","620","0","0","37","0","2023","Feriale","estivo","0.980851611","45.670247257","POINT (9.80851611 45.670247257)"
"C_nov 2021","335","S02336","LO","MN","MANTOVA","20030","Mantova","CODOGNO-MANTOVA","90","190","4","680","28","0","100","580","0","7","21","2021","Feriale","Invernale","10.783189882","45.158827197","POINT (10.783189882 45.158827197)"
"C_nov 2021","106","S01143","LO","VA","TERNATE-VARANO BORGHI","12126","Ternate","LUINO-GALLARATE","80","30","6","170","29","60","110","0","10","19","0","2021","Feriale","Invernale","8.700412081","45.781912094","POINT (8.700412081 45.781912094)"
"C_nov 2015","289","S01867","LO","PV","MIRADOLO TERME","18093","Miradolo Terme","PAVIA-CASALPUST.","80","10","5","150","30","0","150","0","0","30","0","2015","FER","Invernale","9.449985524","45.162088065","POINT (9.449985524 45.162088065)"
"C_nov 2017","5.833","S01791","LO","BS","Rovato Città","17166","Rovato","Bornato - Rovato","10","10","4","10","16","0","10","0","0","16","0","2017","Fer","Invernale","10.005993837","45.565816711","POINT (10.005993837 45.565816711)"
"C_nov 2022","144","S01414","LO","LC","OLCIO","97046","Mandello del Lario","TIRANO-MILANO Lc-So","10","10","2","30","23","0","30","10","0","22","1","2022","Feriale","Invernale","9.313931929","45.938086276","POINT (9.313931929 45.938086276)"
"C_Luglio2023","2.816","S01728","LO","VA","Tradate Abbiate Guazzone","12127","Tradate","Saronno - Varese Nord","110","60","8","390","59","0","390","0","0","59","0","2023","Feriale","estivo","8.918610359","45.701903031","POINT (8.918610359 45.701903031)"
"C_Luglio2023","36","S00274","LO","PV","GAMBOLO'-REMONDO'","18068","Gambolo'","VERCELLI-PAVIA","20","20","3","70","16","0","70","0","0","16","0","2023","Feriale","estivo","8.797608181","45.235955245","POINT (8.797608181 45.235955245)"
"C_nov 2021","36","S00274","LO","PV","GAMBOLO'-REMONDO'","18068","Gambolo'","VERCELLI-PAVIA","10","10","3","30","25","0","30","0","0","25","0","2021","Feriale","Invernale","8.797608181","45.235955245","POINT (8.797608181 45.235955245)"
"C_nov 2020","133","S01402","LO","SO","SAMOLACO","14057","Samolaco","CHIAVENNA-COLICO","10","10","3","30","29","0","30","0","0","29","0","2020","Feriale","Invernale","9.423617479","46.246509103","POINT (9.423617479 46.246509103)"
"C_nov 2015","163","S01439","LO","SO","VILLA DI TIRANO","14078","Villa di Tirano","TIRANO-MILANO So-Tir","20","0","1","30","10","0","30","0","0","10","0","2015","FER","Invernale","10.130361703","46.196242159","POINT (10.130361703 46.196242159)"
"C_nov 2015","10","S00039","LO","PV","TORREBERETTI","18156","Torre Beretti e Castellaro","MILANO-MORTARA-AL","40","10","5","70","36","0","70","0","0","36","0","2015","Fer","Invernale","8.660466652","45.060615837","POINT (8.660466652 45.060615837)"
"C_nov 2019","2.731","S01758","LO","CO","Caslino al Piano","13036","Cadorago","Saronno - Como","230","50","8","430","61","0","430","0","0","61","0","2019","Fer","Invernale","9.040174552","45.711047814","POINT (9.040174552 45.711047814)"
"C_nov 2021","42","S00400","LO","PV","SAIRANO-ZINASCO","18190","Zinasco","CAVA C.-TORREBER","30","10","5","50","24","0","50","0","0","24","0","2021","Feriale","Invernale","9.030186913","45.133877321","POINT (9.030186913 45.133877321)"
"C_nov 2021","122","S01313","LO","CO","CANTU'-CERMENATE","13064","Cermenate","CHIASSO-MILANO","230","110","10","530","73","450","0","90","71","0","2","2021","Feriale","Invernale","9.099312432","45.716313773","POINT (9.099312432 45.716313773)"
"C_Novembre2023","2.731","S01758","LO","CO","Caslino al Piano","13036","Cadorago","Saronno - Como","260","40","8","490","64","0","480","10","0","63","1","2023","Feriale","Invernale","9.040174552","45.711047814","POINT (9.040174552 45.711047814)"
"C_nov 2018","43","S00401","LO","PV","ZINASCO NUOVO","18190","Zinasco","CAVA C.-TORREBER","30","10","5","50","26","0","50","0","0","26","0","2018","Fer","Invernale","8.999696096","45.124641115","POINT (8.999696096 45.124641115)"
"C_nov 2022","113","S01205","LO","VA","VARESE","12133","Varese","PORTO C.-GALLARATE","940","1210","20","4880","173","3250","0","1640","135","0","38","2022","Feriale","Invernale","0.883313115","45.816277257","POINT (8.83313115 45.816277257)"
"C_nov 2017","295","S01901","LO","BS","BAGNOLO MELLA","17009","Bagnolo Mella","BRESCIA-CREMONA","90","30","3","290","31","0","290","0","0","31","0","2017","Fer","Invernale","10.183641825","45.428611146","POINT (10.183641825 45.428611146)"
"C_Luglio2023","335","S02336","LO","MN","MANTOVA","20030","Mantova","CODOGNO-MANTOVA","140","120","4","880","28","0","90","790","0","7","21","2023","Feriale","estivo","10.783189882","45.158827197","POINT (10.783189882 45.158827197)"
"C_nov 2022","5.836","S01608","LO","BG","ARCENE","16011","Arcene","BERGAMO-CREMONA","170","50","8","370","47","0","370","0","0","46","1","2022","Feriale","Invernale","9.606556547","45.577555908","POINT (9.606556547 45.577555908)"
"C_nov 2021","133","S01402","LO","SO","SAMOLACO","14057","Samolaco","CHIAVENNA-COLICO","50","10","3","90","29","0","90","0","0","29","0","2021","Feriale","Invernale","9.423617479","46.246509103","POINT (9.423617479 46.246509103)"
"C_nov 2018","182","S01485","LO","MI","TRIUGGIO-PONTE ALBIATE","108043","Triuggio","MONZA-LECCO","300","40","6","500","40","500","0","0","40","0","0","2018","Fer","Invernale","9.266989378","45.659034087","POINT (9.266989378 45.659034087)"
"C_nov 2016","2.721","S01085","LO","MI","Bovisio Masciago - Mombello","108010","Bovisio-Masciago","Milano Nord Bovisa - Seve","960","230","16","2180","135","2180","0","0","135","0","0","2016","Fer","Invernale","9.141581449","45.612055387","POINT (9.141581449 45.612055387)"
"C_nov 2017","2.728","S01771","LO","BS","Capo di Ponte","17035","Capo di Ponte","Breno - Edolo","40","10","4","70","17","0","30","50","0","4","13","2017","Fer","Invernale","10.346501697","46.030817614","POINT (10.346501697 46.030817614)"
"C_nov 2020","185","S01488","LO","MI","BESANA","108008","Besana in Brianza","MONZA-LECCO","50","30","6","170","40","170","0","0","40","0","0","2020","Feriale","Invernale","0.928291338","45.702901578","POINT (9.28291338 45.702901578)"
"C_nov 2020","305","S01915","LO","CR","CREMONA","19036","Cremona","CODOGNO-MANTOVA","130","160","14","860","103","0","410","450","0","81","22","2020","Feriale","Invernale","10.017983096","45.143301262","POINT (10.017983096 45.143301262)"
"C_nov 2022","246","S01716","LO","BS","OSPITALETTO TRAVAGLIATO","17127","Ospitaletto","MILANO-VENEZIA","150","60","9","440","58","0","440","0","0","58","0","2022","Feriale","Invernale","10.074385735","45.546125054","POINT (10.074385735 45.546125054)"
"C_Novembre2023","387","S05000","EM","PC","PIACENZA","33032","Piacenza","MILANO-BOLOGNA","300","170","7","1660","51","0","1660","0","0","51","0","2023","Feriale","Invernale","9.706305088","4.505208441","POINT (9.706305088 45.05208441)"
"C_nov 2019","2.747","S01764","LO","CO","Como Nord Borghi","13075","Como","Saronno - Como","610","1020","10","2660","70","0","2290","370","0","61","9","2019","Fer","Invernale","0.909095794","45.804910086","POINT (9.09095794 45.804910086)"
"C_nov 2019","156","S01430","LO","SO","SONDRIO","14061","Sondrio","TIRANO-MILANO Lc-So","180","950","6","2190","54","0","970","1220","0","26","28","2019","Fer","Invernale","0.987296139","46.167141595","POINT (9.87296139 46.167141595)"
"C_nov 2020","2.715","S01778","LO","BS","Boario Terme","17065","Darfo Boario Terme","Pisogne - Breno","20","20","3","70","24","0","40","40","0","11","13","2020","Feriale","Invernale","10.190958686","45.892043214","POINT (10.190958686 45.892043214)"
"C_nov 2016","178","S01481","LO","MI","VILLASANTA","108049","Villasanta","MONZA-LECCO","370","50","6","640","40","640","0","0","40","0","0","2016","Fer","Invernale","9.305121962","45.603443796","POINT (9.305121962 45.603443796)"
"C_nov 2022","220","S01603","LO","CR","CAPRALBA","19015","Capralba","BERGAMO-CREMONA","80","20","5","160","35","0","160","0","0","35","0","2022","Feriale","Invernale","9.640048136","45.443945977","POINT (9.640048136 45.443945977)"
"C_nov 2016","272","S01844","LO","BS","VISANO","17203","Visano","BRESCIA-PARMA","30","10","3","80","24","0","80","0","0","24","0","2016","Fer","Invernale","10.363129196","45.315389802","POINT (10.363129196 45.315389802)"
"C_nov 2015","300","S01910","LO","LO","MALEO","98035","Maleo","CODOGNO-MANTOVA","10","10","3","30","25","0","30","0","0","24","1","2015","Fer","Invernale","9.755227418","45.170199162","POINT (9.755227418 45.170199162)"
"C_nov 2017","5.820","S01492","LO","MI","Milano Forlanini","15146","Milano","PASSANTE","710","1030","24","3250","215","3250","0","0","215","0","0","2017","Fer","Invernale","9.237061003","45.462399481","POINT (9.237061003 45.462399481)"
"C_nov 2016","282","S01860","LO","PV","PAVIA","18110","Pavia","MILANO-GENOVA","2110","3420","32","10570","213","2870","5070","2640","72","113","28","2016","Fer","Invernale","9.144713646","45.188924433","POINT (9.144713646 45.188924433)"
"C_nov 2022","232","S01700","LO","MI","MILANO CENTRALE","15146","Milano","MILANO-BOLOGNA","2900","9990","44","31610","282","100","3360","28170","3","47","232","2022","Feriale","Invernale","9.204867788","45.486276592","POINT (9.204867788 45.486276592)"
"C_nov 2021","196","S01512","LO","LC","OSNAGO","97061","Osnago","TIRANO-MILANO Mz-Lc","350","90","8","800","65","800","0","0","65","0","0","2021","Feriale","Invernale","9.387021835","45.678609287","POINT (9.387021835 45.678609287)"
"C_nov 2016","2.860","S01138","LO","VA","Ferno-Lonate P.","12068","Ferno","Busto Arsizio - Malpensa","200","80","6","550","48","0","550","0","0","48","0","2016","Fer","Invernale","8.754982528","45.608628952","POINT (8.754982528 45.608628952)"
"C_nov 2021","387","S05000","EM","PC","PIACENZA","33032","Piacenza","MILANO-BOLOGNA","330","220","8","1310","50","0","1310","0","0","50","0","2021","Feriale","Invernale","9.706305088","4.505208441","POINT (9.706305088 45.05208441)"
"C_nov 2016","2.738","S01934","LO","MI","Ceriano Laghetto-Solaro","108018","Ceriano Laghetto","Saronno - Seregno","160","50","8","380","68","380","0","0","68","0","0","2016","Fer","Invernale","9.079931416","4.562488063","POINT (9.079931416 45.62488063)"
"C_nov 2019","269","S01841","LO","BS","GHEDI","17078","Ghedi","BRESCIA-PARMA","70","30","4","150","22","0","150","0","0","22","0","2019","Fer","Invernale","10.280538985","45.409522832","POINT (10.280538985 45.409522832)"
"C_nov 2018","108","S01145","LO","VA","BESNATE","12012","Besnate","LUINO-GALLARATE","100","20","5","170","30","0","170","0","0","30","0","2018","Fer","Invernale","8.761109294","45.695486482","POINT (8.761109294 45.695486482)"
"C_nov 2019","2.865","S01624","LO","MI","SAN DONATO MILANESE","15192","San Donato Milanese","MILANO-BOLOGNA","190","530","9","1030","79","1030","0","0","79","0","0","2019","Fer","Invernale","9.253900071","45.417940908","POINT (9.253900071 45.417940908)"
"C_nov 2022","71","S01020","PI","NO","ARONA","3008","Arona","DOMODOSSOLA-MILANO","270","170","7","1690","51","0","900","790","0","33","18","2022","Feriale","Invernale","8.559107617","4.575531295","POINT (8.559107617 45.75531295)"
"C_nov 2015","104","S01141","LO","VA","BESOZZO","12013","Besozzo","LUINO-GALLARATE","140","30","4","330","35","0","330","0","0","35","0","2015","FER","Invernale","0.866303949","45.842264864","POINT (8.66303949 45.842264864)"
"C_nov 2018","213","S01537","LO","BG","GRUMELLO DEL MONTE","16120","Grumello del Monte","LECCO-BRESCIA","120","80","5","420","38","0","420","0","0","38","0","2018","Fer","Invernale","0.986279802","45.634179821","POINT (9.86279802 45.634179821)"
"C_nov 2019","250","S01803","LO","PV","CERTOSA DI PAVIA","18046","Certosa di Pavia","MILANO-GENOVA","510","50","8","1090","73","1090","0","0","72","0","1","2019","Fer","Invernale","9.154491353","45.257008002","POINT (9.154491353 45.257008002)"
"C_nov 2016","71","S01020","PI","NO","ARONA","3008","Arona","DOMODOSSOLA-MILANO","330","160","6","1660","50","0","920","740","0","33","17","2016","Fer","Invernale","8.559107617","4.575531295","POINT (8.559107617 45.75531295)"
"C_nov 2016","2.815","S01729","LO","VA","Tradate","12127","Tradate","Saronno - Varese Nord","1120","410","13","2610","78","0","1680","940","0","57","21","2016","Fer","Invernale","8.906902965","45.710305004","POINT (8.906902965 45.710305004)"
"C_nov 2015","2.739","S01086","LO","MI","Cesano Maderno","108019","Cesano Maderno","Milano Nord Bovisa - Seve","1870","720","32","5160","248","3560","1600","0","199","49","0","2015","Fer","Invernale","9.141966766","45.631316886","POINT (9.141966766 45.631316886)"
"C_Novembre2023","271","S01843","LO","BS","CALVISANO","17034","Calvisano","BRESCIA-PARMA","70","40","4","190","31","0","190","0","0","31","0","2023","Feriale","Invernale","10.349435029","45.346652138","POINT (10.349435029 45.346652138)"
"C_nov 2020","387","S05000","EM","PC","PIACENZA","33032","Piacenza","MILANO-BOLOGNA","110","70","7","660","54","0","660","0","0","54","0","2020","Feriale","Invernale","9.706305088","4.505208441","POINT (9.706305088 45.05208441)"
"C_nov 2021","90","S01063","LO","MI","GAGGIANO","15103","Gaggiano","MILANO-MORTARA-AL","180","70","9","420","61","420","10","0","59","2","0","2021","Feriale","Invernale","9.031152518","45.408906664","POINT (9.031152518 45.408906664)"
"C_Novembre2023","2.799","S01787","LO","BS","Provaglio-Timoline","17156","Provaglio d'Iseo","Brescia - Iseo","30","20","5","130","34","0","130","0","0","34","0","2023","Feriale","Invernale","10.035246585","45.635075228","POINT (10.035246585 45.635075228)"
"C_Novembre2023","5","S00033","LO","PV","ALBONESE","18003","Albonese","NOVARA-MORTARA","20","10","3","20","10","0","20","0","0","10","0","2023","Feriale","Invernale","8.714636963","45.297869975","POINT (8.714636963 45.297869975)"
"C_Novembre2023","72","S01025","PI","NO","DORMELLETTO","3062","Dormelletto","DOMODOSSOLA-MILANO","30","20","5","120","33","0","120","0","0","33","0","2023","Feriale","Invernale","0.857439962","4.573009066","POINT (8.57439962 45.73009066)"
"C_nov 2018","230","S01640","LO","MI","MILANO CERTOSA","15146","Milano","TORINO-MILANO","1190","1270","23","6390","185","6250","100","50","178","4","3","2018","Fer","Invernale","0.913393857","45.507007737","POINT (9.13393857 45.507007737)"
"C_Novembre2023","2.816","S01728","LO","VA","Tradate Abbiate Guazzone","12127","Tradate","Saronno - Varese Nord","150","60","8","450","60","0","450","0","0","60","0","2023","Feriale","Invernale","8.918610359","45.701903031","POINT (8.918610359 45.701903031)"
"C_nov 2015","95","S01117","LO","VA","CALDE'","12045","Castelveccana","LUINO-GALLARATE","10","10","2","50","34","0","50","0","0","34","0","2015","FER","Invernale","8.663196767","45.945891984","POINT (8.663196767 45.945891984)"
"C_nov 2015","5.837","S01611","LO","BG","LEVATE","16126","Levate","BERGAMO-CREMONA","110","20","8","260","53","0","260","0","0","52","1","2015","Fer","Invernale","0.962785005","45.622899995","POINT (9.62785005 45.622899995)"
"C_nov 2015","221","S01604","LO","CR","CASALETTO VAPRIO","19020","Casaletto Vaprio","BERGAMO-CREMONA","80","20","4","280","35","0","280","0","0","35","0","2015","Fer","Invernale","9.631769572","45.408725407","POINT (9.631769572 45.408725407)"
"C_nov 2018","288","S01866","LO","PV","S.CRISTINA E BISSONE","18139","Santa Cristina e Bissone","PAVIA-CASALPUST.","50","10","5","110","28","0","110","0","0","28","0","2018","Fer","Invernale","9.401036576","45.160614144","POINT (9.401036576 45.160614144)"
"C_nov 2019","245","S01714","LO","BS","ROVATO","17166","Rovato","MILANO-VENEZIA","740","290","15","2360","102","0","1370","990","0","70","32","2019","Fer","Invernale","10.000952147","45.552008269","POINT (10.000952147 45.552008269)"
"C_Novembre2023","2.734","S01795","LO","BS","Castegnato","17040","Castegnato","Brescia - Iseo","130","30","7","320","34","0","320","0","0","34","0","2023","Feriale","Invernale","10.118369673","45.566191714","POINT (10.118369673 45.566191714)"
"C_nov 2016","93","S01113","LO","VA","LUINO","12092","Luino","LUINO-GALLARATE","140","70","4","470","30","0","470","0","0","30","0","2016","Fer","Invernale","8.737497575","45.996713632","POINT (8.737497575 45.996713632)"
"C_nov 2019","167","S01452","LO","CO","BRENNA-ALZATE","13029","Brenna","ALBATE-MOLTENO","10","10","4","40","22","0","40","0","0","22","0","2019","Fer","Invernale","9.183346262","4.575412075","POINT (9.183346262 45.75412075)"
"C_nov 2020","121","S01312","LO","CO","CUCCIAGO","13084","Cucciago","CHIASSO-MILANO","20","10","8","60","66","60","0","0","66","0","0","2020","Feriale","Invernale","9.082243395","45.740890259","POINT (9.082243395 45.740890259)"
"C_nov 2017","325","S01948","EM","PC","CASTEL S.GIOVANNI","33013","Castel San Giovanni","ALESS.-PIACENZA","50","10","1","270","18","0","270","0","0","18","0","2017","Fer","Invernale","9.436615112","4.506320024","POINT (9.436615112 45.06320024)"
"C_nov 2015","2.721","S01085","LO","MI","Bovisio Masciago - Mombello","108010","Bovisio-Masciago","Milano Nord Bovisa - Seve","880","260","16","2040","131","2040","0","0","131","0","0","2015","Fer","Invernale","9.141581449","45.612055387","POINT (9.141581449 45.612055387)"
"C_nov 2016","199","S01515","LO","LC","AIRUNO","97002","Airuno","TIRANO-MILANO Mz-Lc","290","50","8","670","68","670","0","0","68","0","0","2016","Fer","Invernale","9.422096968","45.754167715","POINT (9.422096968 45.754167715)"
"C_nov 2015","255","S01809","PI","AL","PONTECURONE","6132","Pontecurone","MILANO-GENOVA","30","10","2","70","9","0","0","70","0","0","9","2015","FER","Invernale","8.929891639","4.496201105","POINT (8.929891639 44.96201105)"
"C_nov 2016","88","S01061","LO","PV","VIGEVANO","18177","Vigevano","MILANO-MORTARA-AL","1490","330","8","3730","46","0","3730","0","0","46","0","2016","Fer","Invernale","8.862008085","45.312797339","POINT (8.862008085 45.312797339)"
"C_nov 2016","387","S05000","EM","PC","PIACENZA","33032","Piacenza","MILANO-BOLOGNA","660","340","9","1780","58","0","1780","0","0","58","0","2016","Fer","Invernale","9.706305088","4.505208441","POINT (9.706305088 45.05208441)"
"C_Novembre2023","321","S01943","LO","PV","S.GIULETTA","18140","Santa Giuletta","ALESS.-PIACENZA","0","0","0","20","6","0","20","0","0","6","0","2023","Feriale","Invernale","9.179278043","45.035797363","POINT (9.179278043 45.035797363)"
"C_Novembre2023","2.763","S01762","LO","CO","Grandate-Breccia","13110","Grandate","Saronno - Como","410","370","9","1130","67","0","930","210","0","63","4","2023","Feriale","Invernale","0.009055656","45.781300073","POINT (9.055656 45.781300073)"
"C_nov 2016","304","S01914","LO","CR","CAVA TIGOZZI","19095","Sesto ed Uniti","CODOGNO-MANTOVA","10","10","3","10","21","0","10","0","0","21","0","2016","Fer","Invernale","0.995584963","45.156899589","POINT (9.95584963 45.156899589)"
"C_nov 2020","261","S01824","LO","LO","TAVAZZANO","98056","Tavazzano con Villavesco","MILANO-BOLOGNA","120","70","8","320","42","320","0","0","42","0","0","2020","Feriale","Invernale","9.402775545","45.326370144","POINT (9.402775545 45.326370144)"
"C_nov 2015","326","S01949","EM","PC","SARMATO","33042","Sarmato","ALESS.-PIACENZA","0","0","0","10","14","0","10","0","0","14","0","2015","Fer","Invernale","0.949110168","4.506299749","POINT (9.49110168 45.06299749)"
"C_nov 2020","5.841","S01104","LO","MI","PIEVE EMANUELE","15173","Pieve Emanuele","MILANO-GENOVA","160","90","8","610","71","610","0","0","70","0","1","2020","Feriale","Invernale","9.204837997","45.341109745","POINT (9.204837997 45.341109745)"
"C_nov 2017","2.854","S00023","PI","NO","Novara FN","3106","Novara","Saronno - Novara","200","480","6","1100","38","0","1100","0","0","38","0","2017","Fer","Invernale","8.627061488","45.452334846","POINT (8.627061488 45.452334846)"
"C_nov 2020","175","S01462","LO","LC","CIVATE","97022","Civate","MONZA-LECCO","10","20","5","30","34","30","0","0","33","1","0","2020","Feriale","Invernale","9.352910244","45.831371067","POINT (9.352910244 45.831371067)"
"C_Novembre2023","106","S01143","LO","VA","TERNATE-VARANO BORGHI","12126","Ternate","LUINO-GALLARATE","110","50","6","210","27","80","140","0","11","16","0","2023","Feriale","Invernale","8.700412081","45.781912094","POINT (8.700412081 45.781912094)"
"C_nov 2019","286","S01864","LO","PV","BELGIOIOSO","18013","Belgioioso","PAVIA-CASALPUST.","150","20","4","250","22","0","250","0","0","22","0","2019","Fer","Invernale","9.316907213","45.164645746","POINT (9.316907213 45.164645746)"
"C_Novembre2023","2.709","S01092","LO","CO","Arosio","13012","Arosio","Seveso - Asso","200","40","7","420","51","0","420","0","0","51","0","2023","Feriale","Invernale","9.210246869","4.571835634","POINT (9.210246869 45.71835634)"
"C_nov 2021","284","S01862","LO","PV","MOTTA S.DAMIANO","18110","Pavia","PAVIA-CASALPUST.","10","10","4","10","22","0","10","0","0","22","0","2021","Feriale","Invernale","9.219902925","45.178421105","POINT (9.219902925 45.178421105)"
"C_nov 2016","11","S00041","PI","AL","VALENZA","6177","Valenza","CHIVASSO-ALESSANDRIA","130","80","6","350","38","0","350","0","0","38","0","2016","Fer","Invernale","8.625966209","4.502351446","POINT (8.625966209 45.02351446)"
"C_nov 2022","2.760","S01743","LO","VA","Gavirate-Verbano","12072","Gavirate","Varese Nord - Laveno Momb","0","0","1","0","1","0","0","0","0","0","1","2022","Feriale","Invernale","8.706523665","45.851178857","POINT (8.706523665 45.851178857)"
"C_nov 2016","2.789","S01082","LO","MI","Paderno Dugnano","15166","Paderno Dugnano","Milano Nord Bovisa - Seve","1280","380","16","2820","135","2820","0","0","135","0","0","2016","Fer","Invernale","9.161231422","45.564852006","POINT (9.161231422 45.564852006)"
"C_nov 2021","186","S01489","LO","MI","RENATE VEDUGGIO","108037","Renate","MONZA-LECCO","160","40","6","390","38","390","0","0","38","0","0","2021","Feriale","Invernale","0.927986722","4.572838114","POINT (9.27986722 45.72838114)"
"C_Luglio2023","5.841","S01104","LO","MI","PIEVE EMANUELE","15173","Pieve Emanuele","MILANO-GENOVA","390","210","8","1430","71","1430","0","10","70","0","1","2023","Feriale","estivo","9.204837997","45.341109745","POINT (9.204837997 45.341109745)"
"C_nov 2015","2.740","S01075","LO","MI","Cesate","15076","Cesate","Milano Nord Cadorna - Sar","740","130","16","1740","142","1740","0","0","142","0","0","2015","Fer","Invernale","9.066684079","45.590910137","POINT (9.066684079 45.590910137)"
"C_nov 2019","803","S02083","LO","BS","LONATO","17092","Lonato","MILANO-VENEZIA","10","10","1","10","2","0","10","0","0","2","0","2019","Fer","Invernale","10.486740042","45.457282784","POINT (10.486740042 45.457282784)"
"C_nov 2022","322","S01944","LO","PV","BRONI","18024","Broni","ALESS.-PIACENZA","80","50","3","400","32","0","400","0","0","32","0","2022","Feriale","Invernale","9.258788494","45.066345425","POINT (9.258788494 45.066345425)"
"C_Luglio2023","273","S01845","LO","BS","REMEDELLO SOPRA","17160","Remedello","BRESCIA-PARMA","30","20","4","140","26","0","140","0","0","26","0","2023","Feriale","estivo","10.379240842","45.278565103","POINT (10.379240842 45.278565103)"
"C_Novembre2023","262","S01825","LO","LO","LODI","98031","Lodi","MILANO-BOLOGNA","1380","1240","18","5660","128","2130","2430","1100","70","38","20","2023","Feriale","Invernale","9.497612624","45.309042271","POINT (9.497612624 45.309042271)"
"C_nov 2021","2.715","S01778","LO","BS","Boario Terme","17065","Darfo Boario Terme","Pisogne - Breno","40","30","3","160","26","0","80","90","0","13","13","2021","Feriale","Invernale","10.190958686","45.892043214","POINT (10.190958686 45.892043214)"
"C_nov 2017","296","S01902","LO","BS","MANERBIO","17103","Manerbio","BRESCIA-CREMONA","160","20","4","390","33","0","390","0","0","33","0","2017","Fer","Invernale","10.132373607","45.357291955","POINT (10.132373607 45.357291955)"
"C_Novembre2023","298","S01904","LO","CR","ROBECCO-PONTEVICO","19085","Robecco d'Oglio","BRESCIA-CREMONA","50","20","3","130","31","0","130","0","0","31","0","2023","Feriale","Invernale","10.078618004","45.266299802","POINT (10.078618004 45.266299802)"
"C_nov 2019","237","S01706","LO","MI","TRECELLA","15178","Pozzuolo Martesana","MILANO-VENEZIA","430","110","16","880","98","870","10","0","96","1","1","2019","Fer","Invernale","0.948762259","45.514065408","POINT (9.48762259 45.514065408)"
"C_nov 2015","273","S01845","LO","BS","REMEDELLO SOPRA","17160","Remedello","BRESCIA-PARMA","30","120","3","200","24","0","200","0","0","24","0","2015","Fer","Invernale","10.379240842","45.278565103","POINT (10.379240842 45.278565103)"
"C_Novembre2023","245","S01714","LO","BS","ROVATO","17166","Rovato","MILANO-VENEZIA","730","240","14","2660","109","0","1320","1350","0","73","36","2023","Feriale","Invernale","10.000952147","45.552008269","POINT (10.000952147 45.552008269)"
"C_nov 2022","233","S01701","LO","MI","MILANO LAMBRATE","15146","Milano","MILANO-BOLOGNA","2770","6290","58","17260","322","3760","5130","8380","67","109","146","2022","Feriale","Invernale","9.237361806","45.485012046","POINT (9.237361806 45.485012046)"
"C_nov 2021","229","S01632","LO","MI","MILANO PORTA ROMANA","15146","Milano","MILANO-MORTARA-AL","240","440","9","1070","59","1070","0","0","59","0","0","2021","Feriale","Invernale","0.921316275","45.445922893","POINT (9.21316275 45.445922893)"
"C_nov 2020","47","S00405","LO","PV","LOMELLO","18083","Lomello","CAVA C.-TORREBER","20","10","4","50","23","0","50","0","0","23","0","2020","Feriale","Invernale","8.799151452","45.117357692","POINT (8.799151452 45.117357692)"
"C_nov 2022","303","S01913","LO","CR","ACQUANEGRA CREMONESE","19001","Acquanegra Cremonese","CODOGNO-MANTOVA","10","10","3","10","11","0","10","0","0","11","0","2022","Feriale","Invernale","9.888484165","45.172179192","POINT (9.888484165 45.172179192)"
"C_nov 2018","284","S01862","LO","PV","MOTTA S.DAMIANO","18110","Pavia","PAVIA-CASALPUST.","10","0","5","10","27","0","10","0","0","27","0","2018","Fer","Invernale","9.219902925","45.178421105","POINT (9.219902925 45.178421105)"
"C_nov 2016","151","S01425","LO","SO","MORBEGNO","14045","Morbegno","TIRANO-MILANO Lc-So","640","350","8","1640","54","0","650","1000","0","27","27","2016","Fer","Invernale","9.568674621","46.136732198","POINT (9.568674621 46.136732198)"
"C_nov 2015","2.804","S01755","LO","CO","Rovello Porro","13202","Rovello Porro","Saronno - Como","430","50","7","890","62","0","880","10","0","61","1","2015","Fer","Invernale","9.036261914","45.651408852","POINT (9.036261914 45.651408852)"
"C_nov 2019","2.817","S01751","LO","MI","Turbigo","15226","Turbigo","Saronno - Novara","330","70","6","820","38","0","820","0","0","38","0","2019","Fer","Invernale","8.738913891","45.528044364","POINT (8.738913891 45.528044364)"
"C_nov 2015","9","S00038","LO","PV","SARTIRANA","18146","Sartirana Lomellina","MILANO-MORTARA-AL","40","10","2","70","10","0","70","0","0","10","0","2015","Fer","Invernale","0.867016046","45.111810021","POINT (8.67016046 45.111810021)"
"C_nov 2018","254","S01807","LO","PV","VOGHERA","18182","Voghera","MILANO-GENOVA","810","100","6","2310","45","0","520","1800","0","17","28","2018","Fer","Invernale","9.007971677","44.997878065","POINT (9.007971677 44.997878065)"
"C_nov 2019","7","S00036","LO","PV","OLEVANO","18104","Olevano di Lomellina","MILANO-MORTARA-AL","20","10","2","40","10","0","40","0","0","10","0","2019","Fer","Invernale","0.871185336","4.521219615","POINT (8.71185336 45.21219615)"
"C_nov 2017","266","S01829","LO","LO","S.STEFANO LODIGIANO","98051","Santo Stefano Lodigiano","MILANO-BOLOGNA","50","10","4","90","36","0","90","0","0","36","0","2017","Fer","Invernale","9.723640779","45.122172959","POINT (9.723640779 45.122172959)"
"C_nov 2021","6","S00034","LO","PV","MORTARA","18102","Mortara","MILANO-MORTARA-AL","550","390","9","2330","74","0","2330","0","0","74","0","2021","Feriale","Invernale","0.873168138","45.252256076","POINT (8.73168138 45.252256076)"
"C_nov 2022","315","S01930","LO","PV","BRESSANA ARGINE","18023","Bressana Bottarone","PAVIA-STRADELLA","120","30","4","210","26","0","210","0","0","26","0","2022","Feriale","Invernale","9.137068363","45.072826093","POINT (9.137068363 45.072826093)"
"C_nov 2015","305","S01915","LO","CR","CREMONA","19036","Cremona","CODOGNO-MANTOVA","640","780","16","3550","138","0","1920","1640","0","117","21","2015","Fer","Invernale","10.017983096","45.143301262","POINT (10.017983096 45.143301262)"
"C_nov 2022","326","S01949","EM","PC","SARMATO","33042","Sarmato","ALESS.-PIACENZA","0","0","0","10","11","0","10","0","0","11","0","2022","Feriale","Invernale","0.949110168","4.506299749","POINT (9.49110168 45.06299749)"
"C_nov 2022","2.733","S01752","LO","MI","Castano Primo","15062","Castano Primo","Saronno - Novara","340","60","6","800","34","0","800","0","0","34","0","2022","Feriale","Invernale","8.772746679","45.556048921","POINT (8.772746679 45.556048921)"
"C_nov 2021","162","S01438","LO","SO","BIANZONE","14008","Bianzone","TIRANO-MILANO So-Tir","20","0","1","20","5","0","0","20","0","4","1","2021","Feriale","Invernale","1.011252885","46.179456527","POINT (10.11252885 46.179456527)"
"C_nov 2016","8","S00037","LO","PV","VALLE LOMELLINA","18168","Valle Lomellina","MILANO-MORTARA-AL","30","10","2","60","10","0","60","0","0","10","0","2016","Fer","Invernale","8.685911785","45.150674037","POINT (8.685911785 45.150674037)"
"C_nov 2018","2.734","S01795","LO","BS","Castegnato","17040","Castegnato","Brescia - Iseo","180","30","7","320","37","0","320","0","0","37","0","2018","Fer","Invernale","10.118369673","45.566191714","POINT (10.118369673 45.566191714)"
"C_nov 2022","138","S01407","LO","LC","DORIO","97032","Dorio","TIRANO-MILANO Lc-So","10","0","2","30","24","0","30","0","0","23","1","2022","Feriale","Invernale","9.319096567","46.102830519","POINT (9.319096567 46.102830519)"
"C_nov 2015","103","S01140","LO","VA","SANGIANO","12141","Sangiano","LUINO-GALLARATE","60","10","3","140","34","0","140","0","0","34","0","2015","FER","Invernale","8.630805498","45.874544577","POINT (8.630805498 45.874544577)"
"C_Novembre2023","2.771","S01757","LO","CO","Lomazzo","13133","Lomazzo","Saronno - Como","780","160","9","1640","67","0","1430","210","0","63","4","2023","Feriale","Invernale","9.036101686","45.698756116","POINT (9.036101686 45.698756116)"
"C_Luglio2023","41","S00279","LO","PV","CAVA CARBONARA","18151","Sommo","VERCELLI-PAVIA","20","10","4","50","17","0","50","0","0","17","0","2023","Feriale","estivo","9.071427457","45.147136385","POINT (9.071427457 45.147136385)"
"C_nov 2018","2.824","S01734","LO","VA","Venegono Inferiore","12136","Venegono Inferiore","Saronno - Varese Nord","280","210","8","800","58","0","800","10","0","57","1","2018","Fer","Invernale","8.895091616","45.736654968","POINT (8.895091616 45.736654968)"
"C_nov 2019","2.791","S01793","LO","BS","Passirano","17136","Passirano","Brescia - Iseo","90","20","6","150","37","0","150","0","0","37","0","2019","Fer","Invernale","1.006368133","45.590113375","POINT (10.06368133 45.590113375)"
"C_nov 2017","5.844","S01059","LO","MI","ALBAIRATE-VERMEZZO","15005","Albairate","MILANO-MORTARA-AL","550","230","13","1750","113","800","950","0","69","44","0","2017","Fer","Invernale","8.957371048","45.404429355","POINT (8.957371048 45.404429355)"
"C_nov 2018","2.726","S01759","LO","CO","Cadorago","13036","Cadorago","Saronno - Como","280","50","8","710","61","0","710","10","0","60","1","2018","Fer","Invernale","9.041099041","45.729810407","POINT (9.041099041 45.729810407)"
"C_nov 2017","132","S01401","LO","SO","S.CASSIANO VALCHIAVENNA","14054","Prata Camportaccio","CHIAVENNA-COLICO","70","10","3","150","30","0","150","0","0","30","0","2017","Fer","Invernale","0.093974465","4.627551067","POINT (9.3974465 46.27551067)"
"C_Novembre2023","2.766","S01021","LO","BS","Iseo","17085","Iseo","Brescia - Iseo","100","530","6","820","44","0","660","170","0","35","9","2023","Feriale","Invernale","10.050103236","45.656525986","POINT (10.050103236 45.656525986)"
"C_nov 2019","150","S01424","LO","SO","COSIO-TRAONA","14024","Cosio Valtellino","TIRANO-MILANO Lc-So","20","10","3","70","18","0","70","0","0","18","0","2019","Fer","Invernale","9.525530191","46.135638189","POINT (9.525530191 46.135638189)"
"C_nov 2015","2.732","S01098","LO","CO","Caslino d'Erba","13052","Caslino d'Erba","Seveso - Asso","40","10","8","100","49","0","100","0","0","49","0","2015","Fer","Invernale","9.232326937","45.835130456","POINT (9.232326937 45.835130456)"
"C_nov 2022","140","S01409","LO","LC","BELLANO-TARTAVALLE TERME","97008","Bellano","TIRANO-MILANO Lc-So","160","60","6","510","52","0","150","360","0","23","29","2022","Feriale","Invernale","9.302811247","4.603952264","POINT (9.302811247 46.03952264)"
"C_nov 2021","2.861","S01639","LO","MI","MILANO VILLAPIZZONE","15146","Milano","PASSANTE","520","710","26","2890","173","2460","130","300","149","9","15","2021","Feriale","Invernale","9.150254378","45.502301332","POINT (9.150254378 45.502301332)"
"C_nov 2015","2.733","S01752","LO","MI","Castano Primo","15062","Castano Primo","Saronno - Novara","350","70","6","740","45","0","740","0","0","45","0","2015","Fer","Invernale","8.772746679","45.556048921","POINT (8.772746679 45.556048921)"
"C_nov 2022","2.724","S01137","LO","VA","Busto Arsizio Nord","12026","Busto Arsizio","Saronno - Novara","1930","580","26","5540","212","460","3320","1760","36","77","99","2022","Feriale","Invernale","0.885203345","45.606009961","POINT (8.85203345 45.606009961)"
"C_nov 2021","295","S01901","LO","BS","BAGNOLO MELLA","17009","Bagnolo Mella","BRESCIA-CREMONA","60","40","3","250","28","0","250","0","0","28","0","2021","Feriale","Invernale","10.183641825","45.428611146","POINT (10.183641825 45.428611146)"
"C_nov 2022","38","S00276","LO","PV","GARLASCO","18069","Garlasco","VERCELLI-PAVIA","150","20","3","250","25","0","250","0","0","25","0","2022","Feriale","Invernale","8.926867354","45.199033929","POINT (8.926867354 45.199033929)"
"C_nov 2017","2.862","S01650","LO","MI","MILANO DATEO","15146","Milano","PASSANTE","1010","1740","39","6230","359","6230","0","0","359","0","0","2017","Fer","Invernale","9.217309375","45.467669611","POINT (9.217309375 45.467669611)"
"C_nov 2017","226","S01610","LO","CR","MADIGNANO","19055","Madignano","BERGAMO-CREMONA","40","10","4","80","34","0","80","0","0","34","0","2017","Fer","Invernale","9.730205146","45.343905446","POINT (9.730205146 45.343905446)"
"C_nov 2021","2.768","S01747","LO","VA","Laveno Mombello Nord","12087","Laveno-Mombello","Varese Nord - Laveno Momb","130","120","6","530","38","0","330","210","0","23","15","2021","Feriale","Invernale","8.619246466","45.907983681","POINT (8.619246466 45.907983681)"
"C_Luglio2023","260","S01823","LO","MI","S.ZENONE AL LAMBRO","15202","San Zenone al Lambro","MILANO-BOLOGNA","250","20","8","640","70","640","0","0","70","0","0","2023","Feriale","estivo","9.361288898","45.337904599","POINT (9.361288898 45.337904599)"
"C_nov 2020","316","S01931","LO","PV","PINAROLO PO","18115","Pinarolo Po","PAVIA-STRADELLA","10","10","4","30","26","0","30","0","0","26","0","2020","Feriale","Invernale","9.170304953","45.073501505","POINT (9.170304953 45.073501505)"
"C_nov 2019","48","S00406","LO","PV","MEDE","18088","Mede","CAVA C.-TORREBER","60","20","3","230","22","0","230","0","0","22","0","2019","Fer","Invernale","8.742632705","45.095095656","POINT (8.742632705 45.095095656)"
"C_nov 2016","146","S01416","LO","LC","ABBADIA LARIANA","97001","Abbadia Lariana","TIRANO-MILANO Lc-So","110","20","4","210","28","0","180","40","0","26","2","2016","Fer","Invernale","9.335204987","45.895939932","POINT (9.335204987 45.895939932)"
"C_nov 2020","304","S01914","LO","CR","CAVA TIGOZZI","19095","Sesto ed Uniti","CODOGNO-MANTOVA","0","10","2","0","10","0","0","0","0","10","0","2020","Feriale","Invernale","0.995584963","45.156899589","POINT (9.95584963 45.156899589)"
"C_nov 2015","257","S01820","LO","MI","MILANO ROGOREDO","15146","Milano","MILANO-BOLOGNA","2380","5130","41","15220","329","8090","4040","3100","211","68","50","2015","Fer","Invernale","9.238727378","4.543484983","POINT (9.238727378 45.43484983)"
"C_nov 2016","277","S01849","LO","CR","S.GIOVANNI IN CROCE","19090","San Giovanni in Croce","BRESCIA-PARMA","40","10","3","100","27","0","100","0","0","27","0","2016","Fer","Invernale","1.037754875","45.075865263","POINT (10.37754875 45.075865263)"
"C_nov 2019","324","S01947","LO","PV","ARENA PO","18005","Arena Po","ALESS.-PIACENZA","10","0","1","30","18","0","30","0","0","18","0","2019","Fer","Invernale","9.360421355","45.082147008","POINT (9.360421355 45.082147008)"
"C_nov 2015","212","S01536","LO","BG","CHIUDUNO","16073","Chiuduno","LECCO-BRESCIA","90","20","4","330","38","0","330","0","0","38","0","2015","FER","Invernale","9.846952911","45.650526953","POINT (9.846952911 45.650526953)"
"C_nov 2022","147","S01417","LO","SO","PRATA-CAMPORTACCIO","14054","Prata Camportaccio","CHIAVENNA-COLICO","40","10","3","70","29","0","70","0","0","29","0","2022","Feriale","Invernale","9.396817599","46.307723227","POINT (9.396817599 46.307723227)"
"C_nov 2022","78","S01031","LO","VA","BUSTO ARSIZIO","12026","Busto Arsizio","DOMODOSSOLA-MILANO","1610","960","26","6110","188","3200","1100","1830","102","33","53","2022","Feriale","Invernale","8.865063882","45.616237821","POINT (8.865063882 45.616237821)"
"C_nov 2015","219","S01602","LO","BG","CARAVAGGIO","16053","Caravaggio","BERGAMO-CREMONA","200","40","5","420","35","0","420","0","0","35","0","2015","Fer","Invernale","9.637752922","45.491237226","POINT (9.637752922 45.491237226)"
"C_nov 2015","299","S01905","LO","CR","OLMENETA","19063","Olmeneta","BRESCIA-CREMONA","80","10","8","140","67","0","140","0","0","67","0","2015","Fer","Invernale","10.031972373","45.231184025","POINT (10.031972373 45.231184025)"
"C_nov 2017","86","S01042","LO","MI","VITTUONE-ARLUNO","15243","Vittuone","TORINO-MILANO","800","190","8","1950","74","1950","0","0","74","0","0","2017","Fer","Invernale","8.947336756","45.491137732","POINT (8.947336756 45.491137732)"
"C_Luglio2023","192","S01503","LO","BG","CALUSCO","16046","Calusco d'Adda","SEREGNO-BERGAMO","130","50","5","600","39","0","600","0","0","39","0","2023","Feriale","estivo","9.470679691","45.684190766","POINT (9.470679691 45.684190766)"
"C_nov 2018","2.791","S01793","LO","BS","Passirano","17136","Passirano","Brescia - Iseo","110","20","6","180","37","0","180","0","0","37","0","2018","Fer","Invernale","1.006368133","45.590113375","POINT (10.06368133 45.590113375)"
"C_nov 2019","181","S01484","LO","MI","MACHERIO CANONICA","108029","Macherio","MONZA-LECCO","160","20","6","280","40","280","0","0","40","0","0","2019","Fer","Invernale","9.286771042","45.645615415","POINT (9.286771042 45.645615415)"
"C_nov 2015","2.854","S00023","PI","NO","Novara FN","3106","Novara","Saronno - Novara","180","380","6","970","43","0","970","0","0","43","0","2015","Fer","Invernale","8.627061488","45.452334846","POINT (8.627061488 45.452334846)"
"C_Luglio2023","275","S01847","LO","MN","ASOLA","20002","Asola","BRESCIA-PARMA","50","40","4","210","26","0","210","0","0","26","0","2023","Feriale","estivo","10.402333601","45.220534843","POINT (10.402333601 45.220534843)"
"C_nov 2015","2.818","S01753","LO","MI","Vanzaghello","15249","Vanzaghello","Saronno - Novara","390","70","6","790","45","0","790","0","0","45","0","2015","Fer","Invernale","8.787492635","4.557757515","POINT (8.787492635 45.57757515)"
"C_nov 2022","105","S01142","LO","VA","TRAVEDONA-BIANDRONNO","12128","Travedona-Monate","LUINO-GALLARATE","10","10","3","70","28","20","50","0","10","18","0","2022","Feriale","Invernale","8.696358289","4.580968175","POINT (8.696358289 45.80968175)"
"C_nov 2016","164","S01440","LO","SO","TIRANO","14066","Tirano","TIRANO-MILANO So-Tir","210","140","4","680","30","0","60","620","0","9","21","2016","Fer","Invernale","10.166987267","46.215458161","POINT (10.166987267 46.215458161)"
"C_Luglio2023","222","S01605","LO","CR","CREMA","19035","Crema","BERGAMO-CREMONA","120","80","5","680","36","0","680","0","0","36","0","2023","Feriale","estivo","9.694241457","45.366939013","POINT (9.694241457 45.366939013)"
"C_nov 2022","317","S01932","LO","PV","BARBIANELLO","18008","Barbianello","PAVIA-STRADELLA","10","10","2","40","11","0","40","0","0","11","0","2022","Feriale","Invernale","0.920419733","45.072712294","POINT (9.20419733 45.072712294)"
"C_nov 2016","2.802","S01792","LO","BS","Rovato Borgo","17166","Rovato","Bornato - Rovato","10","20","4","30","16","0","30","0","0","16","0","2016","Fer","Invernale","10.002190507","45.552804384","POINT (10.002190507 45.552804384)"
"C_Luglio2023","215","S01539","LO","BS","COLOGNE","17059","Cologne","LECCO-BRESCIA","20","20","4","120","35","0","120","0","0","35","0","2023","Feriale","estivo","9.935343868","45.576709508","POINT (9.935343868 45.576709508)"
"C_Luglio2023","2.797","S01097","LO","CO","Pontelambro-Castelmarte","13188","Ponte Lambro","Seveso - Asso","80","30","3","260","33","0","260","0","0","33","0","2023","Feriale","estivo","9.225759459","45.829181272","POINT (9.225759459 45.829181272)"
"C_Luglio2023","2.783","S01066","LO","MI","Milano Nord Cadorna","15146","Milano","Milano Nord Cadorna - Sar","1970","9750","60","28840","450","9130","13510","6220","145","206","99","2023","Feriale","estivo","9.175179183","45.468514231","POINT (9.175179183 45.468514231)"
"C_Novembre2023","2.794","S01786","LO","BS","Pilzone","17085","Iseo","Iseo - Pisogne","20","20","4","20","17","0","20","0","0","17","0","2023","Feriale","Invernale","10.079163075","45.674416503","POINT (10.079163075 45.674416503)"
"C_nov 2019","2.861","S01639","LO","MI","MILANO VILLAPIZZONE","15146","Milano","PASSANTE","870","1650","26","4650","199","3950","200","510","179","7","13","2019","Fer","Invernale","9.150254378","45.502301332","POINT (9.150254378 45.502301332)"
"C_Novembre2023","167","S01452","LO","CO","BRENNA-ALZATE","13029","Brenna","ALBATE-MOLTENO","20","10","4","40","22","0","40","0","0","22","0","2023","Feriale","Invernale","9.183346262","4.575412075","POINT (9.183346262 45.75412075)"
"C_nov 2017","261","S01824","LO","LO","TAVAZZANO","98056","Tavazzano con Villavesco","MILANO-BOLOGNA","550","100","8","1240","74","1240","0","0","74","0","0","2017","Fer","Invernale","9.402775545","45.326370144","POINT (9.402775545 45.326370144)"
"C_nov 2017","32","S00252","PI","NO","TRECATE","3149","Trecate","TORINO-MILANO","510","140","8","1830","74","1830","0","0","74","0","0","2017","Fer","Invernale","8.739372114","4.542852569","POINT (8.739372114 45.42852569)"
"C_nov 2021","267","S01830","LO","MI","BORGOLOMBARDO","15192","San Donato Milanese","MILANO-BOLOGNA","250","120","6","820","65","820","0","0","65","0","0","2021","Feriale","Invernale","9.271012475","4.540385926","POINT (9.271012475 45.40385926)"
"C_nov 2020","295","S01901","LO","BS","BAGNOLO MELLA","17009","Bagnolo Mella","BRESCIA-CREMONA","20","10","3","130","28","0","130","0","0","28","0","2020","Feriale","Invernale","10.183641825","45.428611146","POINT (10.183641825 45.428611146)"
"C_nov 2016","234","S01703","LO","MI","PIOLTELLO-LIMITO","15175","Pioltello","MILANO-VENEZIA","1900","1130","35","6210","257","3470","580","2160","146","28","83","2016","Fer","Invernale","9.329349311","45.485909836","POINT (9.329349311 45.485909836)"
"C_nov 2021","170","S01456","LO","CO","MOIANA","13147","Merone","ALBATE-MOLTENO","20","10","4","40","22","0","40","0","0","22","0","2021","Feriale","Invernale","9.255642213","45.787158223","POINT (9.255642213 45.787158223)"
"C_nov 2021","202","S01523","LO","LC","VERCURAGO-S.GIROLAMO","97086","Vercurago","TIRANO-MILANO Mz-Lc","10","10","4","20","13","0","20","0","0","13","0","2021","Feriale","Invernale","9.422384671","4.581219368","POINT (9.422384671 45.81219368)"
"C_nov 2020","2.747","S01764","LO","CO","Como Nord Borghi","13075","Como","Saronno - Como","100","180","8","610","56","0","590","20","0","54","2","2020","Feriale","Invernale","0.909095794","45.804910086","POINT (9.09095794 45.804910086)"
"C_nov 2020","201","S01522","LO","LC","LECCO MAGGIANICO","97042","Lecco","TIRANO-MILANO Mz-Lc","30","30","8","120","66","120","0","0","66","0","0","2020","Feriale","Invernale","0.000941172","45.831255298","POINT (9.41172 45.831255298)"
"C_nov 2017","239","S01708","LO","BG","TREVIGLIO","16219","Treviglio","MILANO-VENEZIA","2850","1590","41","8480","251","2220","4230","2050","96","121","34","2017","Fer","Invernale","9.587945358","45.515141265","POINT (9.587945358 45.515141265)"
"C_nov 2020","271","S01843","LO","BS","CALVISANO","17034","Calvisano","BRESCIA-PARMA","20","20","5","60","23","0","60","0","0","23","0","2020","Feriale","Invernale","10.349435029","45.346652138","POINT (10.349435029 45.346652138)"
"C_nov 2017","2.716","S01071","LO","MI","Bollate Centro","15027","Bollate","Milano Nord Cadorna - Sar","1690","770","18","4490","141","4490","0","0","141","0","0","2017","Fer","Invernale","9.123062868","45.542718874","POINT (9.123062868 45.542718874)"
"C_nov 2020","92","S01065","LO","MI","TREZZANO S.N.","15220","Trezzano sul Naviglio","MILANO-MORTARA-AL","50","40","6","260","58","250","10","0","55","3","0","2020","Feriale","Invernale","0.907123474","45.422282484","POINT (9.07123474 45.422282484)"
"C_nov 2016","227","S01630","LO","MI","MILANO S. CRISTOFORO","15146","Milano","MILANO-MORTARA-AL","400","910","14","2610","113","1340","1270","0","69","44","0","2016","Fer","Invernale","9.130288258","45.442478529","POINT (9.130288258 45.442478529)"
"C_nov 2016","247","S01717","LO","BS","BRESCIA","17029","Brescia","MILANO-VENEZIA","1730","3530","31","11920","211","0","7130","4800","0","166","45","2016","Fer","Invernale","10.212859202","4.553239364","POINT (10.212859202 45.53239364)"
"C_nov 2021","2.753","S01002","LO","BS","Edolo","17068","Edolo","Breno - Edolo","20","180","3","280","17","0","40","250","0","4","13","2021","Feriale","Invernale","1.033206974","46.176686703","POINT (10.33206974 46.176686703)"
"C_Luglio2023","133","S01402","LO","SO","SAMOLACO","14057","Samolaco","CHIAVENNA-COLICO","20","10","4","90","29","0","90","0","0","29","0","2023","Feriale","estivo","9.423617479","46.246509103","POINT (9.423617479 46.246509103)"
"C_nov 2022","6","S00034","LO","PV","MORTARA","18102","Mortara","MILANO-MORTARA-AL","600","410","9","2270","74","0","2270","0","0","74","0","2022","Feriale","Invernale","0.873168138","45.252256076","POINT (8.73168138 45.252256076)"
"C_nov 2020","5.837","S01611","LO","BG","LEVATE","16126","Levate","BERGAMO-CREMONA","40","30","8","90","38","0","90","0","0","37","1","2020","Feriale","Invernale","0.962785005","45.622899995","POINT (9.62785005 45.622899995)"
"C_nov 2018","301","S01911","LO","CR","PIZZIGHETTONE","19076","Pizzighettone","CODOGNO-MANTOVA","10","0","3","10","17","0","10","0","0","15","2","2018","Fer","Invernale","9.777166532","45.181857545","POINT (9.777166532 45.181857545)"
"C_nov 2019","118","S01301","LO","CO","CHIASSO","13075","Como","CHIASSO-MILANO","620","870","18","3570","126","1490","0","2090","105","0","21","2019","Fer","Invernale","9.031333374","4.583194478","POINT (9.031333374 45.83194478)"
"C_nov 2015","315","S01930","LO","PV","BRESSANA ARGINE","18023","Bressana Bottarone","PAVIA-STRADELLA","150","10","5","260","28","0","260","0","0","28","0","2015","Fer","Invernale","9.137068363","45.072826093","POINT (9.137068363 45.072826093)"
"C_nov 2017","38","S00276","LO","PV","GARLASCO","18069","Garlasco","VERCELLI-PAVIA","160","30","4","310","28","0","310","0","0","28","0","2017","Fer","Invernale","8.926867354","45.199033929","POINT (8.926867354 45.199033929)"
"C_nov 2015","113","S01205","LO","VA","VARESE","12133","Varese","PORTO C.-GALLARATE","970","1220","16","4200","128","2290","160","1760","74","19","35","2015","FER","Invernale","0.883313115","45.816277257","POINT (8.83313115 45.816277257)"
"C_nov 2016","2.812","S01766","LO","BS","Sonico","17181","Sonico","Breno - Edolo","0","0","1","0","2","0","0","0","0","2","0","2016","Fer","Invernale","10.351165528","46.163878231","POINT (10.351165528 46.163878231)"
"C_nov 2020","236","S01705","LO","MI","MELZO","15142","Melzo","MILANO-VENEZIA","140","120","7","760","69","760","10","0","66","2","1","2020","Feriale","Invernale","9.433304033","4.550454073","POINT (9.433304033 45.50454073)"
"C_nov 2016","2.824","S01734","LO","VA","Venegono Inferiore","12136","Venegono Inferiore","Saronno - Varese Nord","270","190","8","740","57","0","740","0","0","57","0","2016","Fer","Invernale","8.895091616","45.736654968","POINT (8.895091616 45.736654968)"
"C_nov 2022","43","S00401","LO","PV","ZINASCO NUOVO","18190","Zinasco","CAVA C.-TORREBER","20","10","5","40","24","0","40","0","0","24","0","2022","Feriale","Invernale","8.999696096","45.124641115","POINT (8.999696096 45.124641115)"
"C_nov 2018","228","S01631","LO","MI","MILANO PORTA GENOVA","15146","Milano","MILANO-MORTARA-AL","200","2070","5","6890","46","0","6890","0","0","46","0","2018","Fer","Invernale","9.169330605","45.453458231","POINT (9.169330605 45.453458231)"
"C_nov 2019","301","S01911","LO","CR","PIZZIGHETTONE","19076","Pizzighettone","CODOGNO-MANTOVA","20","10","3","20","13","0","10","20","0","11","2","2019","Fer","Invernale","9.777166532","45.181857545","POINT (9.777166532 45.181857545)"
"C_Novembre2023","290","S01868","LO","PV","CHIGNOLO PO","18048","Chignolo Po","PAVIA-CASALPUST.","70","20","4","140","22","0","140","0","0","22","0","2023","Feriale","Invernale","9.494226195","45.161018526","POINT (9.494226195 45.161018526)"
"C_nov 2020","105","S01142","LO","VA","TRAVEDONA-BIANDRONNO","12128","Travedona-Monate","LUINO-GALLARATE","10","10","3","20","26","0","20","0","0","26","0","2020","Feriale","Invernale","8.696358289","4.580968175","POINT (8.696358289 45.80968175)"
"C_Luglio2023","5.838","S01612","LO","BG","STEZZANO","16207","Stezzano","BERGAMO-CREMONA","50","60","7","230","47","0","230","0","0","46","1","2023","Feriale","estivo","9.644627368","45.658395935","POINT (9.644627368 45.658395935)"
"C_Luglio2023","161","S01437","LO","SO","TRESENDA-APRICA-TEGLIO","14065","Teglio","TIRANO-MILANO So-Tir","20","10","1","90","22","0","10","80","0","5","17","2023","Feriale","estivo","10.083777059","46.162155619","POINT (10.083777059 46.162155619)"
"C_Novembre2023","8","S00037","LO","PV","VALLE LOMELLINA","18168","Valle Lomellina","MILANO-MORTARA-AL","10","10","1","50","11","0","50","0","0","11","0","2023","Feriale","Invernale","8.685911785","45.150674037","POINT (8.685911785 45.150674037)"
"C_nov 2017","2.787","S01070","LO","MI","Novate Milanese","15157","Novate Milanese","Milano Nord Cadorna - Sar","1320","460","18","3740","141","3740","0","0","141","0","0","2017","Fer","Invernale","9.132723827","45.533079873","POINT (9.132723827 45.533079873)"
"C_nov 2018","2.770","S01727","LO","CO","Locate Varesino-Carbonate","13045","Carbonate","Saronno - Varese Nord","350","60","8","670","58","0","670","10","0","57","1","2018","Fer","Invernale","8.936075743","45.689931017","POINT (8.936075743 45.689931017)"
"C_nov 2015","2.815","S01729","LO","VA","Tradate","12127","Tradate","Saronno - Varese Nord","1020","310","13","2410","82","0","1580","830","0","61","21","2015","Fer","Invernale","8.906902965","45.710305004","POINT (8.906902965 45.710305004)"
"C_nov 2022","2.738","S01934","LO","MI","Ceriano Laghetto-Solaro","108018","Ceriano Laghetto","Saronno - Seregno","80","50","8","360","61","360","0","0","61","0","0","2022","Feriale","Invernale","9.079931416","4.562488063","POINT (9.079931416 45.62488063)"
"C_nov 2018","306","S01916","LO","CR","VILLETTA MALAGNINO","19056","Malagnino","CODOGNO-MANTOVA","50","10","2","60","14","0","60","10","0","13","1","2018","Fer","Invernale","10.111974549","45.137104731","POINT (10.111974549 45.137104731)"
"C_nov 2018","115","S01208","LO","VA","CASTRONNO","12047","Castronno","PORTO C.-GALLARATE","280","80","8","790","73","740","0","60","72","0","1","2018","Fer","Invernale","8.810338911","45.745312285","POINT (8.810338911 45.745312285)"
"C_nov 2022","2.714","S01929","LO","MI","Seveso Baruccana","108040","Seveso","Saronno - Seregno","140","90","8","490","62","490","0","0","62","0","0","2022","Feriale","Invernale","9.162510091","4.563793739","POINT (9.162510091 45.63793739)"
"C_nov 2020","203","S01524","LO","LC","CALOLZIOCORTE-OLGINATE","97013","Calolziocorte","TIRANO-MILANO Mz-Lc","220","80","15","730","106","470","210","70","66","31","9","2020","Feriale","Invernale","9.427005558","4.580169532","POINT (9.427005558 45.80169532)"
"C_nov 2015","33","S00271","LO","PV","PALESTRO","18107","Palestro","VERCELLI-PAVIA","60","10","5","90","28","0","90","0","0","28","0","2015","Fer","Invernale","8.534545108","45.307350574","POINT (8.534545108 45.307350574)"
"C_nov 2017","196","S01512","LO","LC","OSNAGO","97061","Osnago","TIRANO-MILANO Mz-Lc","450","40","8","890","68","890","0","0","68","0","0","2017","Fer","Invernale","9.387021835","45.678609287","POINT (9.387021835 45.678609287)"
"C_nov 2019","136","S01405","LO","SO","DUBINO","14027","Dubino","CHIAVENNA-COLICO","50","10","3","120","30","0","120","0","0","30","0","2019","Fer","Invernale","0.943221491","4.617287979","POINT (9.43221491 46.17287979)"
"C_nov 2022","184","S01487","LO","MI","VILLA RAVERIO","108008","Besana in Brianza","MONZA-LECCO","180","170","7","560","40","560","0","0","40","0","0","2022","Feriale","Invernale","0.926158805","45.690495348","POINT (9.26158805 45.690495348)"
"C_nov 2016","114","S01207","LO","VA","GAZZADA-SCHIANNO-MORAZZ.","12073","Gazzada Schianno","PORTO C.-GALLARATE","300","160","8","820","73","780","0","50","72","0","1","2016","Fer","Invernale","8.824846806","45.778700868","POINT (8.824846806 45.778700868)"
"C_Novembre2023","76","S01029","LO","VA","CASORATE SEMPIONE","12039","Casorate Sempione","DOMODOSSOLA-MILANO","190","50","5","420","33","0","420","0","0","33","0","2023","Feriale","Invernale","8.743986914","45.675152648","POINT (8.743986914 45.675152648)"
"C_nov 2022","242","S01711","LO","BG","ROMANO","16183","Romano di Lombardia","MILANO-VENEZIA","550","300","10","1900","67","0","810","1100","0","33","34","2022","Feriale","Invernale","0.975343152","45.523917724","POINT (9.75343152 45.523917724)"
"C_nov 2015","282","S01860","LO","PV","PAVIA","18110","Pavia","MILANO-GENOVA","2140","3060","32","10530","227","2940","4730","2860","71","127","29","2015","FER","Invernale","9.144713646","45.188924433","POINT (9.144713646 45.188924433)"
"C_nov 2019","104","S01141","LO","VA","BESOZZO","12013","Besozzo","LUINO-GALLARATE","110","30","4","280","29","0","280","0","0","29","0","2019","Fer","Invernale","0.866303949","45.842264864","POINT (8.66303949 45.842264864)"
"C_nov 2019","248","S01801","LO","MI","LOCATE TRIULZI","15125","Locate di Triulzi","MILANO-GENOVA","840","190","8","2360","73","2360","0","0","72","0","1","2019","Fer","Invernale","9.221434768","45.359805985","POINT (9.221434768 45.359805985)"
"C_nov 2016","2.746","S01775","LO","BS","Cogno-Esine","17206","Piancogno","Pisogne - Breno","10","10","2","50","19","0","50","0","0","19","0","2016","Fer","Invernale","10.241034794","45.929174261","POINT (10.241034794 45.929174261)"
"C_nov 2021","109","S01200","LO","VA","PORTO CERESIO","12113","Porto Ceresio","PORTO C.-GALLARATE","70","80","4","210","33","0","0","210","0","0","33","2021","Feriale","Invernale","8.900389083","45.903750516","POINT (8.900389083 45.903750516)"
"C_Luglio2023","128","S01322","LO","MI","MONZA","108033","Monza","CHIASSO-MILANO","3230","2450","43","14040","301","9080","1650","3320","198","40","63","2023","Feriale","estivo","9.273281444","45.577867268","POINT (9.273281444 45.577867268)"
"C_nov 2021","179","S01482","LO","MI","BUTTAFAVA","108049","Villasanta","MONZA-LECCO","50","10","6","90","40","90","0","0","40","0","0","2021","Feriale","Invernale","9.301221362","45.621491933","POINT (9.301221362 45.621491933)"
"C_Novembre2023","2.727","S01099","LO","CO","Canzo","13042","Canzo","Seveso - Asso","80","10","2","230","35","0","230","0","0","35","0","2023","Feriale","Invernale","0.927022843","45.849100359","POINT (9.27022843 45.849100359)"
"C_nov 2022","2.784","S01740","LO","VA","Morosolo-Casciago","12038","Casciago","Varese Nord - Laveno Momb","110","50","7","190","40","0","110","90","0","24","16","2022","Feriale","Invernale","8.777403493","45.826573232","POINT (8.777403493 45.826573232)"
"C_nov 2022","2.777","S01087","LO","MI","Meda","108030","Meda","Seveso - Asso","880","350","9","1990","60","110","1890","0","9","51","0","2022","Feriale","Invernale","9.159047744","4.566230355","POINT (9.159047744 45.66230355)"
"C_nov 2022","2.864","S01715","LO","MI","SEGRATE","15205","Segrate","MILANO-VENEZIA","510","400","16","1720","135","1720","0","0","135","0","0","2022","Feriale","Invernale","9.291418669","45.479594282","POINT (9.291418669 45.479594282)"
"C_nov 2022","165","S01450","LO","CO","ALBATE TRECALLO","13075","Como","ALBATE-MOLTENO","10","30","4","40","22","0","40","0","0","22","0","2022","Feriale","Invernale","9.095790373","45.777467374","POINT (9.095790373 45.777467374)"
"C_nov 2022","7","S00036","LO","PV","OLEVANO","18104","Olevano di Lomellina","MILANO-MORTARA-AL","20","10","1","40","9","0","40","0","0","9","0","2022","Feriale","Invernale","0.871185336","4.521219615","POINT (8.71185336 45.21219615)"
"C_nov 2022","128","S01322","LO","MI","MONZA","108033","Monza","CHIASSO-MILANO","4970","3320","52","20540","354","13830","2070","4640","244","40","70","2022","Feriale","Invernale","9.273281444","45.577867268","POINT (9.273281444 45.577867268)"
"C_Novembre2023","152","S01426","LO","SO","TALAMONA","14063","Talamona","TIRANO-MILANO Lc-So","80","20","4","110","22","0","110","0","0","22","0","2023","Feriale","Invernale","0.959956252","46.139593883","POINT (9.59956252 46.139593883)"
"C_nov 2016","159","S01435","LO","SO","CHIURO","14020","Chiuro","TIRANO-MILANO So-Tir","10","10","1","10","7","0","10","0","0","7","0","2016","Fer","Invernale","9.992350444","46.164731947","POINT (9.992350444 46.164731947)"
"C_nov 2015","153","S01427","LO","SO","ARDENNO-MASINO","14005","Ardenno","TIRANO-MILANO Lc-So","90","20","5","150","30","0","150","0","0","30","0","2015","FER","Invernale","9.651405996","46.162053348","POINT (9.651405996 46.162053348)"
"C_nov 2020","83","S01037","LO","MI","RHO","15182","Rho","TORINO-MILANO","560","370","20","2500","141","2500","0","0","141","0","0","2020","Feriale","Invernale","9.043583998","45.523927896","POINT (9.043583998 45.523927896)"
"C_nov 2020","2.730","S01091","LO","CO","Carugo-Giussano","13048","Carugo","Seveso - Asso","60","30","7","190","43","0","190","0","0","43","0","2020","Feriale","Invernale","9.198950125","45.705742211","POINT (9.198950125 45.705742211)"
"C_nov 2021","2.795","S01014","LO","BS","Pisogne","17143","Pisogne","Iseo - Pisogne","110","30","4","330","34","0","210","130","0","21","13","2021","Feriale","Invernale","10.105622584","45.806591032","POINT (10.105622584 45.806591032)"
"C_nov 2019","174","S01461","LO","LC","SALA AL BARRO-GALBIATE","97036","Galbiate","MONZA-LECCO","80","20","7","160","37","120","40","0","34","3","0","2019","Fer","Invernale","9.359251698","45.821167176","POINT (9.359251698 45.821167176)"
"C_nov 2016","264","S01827","LO","LO","CASALPUSTERLENGO","98010","Casalpusterlengo","MILANO-BOLOGNA","560","250","11","1700","70","0","1690","10","0","68","2","2016","Fer","Invernale","9.653655261","45.182559249","POINT (9.653655261 45.182559249)"
"C_nov 2020","2.724","S01137","LO","VA","Busto Arsizio Nord","12026","Busto Arsizio","Saronno - Novara","370","150","21","1360","150","80","900","400","18","74","58","2020","Feriale","Invernale","0.885203345","45.606009961","POINT (8.85203345 45.606009961)"
"C_nov 2017","2.753","S01002","LO","BS","Edolo","17068","Edolo","Breno - Edolo","20","230","3","320","17","0","30","300","0","4","13","2017","Fer","Invernale","1.033206974","46.176686703","POINT (10.33206974 46.176686703)"
"C_nov 2017","2.768","S01747","LO","VA","Laveno Mombello Nord","12087","Laveno-Mombello","Varese Nord - Laveno Momb","180","120","7","660","42","0","330","330","0","21","21","2017","Fer","Invernale","8.619246466","45.907983681","POINT (8.619246466 45.907983681)"
"C_Luglio2023","176","S01463","LO","LC","VALMADRERA","97083","Valmadrera","MONZA-LECCO","50","50","8","260","41","240","30","0","36","5","0","2023","Feriale","estivo","9.368215149","45.846520175","POINT (9.368215149 45.846520175)"
"C_nov 2018","76","S01029","LO","VA","CASORATE SEMPIONE","12039","Casorate Sempione","DOMODOSSOLA-MILANO","180","40","5","430","33","0","430","0","0","33","0","2018","Fer","Invernale","8.743986914","45.675152648","POINT (8.743986914 45.675152648)"
"C_nov 2019","86","S01042","LO","MI","VITTUONE-ARLUNO","15243","Vittuone","TORINO-MILANO","780","230","8","2230","74","2230","0","0","74","0","0","2019","Fer","Invernale","8.947336756","45.491137732","POINT (8.947336756 45.491137732)"
"C_nov 2018","214","S01538","LO","BS","PALAZZOLO SULL'OGLIO","17133","Palazzolo sull'Oglio","LECCO-BRESCIA","200","150","5","690","38","0","690","0","0","38","0","2018","Fer","Invernale","9.896263591","4.560155941","POINT (9.896263591 45.60155941)"
"C_nov 2019","217","S01600","LO","BG","VERDELLO DALMINE","16233","Verdello","BERGAMO-CREMONA","1310","260","18","3240","105","0","870","2380","0","52","53","2019","Fer","Invernale","0.961982632","45.605792605","POINT (9.61982632 45.605792605)"
"C_nov 2017","122","S01313","LO","CO","CANTU'-CERMENATE","13064","Cermenate","CHIASSO-MILANO","400","80","10","860","74","710","0","160","71","0","3","2017","Fer","Invernale","9.099312432","45.716313773","POINT (9.099312432 45.716313773)"
"C_nov 2019","2.858","S01643","LO","MI","MILANO LANCETTI","15146","Milano","PASSANTE","1280","2170","42","6620","359","6620","0","0","359","0","0","2019","Fer","Invernale","9.177354467","45.493471578","POINT (9.177354467 45.493471578)"
"C_nov 2018","2.780","S01079","LO","MI","Milano Bruzzano","15146","Milano","Milano Nord Bovisa - Seve","210","80","16","670","134","670","0","0","134","0","0","2018","Fer","Invernale","9.172814019","45.533621361","POINT (9.172814019 45.533621361)"
"C_nov 2022","231","S01645","LO","MI","MILANO PORTA GARIBALDI","15146","Milano","TORINO-MILANO","2740","10860","57","28430","398","13840","8830","5780","188","134","76","2022","Feriale","Invernale","9.186422092","45.485345292","POINT (9.186422092 45.485345292)"
"C_nov 2016","5.842","S01039","LO","MI","RHO FIERA MILANO","15182","Rho","TORINO-MILANO","1320","2030","35","7930","268","5590","690","1660","177","39","52","2016","Fer","Invernale","9.088380294","4.552123731","POINT (9.088380294 45.52123731)"
"C_nov 2019","332","S02088","VE","VR","PESCHIERA DEL GARDA","23059","Peschiera del Garda","MILANO-VENEZIA","320","160","6","1370","34","0","30","1340","0","2","32","2019","Fer","Invernale","1.070247103","4.543838223","POINT (10.70247103 45.43838223)"
"C_nov 2019","176","S01463","LO","LC","VALMADRERA","97083","Valmadrera","MONZA-LECCO","90","100","8","290","41","260","40","0","36","5","0","2019","Fer","Invernale","9.368215149","45.846520175","POINT (9.368215149 45.846520175)"
"C_nov 2015","2.768","S01747","LO","VA","Laveno Mombello Nord","12087","Laveno-Mombello","Varese Nord - Laveno Momb","160","160","8","600","45","0","240","360","0","24","21","2015","Fer","Invernale","8.619246466","45.907983681","POINT (8.619246466 45.907983681)"
"C_nov 2021","195","S01511","LO","MI","CARNATE USMATE","108016","Carnate","TIRANO-MILANO Mz-Lc","1190","460","18","2860","112","1670","970","230","67","40","5","2021","Feriale","Invernale","9.375117342","45.653149706","POINT (9.375117342 45.653149706)"
"C_nov 2021","105","S01142","LO","VA","TRAVEDONA-BIANDRONNO","12128","Travedona-Monate","LUINO-GALLARATE","20","10","3","50","28","20","40","0","10","18","0","2021","Feriale","Invernale","8.696358289","4.580968175","POINT (8.696358289 45.80968175)"
"C_nov 2021","2.816","S01728","LO","VA","Tradate Abbiate Guazzone","12127","Tradate","Saronno - Varese Nord","140","40","8","380","58","0","380","0","0","58","0","2021","Feriale","Invernale","8.918610359","45.701903031","POINT (8.918610359 45.701903031)"
"C_nov 2015","2.801","S01135","LO","MI","Rescaldina","15181","Rescaldina","Saronno - Novara","920","120","10","1710","77","0","1710","0","0","77","0","2015","Fer","Invernale","8.946679489","45.622159013","POINT (8.946679489 45.622159013)"
"C_nov 2018","2.727","S01099","LO","CO","Canzo","13042","Canzo","Seveso - Asso","160","40","6","320","40","0","320","0","0","40","0","2018","Fer","Invernale","0.927022843","45.849100359","POINT (9.27022843 45.849100359)"
"C_nov 2017","7","S00036","LO","PV","OLEVANO","18104","Olevano di Lomellina","MILANO-MORTARA-AL","20","10","2","40","10","0","40","0","0","10","0","2017","Fer","Invernale","0.871185336","4.521219615","POINT (8.71185336 45.21219615)"
"C_nov 2016","2.712","S01741","LO","VA","Barasso-Comerio","12008","Barasso","Varese Nord - Laveno Momb","230","40","7","420","42","0","120","300","0","21","21","2016","Fer","Invernale","8.751273836","45.835130751","POINT (8.751273836 45.835130751)"
"C_nov 2022","146","S01416","LO","LC","ABBADIA LARIANA","97001","Abbadia Lariana","TIRANO-MILANO Lc-So","80","20","3","160","25","0","130","40","0","23","2","2022","Feriale","Invernale","9.335204987","45.895939932","POINT (9.335204987 45.895939932)"
"C_nov 2015","247","S01717","LO","BS","BRESCIA","17029","Brescia","MILANO-VENEZIA","1430","3330","31","10860","214","0","6980","3880","0","169","45","2015","FER","Invernale","10.212859202","4.553239364","POINT (10.212859202 45.53239364)"
"C_Luglio2023","2","S00030","PI","AL","GARBAGNA","6079","Garbagna","NOVARA-MORTARA","10","10","3","10","10","0","10","0","0","10","0","2023","Feriale","estivo","8.666334325","4.538567409","POINT (8.666334325 45.38567409)"
"C_nov 2016","145","S01415","LO","LC","MANDELLO DEL LARIO","97046","Mandello del Lario","TIRANO-MILANO Lc-So","220","60","3","640","33","0","500","150","0","26","7","2016","Fer","Invernale","9.322094648","45.915283559","POINT (9.322094648 45.915283559)"
"C_nov 2017","160","S01436","LO","SO","S.GIACOMO DI TEGLIO","14065","Teglio","TIRANO-MILANO So-Tir","10","0","1","10","7","0","10","0","0","7","0","2017","Fer","Invernale","10.027439647","46.159795887","POINT (10.027439647 46.159795887)"
"C_Novembre2023","187","S01490","LO","LC","CASSAGO-NIBIONNO-BULC.","97017","Cassago Brianza","MONZA-LECCO","110","30","6","340","38","340","0","0","38","0","0","2023","Feriale","Invernale","9.279864449","45.746319529","POINT (9.279864449 45.746319529)"
"C_nov 2018","2.854","S00023","PI","NO","Novara FN","3106","Novara","Saronno - Novara","170","710","6","980","38","0","980","0","0","38","0","2018","Fer","Invernale","8.627061488","45.452334846","POINT (8.627061488 45.452334846)"
"C_nov 2017","2.808","S01770","LO","BS","Sellero","17176","Sellero","Breno - Edolo","0","0","1","0","2","0","0","0","0","2","0","2017","Fer","Invernale","10.346597177","46.046262075","POINT (10.346597177 46.046262075)"
"C_nov 2021","111","S01203","LO","VA","ARCISATE","12004","Arcisate","PORTO C.-GALLARATE","290","70","13","760","100","500","0","260","67","0","33","2021","Feriale","Invernale","8.862448264","4.585865032","POINT (8.862448264 45.85865032)"
"C_nov 2021","287","S01865","LO","PV","CORTEOLONA","18056","Corteolona","PAVIA-CASALPUST.","90","20","5","140","22","0","140","0","0","22","0","2021","Feriale","Invernale","9.375508787","45.159782769","POINT (9.375508787 45.159782769)"
"C_Luglio2023","2.858","S01643","LO","MI","MILANO LANCETTI","15146","Milano","PASSANTE","900","1140","39","4370","332","4370","0","0","332","0","0","2023","Feriale","estivo","9.177354467","45.493471578","POINT (9.177354467 45.493471578)"
"C_nov 2017","2.814","S01781","LO","BS","Toline","17143","Pisogne","Iseo - Pisogne","10","0","3","10","20","0","10","0","0","20","0","2017","Fer","Invernale","10.088229762","45.787237456","POINT (10.088229762 45.787237456)"
"C_Luglio2023","308","S01918","LO","CR","TORRE DE' PICENARDI","19107","Torre de' Picenardi","CODOGNO-MANTOVA","0","0","0","20","8","0","20","10","0","7","1","2023","Feriale","estivo","10.286872398","45.137279533","POINT (10.286872398 45.137279533)"
"C_nov 2015","292","S01870","LO","LO","ORIO LITTA","98042","Orio Litta","PAVIA-CASALPUST.","40","10","5","70","30","0","70","0","0","30","0","2015","FER","Invernale","9.550621285","45.166863635","POINT (9.550621285 45.166863635)"
"C_nov 2020","87","S01060","LO","PV","PARONA LOMELLINA","18109","Parona","MILANO-MORTARA-AL","60","60","5","250","43","0","250","0","0","43","0","2020","Feriale","Invernale","8.780351933","45.280183485","POINT (8.780351933 45.280183485)"
"C_nov 2018","32","S00252","PI","NO","TRECATE","3149","Trecate","TORINO-MILANO","670","190","8","2310","74","2310","0","0","74","0","0","2018","Fer","Invernale","8.739372114","4.542852569","POINT (8.739372114 45.42852569)"
"C_nov 2019","302","S01912","LO","CR","PONTE D'ADDA","19076","Pizzighettone","CODOGNO-MANTOVA","230","50","6","420","33","0","60","360","0","12","21","2019","Fer","Invernale","9.790770435","45.184437624","POINT (9.790770435 45.184437624)"
"C_nov 2021","308","S01918","LO","CR","TORRE DE' PICENARDI","19107","Torre de' Picenardi","CODOGNO-MANTOVA","0","0","0","70","8","0","70","0","0","7","1","2021","Feriale","Invernale","10.286872398","45.137279533","POINT (10.286872398 45.137279533)"
"C_Novembre2023","250","S01803","LO","PV","CERTOSA DI PAVIA","18046","Certosa di Pavia","MILANO-GENOVA","420","50","8","810","73","810","0","0","72","0","1","2023","Feriale","Invernale","9.154491353","45.257008002","POINT (9.154491353 45.257008002)"
"C_Novembre2023","217","S01600","LO","BG","VERDELLO DALMINE","16233","Verdello","BERGAMO-CREMONA","1170","280","18","2690","100","0","810","1880","0","46","54","2023","Feriale","Invernale","0.961982632","45.605792605","POINT (9.61982632 45.605792605)"
"C_Novembre2023","2.822","S01736","LO","VA","Vedano Olona","12134","Vedano Olona","Saronno - Varese Nord","280","60","8","710","60","0","710","0","0","60","0","2023","Feriale","Invernale","8.887080675","45.777359271","POINT (8.887080675 45.777359271)"
"C_Novembre2023","292","S01870","LO","LO","ORIO LITTA","98042","Orio Litta","PAVIA-CASALPUST.","40","10","4","80","22","0","80","0","0","22","0","2023","Feriale","Invernale","9.550621285","45.166863635","POINT (9.550621285 45.166863635)"
"C_nov 2021","2.783","S01066","LO","MI","Milano Nord Cadorna","15146","Milano","Milano Nord Cadorna - Sar","2230","13030","61","32500","437","10280","16100","6130","139","202","96","2021","Feriale","Invernale","9.175179183","45.468514231","POINT (9.175179183 45.468514231)"
"C_nov 2021","2.745","S01744","LO","VA","Cocquio-Trevisago","12053","Cocquio-Trevisago","Varese Nord - Laveno Momb","130","40","6","430","38","0","220","210","0","23","15","2021","Feriale","Invernale","8.690075387","45.860132463","POINT (8.690075387 45.860132463)"
"C_nov 2019","2.730","S01091","LO","CO","Carugo-Giussano","13048","Carugo","Seveso - Asso","460","100","7","1000","50","0","1000","0","0","50","0","2019","Fer","Invernale","9.198950125","45.705742211","POINT (9.198950125 45.705742211)"
"C_nov 2019","2.794","S01786","LO","BS","Pilzone","17085","Iseo","Iseo - Pisogne","20","10","4","40","20","0","40","0","0","20","0","2019","Fer","Invernale","10.079163075","45.674416503","POINT (10.079163075 45.674416503)"
"C_nov 2020","93","S01113","LO","VA","LUINO","12092","Luino","LUINO-GALLARATE","30","20","4","140","29","0","140","0","0","29","0","2020","Feriale","Invernale","8.737497575","45.996713632","POINT (8.737497575 45.996713632)"
"C_nov 2022","295","S01901","LO","BS","BAGNOLO MELLA","17009","Bagnolo Mella","BRESCIA-CREMONA","70","30","3","290","29","0","290","0","0","29","0","2022","Feriale","Invernale","10.183641825","45.428611146","POINT (10.183641825 45.428611146)"
"C_nov 2020","197","S01513","LO","LC","CERNUSCO-MERATE","97020","Cernusco Lombardone","TIRANO-MILANO Mz-Lc","150","50","9","410","69","390","0","20","66","0","3","2020","Feriale","Invernale","9.396827762","45.695177577","POINT (9.396827762 45.695177577)"
"C_Luglio2023","243","S01712","LO","BG","CALCIO","16044","Calcio","MILANO-VENEZIA","30","20","5","190","31","0","190","0","0","31","0","2023","Feriale","estivo","9.841366587","45.533015966","POINT (9.841366587 45.533015966)"
"C_nov 2022","106","S01143","LO","VA","TERNATE-VARANO BORGHI","12126","Ternate","LUINO-GALLARATE","90","30","6","200","29","70","130","0","10","19","0","2022","Feriale","Invernale","8.700412081","45.781912094","POINT (8.700412081 45.781912094)"
"C_nov 2022","298","S01904","LO","CR","ROBECCO-PONTEVICO","19085","Robecco d'Oglio","BRESCIA-CREMONA","30","10","3","90","29","0","90","0","0","29","0","2022","Feriale","Invernale","10.078618004","45.266299802","POINT (10.078618004 45.266299802)"
"C_nov 2022","258","S01821","LO","MI","S.GIULIANO MILANESE","15195","San Giuliano Milanese","MILANO-BOLOGNA","530","160","8","1490","69","1490","0","0","69","0","0","2022","Feriale","Invernale","9.286452197","45.391305373","POINT (9.286452197 45.391305373)"
"C_Luglio2023","2.742","S01725","LO","VA","Cislago","12050","Cislago","Saronno - Varese Nord","310","70","8","870","59","0","870","0","0","59","0","2023","Feriale","estivo","8.977690608","4.566104502","POINT (8.977690608 45.66104502)"
"C_nov 2019","2.748","S01763","LO","CO","Como Camerlata (FN)","13075","Como","Saronno - Como","440","300","10","1430","70","0","1150","290","0","61","9","2019","Fer","Invernale","9.079423298","4.578441339","POINT (9.079423298 45.78441339)"
"C_nov 2016","2.863","S01633","LO","MI","MILANO P.VITTORIA PASS.","15146","Milano","PASSANTE","1170","1590","39","6460","361","6460","0","0","361","0","0","2016","Fer","Invernale","9.225193061","45.459475193","POINT (9.225193061 45.459475193)"
"C_nov 2022","265","S01828","LO","LO","CODOGNO","98019","Codogno","MILANO-BOLOGNA","790","290","13","2300","87","0","1400","910","0","65","22","2022","Feriale","Invernale","9.701405698","45.154978635","POINT (9.701405698 45.154978635)"
"C_nov 2017","277","S01849","LO","CR","S.GIOVANNI IN CROCE","19090","San Giovanni in Croce","BRESCIA-PARMA","60","20","3","140","28","0","140","0","0","28","0","2017","Fer","Invernale","1.037754875","45.075865263","POINT (10.37754875 45.075865263)"
"C_nov 2020","2.806","S01933","LO","VA","Saronno","12119","Saronno","Milano Nord Cadorna - Sar","1220","790","57","4870","381","1050","3130","690","126","183","72","2020","Feriale","Invernale","9.030524424","0.456251346","POINT (9.030524424 45.6251346)"
"C_Novembre2023","274","S01846","LO","BS","REMEDELLO SOTTO","17160","Remedello","BRESCIA-PARMA","40","20","4","110","31","0","110","0","0","31","0","2023","Feriale","Invernale","1.038843093","45.257552358","POINT (10.38843093 45.257552358)"
"C_Novembre2023","193","S01504","LO","BG","TERNO","16213","Terno d'Isola","SEREGNO-BERGAMO","350","60","5","690","40","0","690","0","0","40","0","2023","Feriale","Invernale","9.536197341","45.688730968","POINT (9.536197341 45.688730968)"
"C_nov 2018","2.822","S01736","LO","VA","Vedano Olona","12134","Vedano Olona","Saronno - Varese Nord","260","70","8","700","58","0","700","10","0","57","1","2018","Fer","Invernale","8.887080675","45.777359271","POINT (8.887080675 45.777359271)"
"C_nov 2022","321","S01943","LO","PV","S.GIULETTA","18140","Santa Giuletta","ALESS.-PIACENZA","0","0","0","20","6","0","20","0","0","6","0","2022","Feriale","Invernale","9.179278043","45.035797363","POINT (9.179278043 45.035797363)"
"C_nov 2016","260","S01823","LO","MI","S.ZENONE AL LAMBRO","15202","San Zenone al Lambro","MILANO-BOLOGNA","490","100","8","1060","75","1060","0","0","75","0","0","2016","Fer","Invernale","9.361288898","45.337904599","POINT (9.361288898 45.337904599)"
"C_nov 2018","802","S02082","LO","BS","PONTE S.MARCO-CALCINATO","17032","Calcinato","MILANO-VENEZIA","10","10","1","10","2","0","10","0","0","2","0","2018","Fer","Invernale","10.409042317","45.473866879","POINT (10.409042317 45.473866879)"
"C_nov 2021","129","S01325","LO","MI","SESTO S. GIOVANNI","15209","Sesto San Giovanni","CHIASSO-MILANO","1300","2760","35","8170","275","7050","1120","0","235","40","0","2021","Feriale","Invernale","9.239294385","45.541170043","POINT (9.239294385 45.541170043)"
"C_nov 2019","305","S01915","LO","CR","CREMONA","19036","Cremona","CODOGNO-MANTOVA","660","730","14","3680","108","0","1870","1820","0","86","22","2019","Fer","Invernale","10.017983096","45.143301262","POINT (10.017983096 45.143301262)"
"C_Luglio2023","245","S01714","LO","BS","ROVATO","17166","Rovato","MILANO-VENEZIA","420","190","15","2000","108","0","970","1040","0","72","36","2023","Feriale","estivo","10.000952147","45.552008269","POINT (10.000952147 45.552008269)"
"C_Novembre2023","249","S01802","LO","MI","VILLAMAGGIORE","15115","Lacchiarella","MILANO-GENOVA","500","110","8","1110","73","1070","0","40","72","0","1","2023","Feriale","Invernale","9.190704857","45.320530164","POINT (9.190704857 45.320530164)"
"C_Luglio2023","2.799","S01787","LO","BS","Provaglio-Timoline","17156","Provaglio d'Iseo","Brescia - Iseo","20","20","5","130","36","0","130","0","0","36","0","2023","Feriale","estivo","10.035246585","45.635075228","POINT (10.035246585 45.635075228)"
"C_nov 2016","144","S01414","LO","LC","OLCIO","97046","Mandello del Lario","TIRANO-MILANO Lc-So","20","0","3","70","26","0","60","20","0","25","1","2016","Fer","Invernale","9.313931929","45.938086276","POINT (9.313931929 45.938086276)"
"C_nov 2016","2.711","S01101","LO","CO","Asso","13013","Asso","Seveso - Asso","90","20","6","240","39","0","240","0","0","39","0","2016","Fer","Invernale","9.269120449","45.854922626","POINT (9.269120449 45.854922626)"
"C_Novembre2023","135","S01404","LO","SO","VERCEIA","14075","Verceia","CHIAVENNA-COLICO","10","0","4","20","29","0","20","0","0","29","0","2023","Feriale","Invernale","9.458448611","46.202905061","POINT (9.458448611 46.202905061)"
"C_nov 2019","5.838","S01612","LO","BG","STEZZANO","16207","Stezzano","BERGAMO-CREMONA","100","40","8","260","53","0","260","10","0","52","1","2019","Fer","Invernale","9.644627368","45.658395935","POINT (9.644627368 45.658395935)"
"C_nov 2016","201","S01522","LO","LC","LECCO MAGGIANICO","97042","Lecco","TIRANO-MILANO Mz-Lc","110","80","8","490","68","490","0","0","68","0","0","2016","Fer","Invernale","0.000941172","45.831255298","POINT (9.41172 45.831255298)"
"C_nov 2017","172","S01458","LO","LC","MOLTENO","97051","Molteno","MONZA-LECCO","290","70","10","740","59","470","270","0","36","23","0","2017","Fer","Invernale","9.301712216","45.781015442","POINT (9.301712216 45.781015442)"
"C_nov 2016","206","S01527","LO","BG","AMBIVERE-MAPELLO","16009","Ambivere","LECCO-BRESCIA","140","20","4","380","32","0","380","0","0","32","0","2016","Fer","Invernale","9.550472449","45.722244877","POINT (9.550472449 45.722244877)"
"C_nov 2022","2.799","S01787","LO","BS","Provaglio-Timoline","17156","Provaglio d'Iseo","Brescia - Iseo","30","30","5","100","37","0","100","0","0","37","0","2022","Feriale","Invernale","10.035246585","45.635075228","POINT (10.035246585 45.635075228)"
"C_Novembre2023","46","S00404","LO","PV","FERRERA LOMELLINA","18062","Ferrera Erbognone","CAVA C.-TORREBER","40","30","4","150","24","0","150","0","0","24","0","2023","Feriale","Invernale","8.862842274","45.111893407","POINT (8.862842274 45.111893407)"
"C_nov 2016","107","S01144","LO","VA","MORNAGO CIMBRO","12106","Mornago","LUINO-GALLARATE","90","30","5","160","30","0","160","0","0","30","0","2016","Fer","Invernale","8.734232423","45.729818919","POINT (8.734232423 45.729818919)"
"C_nov 2017","2.779","S01078","LO","MI","Milano Affori","15146","Milano","Milano Nord Bovisa - Seve","830","2180","24","6090","187","4180","1920","0","136","51","0","2017","Fer","Invernale","9.167411293","45.521142914","POINT (9.167411293 45.521142914)"
"C_nov 2015","2.789","S01082","LO","MI","Paderno Dugnano","15166","Paderno Dugnano","Milano Nord Bovisa - Seve","1190","290","16","2690","131","2690","0","0","131","0","0","2015","Fer","Invernale","9.161231422","45.564852006","POINT (9.161231422 45.564852006)"
"C_nov 2022","244","S01713","LO","BS","CHIARI","17052","Chiari","MILANO-VENEZIA","480","180","9","1650","65","0","660","1000","0","31","34","2022","Feriale","Invernale","9.926507709","45.540192478","POINT (9.926507709 45.540192478)"
"C_nov 2017","31","S00248","PI","NO","NOVARA","3106","Novara","TORINO-MILANO","380","1000","11","2400","84","2270","140","0","74","10","0","2017","Fer","Invernale","0.086249717","4.545129662","POINT (8.6249717 45.45129662)"
"C_nov 2016","43","S00401","LO","PV","ZINASCO NUOVO","18190","Zinasco","CAVA C.-TORREBER","30","10","5","50","26","0","50","0","0","26","0","2016","Fer","Invernale","8.999696096","45.124641115","POINT (8.999696096 45.124641115)"
"C_Luglio2023","131","S01400","LO","SO","CHIAVENNA","14018","Chiavenna","CHIAVENNA-COLICO","30","60","4","310","30","0","310","0","0","30","0","2023","Feriale","estivo","0.940716091","46.321335044","POINT (9.40716091 46.321335044)"
"C_nov 2020","213","S01537","LO","BG","GRUMELLO DEL MONTE","16120","Grumello del Monte","LECCO-BRESCIA","40","30","4","200","34","0","200","0","0","34","0","2020","Feriale","Invernale","0.986279802","45.634179821","POINT (9.86279802 45.634179821)"
"C_nov 2021","104","S01141","LO","VA","BESOZZO","12013","Besozzo","LUINO-GALLARATE","50","20","4","150","29","60","100","0","10","19","0","2021","Feriale","Invernale","0.866303949","45.842264864","POINT (8.66303949 45.842264864)"
"C_nov 2018","2.740","S01075","LO","MI","Cesate","15076","Cesate","Milano Nord Cadorna - Sar","920","180","16","2060","138","2060","0","0","138","0","0","2018","Fer","Invernale","9.066684079","45.590910137","POINT (9.066684079 45.590910137)"
"C_nov 2015","2.761","S01745","LO","VA","Gemonio","12074","Gemonio","Varese Nord - Laveno Momb","190","60","8","430","45","0","150","280","0","24","21","2015","Fer","Invernale","0.867388218","45.877604611","POINT (8.67388218 45.877604611)"
"C_Novembre2023","184","S01487","LO","MI","VILLA RAVERIO","108008","Besana in Brianza","MONZA-LECCO","150","150","6","520","40","520","0","0","40","0","0","2023","Feriale","Invernale","0.926158805","45.690495348","POINT (9.26158805 45.690495348)"
"C_nov 2022","314","S01924","LO","MN","S.MICHELE IN BOSCO","20031","Marcaria","CODOGNO-MANTOVA","10","10","1","10","6","0","10","0","0","6","0","2022","Feriale","Invernale","10.573308108","45.122485012","POINT (10.573308108 45.122485012)"
"C_Novembre2023","114","S01207","LO","VA","GAZZADA-SCHIANNO-MORAZZ.","12073","Gazzada Schianno","PORTO C.-GALLARATE","220","170","8","750","68","720","0","40","67","0","1","2023","Feriale","Invernale","8.824846806","45.778700868","POINT (8.824846806 45.778700868)"
"C_nov 2015","5.844","S01059","LO","MI","ALBAIRATE-VERMEZZO","15005","Albairate","MILANO-MORTARA-AL","630","330","13","1760","118","790","980","0","69","49","0","2015","FER","Invernale","8.957371048","45.404429355","POINT (8.957371048 45.404429355)"
"C_nov 2017","77","S01030","LO","VA","GALLARATE","12070","Gallarate","DOMODOSSOLA-MILANO","2540","1390","28","8200","181","3130","2530","2550","76","53","52","2017","Fer","Invernale","0.879828248","45.659901549","POINT (8.79828248 45.659901549)"
"C_nov 2021","235","S01704","LO","MI","VIGNATE","15237","Vignate","MILANO-VENEZIA","450","180","16","1230","94","1230","10","10","92","1","1","2021","Feriale","Invernale","0.937411303","45.494025151","POINT (9.37411303 45.494025151)"
"C_nov 2016","113","S01205","LO","VA","VARESE","12133","Varese","PORTO C.-GALLARATE","820","1070","13","3660","107","1940","0","1730","72","0","35","2016","Fer","Invernale","0.883313115","45.816277257","POINT (8.83313115 45.816277257)"
"C_nov 2021","2.784","S01740","LO","VA","Morosolo-Casciago","12038","Casciago","Varese Nord - Laveno Momb","70","30","7","170","38","0","80","100","0","23","15","2021","Feriale","Invernale","8.777403493","45.826573232","POINT (8.777403493 45.826573232)"
"C_nov 2017","171","S01457","LO","LC","CASLETTO-ROGENO","97072","Rogeno","ALBATE-MOLTENO","70","10","4","110","22","0","110","0","0","22","0","2017","Fer","Invernale","9.275406768","45.786104223","POINT (9.275406768 45.786104223)"
"C_Luglio2023","129","S01325","LO","MI","SESTO S. GIOVANNI","15209","Sesto San Giovanni","CHIASSO-MILANO","960","2090","29","7400","239","6410","960","50","193","40","6","2023","Feriale","estivo","9.239294385","45.541170043","POINT (9.239294385 45.541170043)"
"C_Novembre2023","252","S01805","LO","PV","BRESSANA BOTTARONE","18023","Bressana Bottarone","MILANO-GENOVA","120","30","5","240","30","0","210","40","0","26","4","2023","Feriale","Invernale","0.911063508","45.086379858","POINT (9.11063508 45.086379858)"
"C_nov 2019","81","S01035","LO","MI","PARABIAGO","15168","Parabiago","DOMODOSSOLA-MILANO","1460","340","11","3150","77","2630","400","130","74","2","1","2019","Fer","Invernale","8.946358229","4.555251981","POINT (8.946358229 45.55251981)"
"C_nov 2019","284","S01862","LO","PV","MOTTA S.DAMIANO","18110","Pavia","PAVIA-CASALPUST.","10","0","4","10","21","0","10","0","0","21","0","2019","Fer","Invernale","9.219902925","45.178421105","POINT (9.219902925 45.178421105)"
"C_Novembre2023","205","S01526","LO","BG","PONTIDA","16171","Pontida","LECCO-BRESCIA","60","10","4","220","31","0","220","0","0","31","0","2023","Feriale","Invernale","9.511662206","45.730161398","POINT (9.511662206 45.730161398)"
"C_nov 2017","207","S01528","LO","BG","PONTE S.PIETRO","16170","Ponte San Pietro","LECCO-BRESCIA","870","280","12","2250","82","0","2250","0","0","82","0","2017","Fer","Invernale","9.584359693","45.699232686","POINT (9.584359693 45.699232686)"
"C_Luglio2023","261","S01824","LO","LO","TAVAZZANO","98056","Tavazzano con Villavesco","MILANO-BOLOGNA","450","300","8","1200","70","1200","0","0","70","0","0","2023","Feriale","estivo","9.402775545","45.326370144","POINT (9.402775545 45.326370144)"
"C_nov 2022","77","S01030","LO","VA","GALLARATE","12070","Gallarate","DOMODOSSOLA-MILANO","2200","1490","31","8870","221","4020","2360","2490","115","52","54","2022","Feriale","Invernale","0.879828248","45.659901549","POINT (8.79828248 45.659901549)"
"C_nov 2015","4","S00032","PI","NO","BORGO LAVEZZARO","3023","Borgolavezzaro","NOVARA-MORTARA","80","10","3","90","10","0","90","0","0","10","0","2015","Fer","Invernale","8.703316141","0.453188806","POINT (8.703316141 45.3188806)"
"C_Novembre2023","2.728","S01771","LO","BS","Capo di Ponte","17035","Capo di Ponte","Breno - Edolo","20","10","1","20","4","0","20","10","0","1","3","2023","Feriale","Invernale","10.346501697","46.030817614","POINT (10.346501697 46.030817614)"
"C_nov 2020","2.804","S01755","LO","CO","Rovello Porro","13202","Rovello Porro","Saronno - Como","90","40","8","300","54","0","300","0","0","54","0","2020","Feriale","Invernale","9.036261914","45.651408852","POINT (9.036261914 45.651408852)"
"C_nov 2019","2.864","S01715","LO","MI","SEGRATE","15205","Segrate","MILANO-VENEZIA","780","710","16","2560","145","2560","0","0","145","0","0","2019","Fer","Invernale","9.291418669","45.479594282","POINT (9.291418669 45.479594282)"
"C_Novembre2023","2.780","S01079","LO","MI","Milano Bruzzano","15146","Milano","Milano Nord Bovisa - Seve","160","80","16","580","133","580","0","0","133","0","0","2023","Feriale","Invernale","9.172814019","45.533621361","POINT (9.172814019 45.533621361)"
"C_nov 2020","2.782","S01642","LO","MI","MILANO NORD BOVISA","15146","Milano","Milano Nord Cadorna - Sar","1290","1520","83","6990","584","4060","2490","450","281","231","72","2020","Feriale","Invernale","9.158986972","4.550377781","POINT (9.158986972 45.50377781)"
"C_nov 2019","268","S01840","LO","BS","MONTIRONE","17114","Montirone","BRESCIA-PARMA","30","10","4","60","21","0","60","0","0","21","0","2019","Fer","Invernale","10.239507594","45.451430581","POINT (10.239507594 45.451430581)"
"C_Luglio2023","94","S01116","LO","VA","PORTO VALTRAVAGLIA","12114","Porto Valtravaglia","LUINO-GALLARATE","30","10","3","120","29","60","60","0","13","16","0","2023","Feriale","estivo","0.867417775","45.958294809","POINT (8.67417775 45.958294809)"
"C_nov 2015","278","S01850","LO","CR","CASALMAGGIORE","19021","Casalmaggiore","BRESCIA-PARMA","110","40","4","300","29","0","300","0","0","29","0","2015","Fer","Invernale","10.425041217","44.993222003","POINT (10.425041217 44.993222003)"
"C_nov 2021","218","S01601","LO","BG","TREVIGLIO OVEST","16219","Treviglio","BERGAMO-CREMONA","290","120","11","700","63","0","430","280","0","46","17","2021","Feriale","Invernale","0.958031324","45.521845567","POINT (9.58031324 45.521845567)"
"C_nov 2019","44","S00402","LO","PV","PIEVE ALBIGNOLA","18112","Pieve Albignola","CAVA C.-TORREBER","20","10","3","100","22","0","100","0","0","22","0","2019","Fer","Invernale","8.959758126","45.116329989","POINT (8.959758126 45.116329989)"
"C_Novembre2023","5.841","S01104","LO","MI","PIEVE EMANUELE","15173","Pieve Emanuele","MILANO-GENOVA","600","260","8","1770","73","1770","0","0","72","0","1","2023","Feriale","Invernale","9.204837997","45.341109745","POINT (9.204837997 45.341109745)"
"C_nov 2017","2.717","S01072","LO","MI","Bollate Nord","15027","Bollate","Milano Nord Cadorna - Sar","630","220","18","1660","141","1660","0","0","141","0","0","2017","Fer","Invernale","9.112398385","45.552681567","POINT (9.112398385 45.552681567)"
"C_nov 2016","226","S01610","LO","CR","MADIGNANO","19055","Madignano","BERGAMO-CREMONA","50","10","4","90","34","0","90","0","0","34","0","2016","Fer","Invernale","9.730205146","45.343905446","POINT (9.730205146 45.343905446)"
"C_nov 2016","222","S01605","LO","CR","CREMA","19035","Crema","BERGAMO-CREMONA","280","330","5","1140","36","0","1140","0","0","36","0","2016","Fer","Invernale","9.694241457","45.366939013","POINT (9.694241457 45.366939013)"
"C_nov 2020","294","S01900","LO","BS","S.ZENO FOLZANO","17173","San Zeno Naviglio","BRESCIA-CREMONA","10","10","7","30","51","0","30","0","0","51","0","2020","Feriale","Invernale","10.211709572","45.491635451","POINT (10.211709572 45.491635451)"
"C_nov 2019","125","S01318","LO","MI","SEREGNO","108039","Seregno","CHIASSO-MILANO","2120","770","22","6380","166","4260","0","2120","138","0","28","2019","Fer","Invernale","9.202885996","45.646087713","POINT (9.202885996 45.646087713)"
"C_nov 2020","2.811","S01925","LO","MI","Seveso","108040","Seveso","Milano Nord Bovisa - Seve","300","130","16","1140","116","550","590","0","71","45","0","2020","Feriale","Invernale","0.914058178","45.647945743","POINT (9.14058178 45.647945743)"
"C_nov 2015","2.770","S01727","LO","CO","Locate Varesino-Carbonate","13045","Carbonate","Saronno - Varese Nord","220","40","8","520","61","0","520","0","0","61","0","2015","Fer","Invernale","8.936075743","45.689931017","POINT (8.936075743 45.689931017)"
"C_Novembre2023","2.795","S01014","LO","BS","Pisogne","17143","Pisogne","Iseo - Pisogne","220","90","3","390","13","0","360","30","0","11","2","2023","Feriale","Invernale","10.105622584","45.806591032","POINT (10.105622584 45.806591032)"
"C_nov 2015","313","S01923","LO","MN","CASTELLUCCHIO","20016","Castellucchio","CODOGNO-MANTOVA","40","20","4","90","25","0","70","30","0","19","6","2015","FER","Invernale","10.647514805","45.144370088","POINT (10.647514805 45.144370088)"
"C_nov 2018","119","S01307","LO","CO","COMO S.GIOVANNI","13075","Como","CHIASSO-MILANO","1490","1280","26","5010","195","2630","160","2220","146","23","26","2018","Fer","Invernale","9.072359552","45.809022727","POINT (9.072359552 45.809022727)"
"C_nov 2018","297","S01903","LO","BS","VEROLANUOVA","17195","Verolanuova","BRESCIA-CREMONA","180","50","4","390","33","0","390","0","0","33","0","2018","Fer","Invernale","10.083906145","45.325064899","POINT (10.083906145 45.325064899)"
"C_nov 2021","84","S01040","LO","MI","MAGENTA","15130","Magenta","TORINO-MILANO","560","210","8","2180","67","2180","0","0","67","0","0","2021","Feriale","Invernale","8.880674725","45.468283265","POINT (8.880674725 45.468283265)"
"C_nov 2017","291","S01869","LO","PV","LAMBRINIA","18048","Chignolo Po","PAVIA-CASALPUST.","50","20","5","90","28","0","90","0","0","28","0","2017","Fer","Invernale","9.527461442","45.164457002","POINT (9.527461442 45.164457002)"
"C_nov 2019","2.760","S01743","LO","VA","Gavirate-Verbano","12072","Gavirate","Varese Nord - Laveno Momb","50","270","4","250","13","0","90","170","0","9","4","2019","Fer","Invernale","8.706523665","45.851178857","POINT (8.706523665 45.851178857)"
"C_nov 2016","76","S01029","LO","VA","CASORATE SEMPIONE","12039","Casorate Sempione","DOMODOSSOLA-MILANO","150","50","4","360","33","0","360","0","0","33","0","2016","Fer","Invernale","8.743986914","45.675152648","POINT (8.743986914 45.675152648)"
"C_nov 2016","276","S01848","LO","MN","CANNETO SULL'OGLIO","20008","Canneto sull'Oglio","BRESCIA-PARMA","50","10","3","120","24","0","120","0","0","24","0","2016","Fer","Invernale","10.371498908","45.150287495","POINT (10.371498908 45.150287495)"
"C_nov 2020","2.766","S01021","LO","BS","Iseo","17085","Iseo","Brescia - Iseo","30","40","6","180","50","0","110","80","0","37","13","2020","Feriale","Invernale","10.050103236","45.656525986","POINT (10.050103236 45.656525986)"
"C_nov 2022","187","S01490","LO","LC","CASSAGO-NIBIONNO-BULC.","97017","Cassago Brianza","MONZA-LECCO","120","40","7","280","38","280","0","0","38","0","0","2022","Feriale","Invernale","9.279864449","45.746319529","POINT (9.279864449 45.746319529)"
"C_nov 2020","129","S01325","LO","MI","SESTO S. GIOVANNI","15209","Sesto San Giovanni","CHIASSO-MILANO","460","710","33","3080","267","2730","350","0","227","40","0","2020","Feriale","Invernale","9.239294385","45.541170043","POINT (9.239294385 45.541170043)"
"C_Novembre2023","269","S01841","LO","BS","GHEDI","17078","Ghedi","BRESCIA-PARMA","90","40","4","290","32","0","290","0","0","32","0","2023","Feriale","Invernale","10.280538985","45.409522832","POINT (10.280538985 45.409522832)"
"C_nov 2019","161","S01437","LO","SO","TRESENDA-APRICA-TEGLIO","14065","Teglio","TIRANO-MILANO So-Tir","110","30","4","240","31","0","40","210","0","8","23","2019","Fer","Invernale","10.083777059","46.162155619","POINT (10.083777059 46.162155619)"
"C_nov 2020","222","S01605","LO","CR","CREMA","19035","Crema","BERGAMO-CREMONA","50","50","5","280","34","0","280","0","0","34","0","2020","Feriale","Invernale","9.694241457","45.366939013","POINT (9.694241457 45.366939013)"
"C_nov 2015","2.731","S01758","LO","CO","Caslino al Piano","13036","Cadorago","Saronno - Como","220","30","7","460","62","0","460","10","0","61","1","2015","Fer","Invernale","9.040174552","45.711047814","POINT (9.040174552 45.711047814)"
"C_nov 2022","2.711","S01101","LO","CO","Asso","13013","Asso","Seveso - Asso","60","0","2","240","34","0","240","0","0","34","0","2022","Feriale","Invernale","9.269120449","45.854922626","POINT (9.269120449 45.854922626)"
"C_Luglio2023","169","S01454","LO","CO","MERONE","13147","Merone","ALBATE-MOLTENO","100","30","10","330","72","0","330","0","0","72","0","2023","Feriale","estivo","9.243809899","4.578144619","POINT (9.243809899 45.78144619)"
"C_nov 2019","2.735","S01136","LO","VA","Castellanza","12042","Castellanza","Saronno - Novara","770","200","10","1760","75","0","1760","0","0","75","0","2019","Fer","Invernale","8.875445238","45.610465237","POINT (8.875445238 45.610465237)"
"C_nov 2017","2.748","S01763","LO","CO","Como Camerlata (FN)","13075","Como","Saronno - Como","430","260","10","1380","70","0","1150","240","0","60","10","2017","Fer","Invernale","9.079423298","4.578441339","POINT (9.079423298 45.78441339)"
"C_nov 2017","43","S00401","LO","PV","ZINASCO NUOVO","18190","Zinasco","CAVA C.-TORREBER","20","0","5","40","26","0","40","0","0","26","0","2017","Fer","Invernale","8.999696096","45.124641115","POINT (8.999696096 45.124641115)"
"C_nov 2017","5.853","S01798","LO","MI","Cesano M. Groane","108019","Cesano Maderno","Saronno - Seregno","80","40","8","260","68","260","0","0","68","0","0","2017","Fer","Invernale","0.912631598","45.630249423","POINT (9.12631598 45.630249423)"
"C_nov 2022","156","S01430","LO","SO","SONDRIO","14061","Sondrio","TIRANO-MILANO Lc-So","150","940","6","1640","52","0","740","910","0","24","28","2022","Feriale","Invernale","0.987296139","46.167141595","POINT (9.87296139 46.167141595)"
"C_nov 2018","263","S01826","LO","LO","SECUGNAGO","98052","Secugnago","MILANO-BOLOGNA","120","30","6","430","40","0","430","10","0","39","1","2018","Fer","Invernale","9.586872164","4.522332986","POINT (9.586872164 45.22332986)"
"C_nov 2015","160","S01436","LO","SO","S.GIACOMO DI TEGLIO","14065","Teglio","TIRANO-MILANO So-Tir","10","10","1","10","10","0","10","0","0","10","0","2015","FER","Invernale","10.027439647","46.159795887","POINT (10.027439647 46.159795887)"
"C_nov 2019","8","S00037","LO","PV","VALLE LOMELLINA","18168","Valle Lomellina","MILANO-MORTARA-AL","20","10","2","50","10","0","50","0","0","10","0","2019","Fer","Invernale","8.685911785","45.150674037","POINT (8.685911785 45.150674037)"
"C_Novembre2023","295","S01901","LO","BS","BAGNOLO MELLA","17009","Bagnolo Mella","BRESCIA-CREMONA","80","40","3","380","31","0","380","0","0","31","0","2023","Feriale","Invernale","10.183641825","45.428611146","POINT (10.183641825 45.428611146)"
"C_nov 2017","2.799","S01787","LO","BS","Provaglio-Timoline","17156","Provaglio d'Iseo","Brescia - Iseo","40","20","5","110","42","0","110","0","0","42","0","2017","Fer","Invernale","10.035246585","45.635075228","POINT (10.035246585 45.635075228)"
"C_Luglio2023","34","S00272","LO","PV","ROBBIO","18123","Robbio","VERCELLI-PAVIA","40","10","1","60","4","0","60","0","0","4","0","2023","Feriale","estivo","8.597086609","45.293627181","POINT (8.597086609 45.293627181)"
"C_nov 2018","307","S01917","LO","CR","GAZZO-PIEVE S.GIACOMO","19075","Pieve San Giacomo","CODOGNO-MANTOVA","50","10","2","70","14","0","70","10","0","13","1","2018","Fer","Invernale","1.018994286","45.137237048","POINT (10.18994286 45.137237048)"
"C_Luglio2023","80","S01034","LO","MI","CANEGRATE","15046","Canegrate","DOMODOSSOLA-MILANO","400","140","9","1100","67","1050","50","0","66","1","0","2023","Feriale","estivo","8.926634655","45.569313656","POINT (8.926634655 45.569313656)"
"C_nov 2018","73","S01026","LO","VA","SESTO CALENDE","12120","Sesto Calende","DOMODOSSOLA-MILANO","540","190","8","1480","50","0","870","620","0","33","17","2018","Fer","Invernale","0.862816964","45.726314213","POINT (8.62816964 45.726314213)"
"C_nov 2017","133","S01402","LO","SO","SAMOLACO","14057","Samolaco","CHIAVENNA-COLICO","50","10","3","90","30","0","90","0","0","30","0","2017","Fer","Invernale","9.423617479","46.246509103","POINT (9.423617479 46.246509103)"
"C_nov 2021","184","S01487","LO","MI","VILLA RAVERIO","108008","Besana in Brianza","MONZA-LECCO","130","160","6","420","40","420","0","0","40","0","0","2021","Feriale","Invernale","0.926158805","45.690495348","POINT (9.26158805 45.690495348)"
"C_nov 2019","2.727","S01099","LO","CO","Canzo","13042","Canzo","Seveso - Asso","160","30","6","330","40","0","330","0","0","40","0","2019","Fer","Invernale","0.927022843","45.849100359","POINT (9.27022843 45.849100359)"
"C_nov 2019","273","S01845","LO","BS","REMEDELLO SOPRA","17160","Remedello","BRESCIA-PARMA","40","140","4","190","22","0","190","0","0","22","0","2019","Fer","Invernale","10.379240842","45.278565103","POINT (10.379240842 45.278565103)"
"C_nov 2022","262","S01825","LO","LO","LODI","98031","Lodi","MILANO-BOLOGNA","1650","1540","19","5770","128","2120","2460","1190","69","39","20","2022","Feriale","Invernale","9.497612624","45.309042271","POINT (9.497612624 45.309042271)"
"C_nov 2018","387","S05000","EM","PC","PIACENZA","33032","Piacenza","MILANO-BOLOGNA","780","300","8","2030","58","0","2030","0","0","58","0","2018","Fer","Invernale","9.706305088","4.505208441","POINT (9.706305088 45.05208441)"
"C_Novembre2023","128","S01322","LO","MI","MONZA","108033","Monza","CHIASSO-MILANO","4900","4570","49","20260","361","14700","1280","4290","251","40","70","2023","Feriale","Invernale","9.273281444","45.577867268","POINT (9.273281444 45.577867268)"
"C_nov 2015","2.762","S01724","LO","VA","Gerenzano-Turate","12075","Gerenzano","Saronno - Varese Nord","630","90","8","1350","61","0","1350","0","0","61","0","2015","Fer","Invernale","9.001531027","45.645585349","POINT (9.001531027 45.645585349)"
"C_nov 2016","158","S01434","LO","SO","PONTE IN VALTELLINA","14052","Ponte in Valtellina","TIRANO-MILANO So-Tir","10","10","1","20","14","0","20","0","0","9","5","2016","Fer","Invernale","9.975919439","46.162708899","POINT (9.975919439 46.162708899)"
"C_nov 2019","2.795","S01014","LO","BS","Pisogne","17143","Pisogne","Iseo - Pisogne","140","30","4","390","34","0","250","150","0","21","13","2019","Fer","Invernale","10.105622584","45.806591032","POINT (10.105622584 45.806591032)"
"C_nov 2017","263","S01826","LO","LO","SECUGNAGO","98052","Secugnago","MILANO-BOLOGNA","230","40","6","520","40","0","520","0","0","39","1","2017","Fer","Invernale","9.586872164","4.522332986","POINT (9.586872164 45.22332986)"
"C_Novembre2023","165","S01450","LO","CO","ALBATE TRECALLO","13075","Como","ALBATE-MOLTENO","20","20","4","40","22","0","40","0","0","22","0","2023","Feriale","Invernale","9.095790373","45.777467374","POINT (9.095790373 45.777467374)"
"C_nov 2017","124","S01316","LO","MI","CAMNAGO-LENTATE","108054","Lentate sul Seveso","CHIASSO-MILANO","570","230","16","1560","143","1560","0","0","143","0","0","2017","Fer","Invernale","9.133490346","45.668502905","POINT (9.133490346 45.668502905)"
"C_nov 2018","2.807","S01077","LO","VA","Saronno Sud","12119","Saronno","Milano Nord Cadorna - Sar","420","160","23","1110","203","1110","0","0","203","0","0","2018","Fer","Invernale","9.045593579","45.611839478","POINT (9.045593579 45.611839478)"
"C_nov 2019","113","S01205","LO","VA","VARESE","12133","Varese","PORTO C.-GALLARATE","1330","1420","21","5680","179","3800","0","1880","142","0","37","2019","Fer","Invernale","0.883313115","45.816277257","POINT (8.83313115 45.816277257)"
"C_Novembre2023","148","S01420","LO","LC","COLICO","97023","Colico","TIRANO-MILANO Lc-So","380","220","11","1370","85","0","760","620","0","58","27","2023","Feriale","Invernale","9.375255676","46.138093311","POINT (9.375255676 46.138093311)"
"C_nov 2016","220","S01603","LO","CR","CAPRALBA","19015","Capralba","BERGAMO-CREMONA","140","20","5","230","35","0","230","0","0","35","0","2016","Fer","Invernale","9.640048136","45.443945977","POINT (9.640048136 45.443945977)"
"C_nov 2015","2.757","S01768","LO","BS","Forno d'Allione","17016","Berzo Demo","Breno - Edolo","0","0","1","0","2","0","0","0","0","2","0","2015","Fer","Invernale","10.314929012","46.090120179","POINT (10.314929012 46.090120179)"
"C_nov 2022","83","S01037","LO","MI","RHO","15182","Rho","TORINO-MILANO","2090","840","19","7030","162","7030","0","0","162","0","0","2022","Feriale","Invernale","9.043583998","45.523927896","POINT (9.043583998 45.523927896)"
"C_nov 2022","2.770","S01727","LO","CO","Locate Varesino-Carbonate","13045","Carbonate","Saronno - Varese Nord","250","40","8","550","59","0","550","0","0","59","0","2022","Feriale","Invernale","8.936075743","45.689931017","POINT (8.936075743 45.689931017)"
"C_nov 2022","5.838","S01612","LO","BG","STEZZANO","16207","Stezzano","BERGAMO-CREMONA","110","70","7","290","47","0","290","0","0","46","1","2022","Feriale","Invernale","9.644627368","45.658395935","POINT (9.644627368 45.658395935)"
"C_nov 2017","188","S01491","LO","LC","COSTA MASNAGA","97026","Costa Masnaga","MONZA-LECCO","220","40","6","340","36","340","0","0","36","0","0","2017","Fer","Invernale","0.928526064","45.763506456","POINT (9.28526064 45.763506456)"
"C_nov 2015","274","S01846","LO","BS","REMEDELLO SOTTO","17160","Remedello","BRESCIA-PARMA","10","20","3","50","24","0","50","0","0","24","0","2015","Fer","Invernale","1.038843093","45.257552358","POINT (10.38843093 45.257552358)"
"C_nov 2020","2.779","S01078","LO","MI","Milano Affori","15146","Milano","Milano Nord Bovisa - Seve","260","620","21","1750","140","1190","570","0","95","45","0","2020","Feriale","Invernale","9.167411293","45.521142914","POINT (9.167411293 45.521142914)"
"C_nov 2020","111","S01203","LO","VA","ARCISATE","12004","Arcisate","PORTO C.-GALLARATE","90","30","11","280","95","200","0","90","61","0","34","2020","Feriale","Invernale","8.862448264","4.585865032","POINT (8.862448264 45.85865032)"
"C_nov 2020","2.729","S01076","LO","VA","Caronno Pertusella","12034","Caronno Pertusella","Milano Nord Cadorna - Sar","150","70","12","460","78","460","0","0","78","0","0","2020","Feriale","Invernale","9.058328414","45.598187372","POINT (9.058328414 45.598187372)"
"C_nov 2020","2.788","S01794","LO","BS","Paderno (Franciacorta)","17130","Paderno Franciacorta","Brescia - Iseo","30","10","7","60","36","0","60","0","0","36","0","2020","Feriale","Invernale","10.087064635","45.586766511","POINT (10.087064635 45.586766511)"
"C_nov 2017","2.772","S01737","LO","VA","Malnate","12096","Malnate","Saronno - Varese Nord","880","220","12","2050","78","0","1260","800","0","57","21","2017","Fer","Invernale","8.878340888","45.795307714","POINT (8.878340888 45.795307714)"
"C_nov 2016","2.768","S01747","LO","VA","Laveno Mombello Nord","12087","Laveno-Mombello","Varese Nord - Laveno Momb","190","200","7","640","42","0","250","390","0","21","21","2016","Fer","Invernale","8.619246466","45.907983681","POINT (8.619246466 45.907983681)"
"C_nov 2021","297","S01903","LO","BS","VEROLANUOVA","17195","Verolanuova","BRESCIA-CREMONA","100","40","3","280","28","0","280","0","0","28","0","2021","Feriale","Invernale","10.083906145","45.325064899","POINT (10.083906145 45.325064899)"
"C_nov 2022","245","S01714","LO","BS","ROVATO","17166","Rovato","MILANO-VENEZIA","590","290","14","2090","100","0","1110","990","0","66","34","2022","Feriale","Invernale","10.000952147","45.552008269","POINT (10.000952147 45.552008269)"
"C_nov 2015","2.743","S01746","LO","VA","Cittiglio","12051","Cittiglio","Varese Nord - Laveno Momb","190","60","8","500","45","0","170","330","0","24","21","2015","FER","Invernale","8.667398533","45.892327453","POINT (8.667398533 45.892327453)"
"C_nov 2015","272","S01844","LO","BS","VISANO","17203","Visano","BRESCIA-PARMA","30","10","3","90","24","0","90","0","0","24","0","2015","Fer","Invernale","10.363129196","45.315389802","POINT (10.363129196 45.315389802)"
"C_nov 2020","191","S01502","LO","LC","PADERNO-ROBBIATE","97062","Paderno d'Adda","SEREGNO-BERGAMO","80","40","5","280","40","0","280","0","0","40","0","2020","Feriale","Invernale","9.439232645","4.567838448","POINT (9.439232645 45.67838448)"
"C_nov 2022","163","S01439","LO","SO","VILLA DI TIRANO","14078","Villa di Tirano","TIRANO-MILANO So-Tir","30","0","1","30","4","0","10","30","0","3","1","2022","Feriale","Invernale","10.130361703","46.196242159","POINT (10.130361703 46.196242159)"
"C_nov 2015","290","S01868","LO","PV","CHIGNOLO PO","18048","Chignolo Po","PAVIA-CASALPUST.","70","20","5","130","30","0","130","0","0","30","0","2015","FER","Invernale","9.494226195","45.161018526","POINT (9.494226195 45.161018526)"
"C_nov 2022","2.860","S01138","LO","VA","Ferno-Lonate P.","12068","Ferno","Busto Arsizio - Malpensa","500","120","10","1130","79","280","850","0","36","43","0","2022","Feriale","Invernale","8.754982528","45.608628952","POINT (8.754982528 45.608628952)"
"C_Novembre2023","226","S01610","LO","CR","MADIGNANO","19055","Madignano","BERGAMO-CREMONA","40","20","4","110","34","0","110","0","0","34","0","2023","Feriale","Invernale","9.730205146","45.343905446","POINT (9.730205146 45.343905446)"
"C_Novembre2023","2.772","S01737","LO","VA","Malnate","12096","Malnate","Saronno - Varese Nord","1020","140","13","1950","78","0","1290","670","0","61","17","2023","Feriale","Invernale","8.878340888","45.795307714","POINT (8.878340888 45.795307714)"
"C_nov 2016","150","S01424","LO","SO","COSIO-TRAONA","14024","Cosio Valtellino","TIRANO-MILANO Lc-So","30","10","4","120","27","0","120","0","0","27","0","2016","Fer","Invernale","9.525530191","46.135638189","POINT (9.525530191 46.135638189)"
"C_nov 2020","312","S01922","LO","MN","OSPITALETTO MANTOV.","20031","Marcaria","CODOGNO-MANTOVA","10","0","1","10","6","0","10","0","0","6","0","2020","Feriale","Invernale","10.604427864","45.129824898","POINT (10.604427864 45.129824898)"
"C_nov 2016","104","S01141","LO","VA","BESOZZO","12013","Besozzo","LUINO-GALLARATE","130","40","4","300","31","0","300","0","0","31","0","2016","Fer","Invernale","0.866303949","45.842264864","POINT (8.66303949 45.842264864)"
"C_nov 2020","235","S01704","LO","MI","VIGNATE","15237","Vignate","MILANO-VENEZIA","140","70","8","520","68","520","10","0","66","1","1","2020","Feriale","Invernale","0.937411303","45.494025151","POINT (9.37411303 45.494025151)"
"C_Luglio2023","120","S01310","LO","CO","ALBATE-CAMERLATA","13075","Como","CHIASSO-MILANO","0","0","1","0","5","0","0","0","4","1","0","2023","Feriale","estivo","0.907349887","45.777443385","POINT (9.07349887 45.777443385)"
"C_nov 2020","160","S01436","LO","SO","S.GIACOMO DI TEGLIO","14065","Teglio","TIRANO-MILANO So-Tir","10","0","1","10","4","0","0","10","0","3","1","2020","Feriale","Invernale","10.027439647","46.159795887","POINT (10.027439647 46.159795887)"
"C_nov 2016","33","S00271","LO","PV","PALESTRO","18107","Palestro","VERCELLI-PAVIA","60","10","5","90","28","0","90","0","0","28","0","2016","Fer","Invernale","8.534545108","45.307350574","POINT (8.534545108 45.307350574)"
"C_nov 2020","2.805","S01784","LO","BS","Sale Marasino","17169","Sale Marasino","Iseo - Pisogne","10","10","3","60","32","0","40","30","0","19","13","2020","Feriale","Invernale","10.111830104","4.571279216","POINT (10.111830104 45.71279216)"
"C_Novembre2023","5.854","S01109","LO","MI","Cormano-Cusano Milanino","15098","Cusano Milanino","Milano Nord Bovisa - Seve","1320","490","16","3120","133","3120","0","0","133","0","0","2023","Feriale","Invernale","9.173714792","45.545195079","POINT (9.173714792 45.545195079)"
"C_Luglio2023","209","S01533","LO","BG","SERIATE","16198","Seriate","LECCO-BRESCIA","100","50","5","470","37","0","470","0","0","37","0","2023","Feriale","estivo","9.724660449","45.683226571","POINT (9.724660449 45.683226571)"
"C_nov 2022","216","S01540","LO","BS","COCCAGLIO","17056","Coccaglio","LECCO-BRESCIA","110","40","5","270","34","0","270","0","0","34","0","2022","Feriale","Invernale","9.977670318","45.561044402","POINT (9.977670318 45.561044402)"
"C_nov 2017","2.736","S01790","LO","BS","Cazzago S.Martino","17046","Cazzago San Martino","Bornato - Rovato","10","10","4","10","16","0","10","0","0","16","0","2017","Fer","Invernale","10.027624252","45.576339503","POINT (10.027624252 45.576339503)"
"C_nov 2020","270","S01842","LO","BS","VIADANA BRESCIANA","17034","Calvisano","BRESCIA-PARMA","10","10","5","20","23","0","20","0","0","23","0","2020","Feriale","Invernale","0.103318218","45.373727831","POINT (10.3318218 45.373727831)"
"C_nov 2017","161","S01437","LO","SO","TRESENDA-APRICA-TEGLIO","14065","Teglio","TIRANO-MILANO So-Tir","70","10","4","180","30","0","30","150","0","9","21","2017","Fer","Invernale","10.083777059","46.162155619","POINT (10.083777059 46.162155619)"
"C_nov 2015","270","S01842","LO","BS","VIADANA BRESCIANA","17034","Calvisano","BRESCIA-PARMA","20","10","4","70","24","0","70","0","0","24","0","2015","Fer","Invernale","0.103318218","45.373727831","POINT (10.3318218 45.373727831)"
"C_nov 2018","155","S01429","LO","SO","CASTIONE ANDEVENNO","14015","Castione Andevenno","TIRANO-MILANO Lc-So","0","0","1","0","1","0","0","0","0","1","0","2018","Fer","Invernale","9.806179088","46.161737068","POINT (9.806179088 46.161737068)"
"C_Novembre2023","9","S00038","LO","PV","SARTIRANA","18146","Sartirana Lomellina","MILANO-MORTARA-AL","10","0","1","30","11","0","30","0","0","11","0","2023","Feriale","Invernale","0.867016046","45.111810021","POINT (8.67016046 45.111810021)"
"C_nov 2015","40","S00278","LO","PV","VILLANOVA D'ARDENGHI","18179","Villanova d'Ardenghi","VERCELLI-PAVIA","10","10","4","20","28","0","20","0","0","28","0","2015","Fer","Invernale","9.037210497","45.157063438","POINT (9.037210497 45.157063438)"
"C_nov 2018","91","S01064","LO","MI","CORSICO","15093","Corsico","MILANO-MORTARA-AL","250","130","8","790","70","790","10","0","69","1","0","2018","Fer","Invernale","9.105184247","45.434772406","POINT (9.105184247 45.434772406)"
"C_Novembre2023","80","S01034","LO","MI","CANEGRATE","15046","Canegrate","DOMODOSSOLA-MILANO","630","120","9","1520","67","1490","40","0","66","1","0","2023","Feriale","Invernale","8.926634655","45.569313656","POINT (8.926634655 45.569313656)"
"C_nov 2020","2.854","S00023","PI","NO","Novara FN","3106","Novara","Saronno - Novara","60","80","6","340","34","0","340","0","0","34","0","2020","Feriale","Invernale","8.627061488","45.452334846","POINT (8.627061488 45.452334846)"
"C_nov 2022","2.859","S01139","LO","VA","Malpensa Aeroporto T1","12140","Vizzola Ticino","Busto Arsizio - Malpensa","670","1150","20","8880","178","710","2500","5690","36","43","99","2022","Feriale","Invernale","8.711317166","45.626885232","POINT (8.711317166 45.626885232)"
"C_nov 2017","387","S05000","EM","PC","PIACENZA","33032","Piacenza","MILANO-BOLOGNA","830","400","9","2220","58","0","2220","0","0","58","0","2017","Fer","Invernale","9.706305088","4.505208441","POINT (9.706305088 45.05208441)"
"C_nov 2021","316","S01931","LO","PV","PINAROLO PO","18115","Pinarolo Po","PAVIA-STRADELLA","70","30","4","140","26","0","140","0","0","26","0","2021","Feriale","Invernale","9.170304953","45.073501505","POINT (9.170304953 45.073501505)"
"C_Novembre2023","146","S01416","LO","LC","ABBADIA LARIANA","97001","Abbadia Lariana","TIRANO-MILANO Lc-So","80","20","4","170","27","0","160","10","0","26","1","2023","Feriale","Invernale","9.335204987","45.895939932","POINT (9.335204987 45.895939932)"
"C_nov 2017","264","S01827","LO","LO","CASALPUSTERLENGO","98010","Casalpusterlengo","MILANO-BOLOGNA","660","310","11","2030","70","0","2020","10","0","68","2","2017","Fer","Invernale","9.653655261","45.182559249","POINT (9.653655261 45.182559249)"
"C_nov 2016","299","S01905","LO","CR","OLMENETA","19063","Olmeneta","BRESCIA-CREMONA","80","20","8","140","67","0","140","0","0","67","0","2016","Fer","Invernale","10.031972373","45.231184025","POINT (10.031972373 45.231184025)"
"C_nov 2017","258","S01821","LO","MI","S.GIULIANO MILANESE","15195","San Giuliano Milanese","MILANO-BOLOGNA","480","190","10","1260","78","1260","0","0","78","0","0","2017","Fer","Invernale","9.286452197","45.391305373","POINT (9.286452197 45.391305373)"
"C_nov 2017","2.860","S01138","LO","VA","Ferno-Lonate P.","12068","Ferno","Busto Arsizio - Malpensa","220","120","6","670","41","0","670","0","0","41","0","2017","Fer","Invernale","8.754982528","45.608628952","POINT (8.754982528 45.608628952)"
"C_Luglio2023","32","S00252","PI","NO","TRECATE","3149","Trecate","TORINO-MILANO","470","100","8","1560","69","1560","0","0","69","0","0","2023","Feriale","estivo","8.739372114","4.542852569","POINT (8.739372114 45.42852569)"
"C_nov 2016","229","S01632","LO","MI","MILANO PORTA ROMANA","15146","Milano","MILANO-MORTARA-AL","290","710","8","1720","69","1720","0","0","69","0","0","2016","Fer","Invernale","0.921316275","45.445922893","POINT (9.21316275 45.445922893)"
"C_nov 2015","35","S00273","LO","PV","NICORVO","18103","Nicorvo","VERCELLI-PAVIA","20","10","5","30","28","0","30","0","0","28","0","2015","Fer","Invernale","8.671238408","45.275537833","POINT (8.671238408 45.275537833)"
"C_nov 2015","2.825","S01735","LO","VA","Venegono Sup.-Castiglione","12137","Venegono Superiore","Saronno - Varese Nord","220","60","8","580","61","0","580","0","0","61","0","2015","Fer","Invernale","8.890295606","45.758175712","POINT (8.890295606 45.758175712)"
"C_Novembre2023","2.858","S01643","LO","MI","MILANO LANCETTI","15146","Milano","PASSANTE","1030","1510","40","4980","342","4980","0","0","342","0","0","2023","Feriale","Invernale","9.177354467","45.493471578","POINT (9.177354467 45.493471578)"
"C_nov 2015","131","S01400","LO","SO","CHIAVENNA","14018","Chiavenna","CHIAVENNA-COLICO","160","280","5","880","32","0","880","0","0","32","0","2015","Fer","Invernale","0.940716091","46.321335044","POINT (9.40716091 46.321335044)"
"C_nov 2016","105","S01142","LO","VA","TRAVEDONA-BIANDRONNO","12128","Travedona-Monate","LUINO-GALLARATE","30","10","3","80","30","0","80","0","0","30","0","2016","Fer","Invernale","8.696358289","4.580968175","POINT (8.696358289 45.80968175)"
"C_nov 2019","295","S01901","LO","BS","BAGNOLO MELLA","17009","Bagnolo Mella","BRESCIA-CREMONA","80","40","3","310","28","0","310","0","0","28","0","2019","Fer","Invernale","10.183641825","45.428611146","POINT (10.183641825 45.428611146)"
"C_nov 2016","4","S00032","PI","NO","BORGO LAVEZZARO","3023","Borgolavezzaro","NOVARA-MORTARA","90","10","3","110","10","0","110","0","0","10","0","2016","Fer","Invernale","8.703316141","0.453188806","POINT (8.703316141 45.3188806)"
"C_nov 2020","251","S01804","LO","PV","S.MARTINO-CAVA","18041","Cava Manara","MILANO-GENOVA","30","10","5","70","30","0","50","20","0","26","4","2020","Feriale","Invernale","9.115360868","4.514494907","POINT (9.115360868 45.14494907)"
"C_nov 2020","2.780","S01079","LO","MI","Milano Bruzzano","15146","Milano","Milano Nord Bovisa - Seve","40","30","14","160","95","160","0","0","95","0","0","2020","Feriale","Invernale","9.172814019","45.533621361","POINT (9.172814019 45.533621361)"
"C_nov 2022","2.910","S01112","LO","MI","Cesano Boscone","15074","Cesano Boscone","MILANO-MORTARA-AL","120","110","8","550","69","550","10","0","67","2","0","2022","Feriale","Invernale","0.909119676","45.430270342","POINT (9.09119676 45.430270342)"
"C_nov 2022","114","S01207","LO","VA","GAZZADA-SCHIANNO-MORAZZ.","12073","Gazzada Schianno","PORTO C.-GALLARATE","240","190","8","710","68","680","0","30","67","0","1","2022","Feriale","Invernale","8.824846806","45.778700868","POINT (8.824846806 45.778700868)"
"C_nov 2016","2.733","S01752","LO","MI","Castano Primo","15062","Castano Primo","Saronno - Novara","390","70","6","820","38","0","820","0","0","38","0","2016","Fer","Invernale","8.772746679","45.556048921","POINT (8.772746679 45.556048921)"
"C_nov 2022","117","S01210","LO","VA","CAVARIA-OGGIONA IERAGO","12048","Cavaria con Premezzo","PORTO C.-GALLARATE","250","80","8","780","68","740","0","40","67","0","1","2022","Feriale","Invernale","0.880353632","45.698222542","POINT (8.80353632 45.698222542)"
"C_Luglio2023","2.771","S01757","LO","CO","Lomazzo","13133","Lomazzo","Saronno - Como","320","140","9","990","67","0","850","150","0","63","4","2023","Feriale","estivo","9.036101686","45.698756116","POINT (9.036101686 45.698756116)"
"C_nov 2015","5.832","S01067","LO","MI","Milano Nord Domodossola","15146","Milano","Milano Nord Cadorna - Sar","1100","2490","53","7220","389","2720","3780","720","160","198","31","2015","Fer","Invernale","9.162155141","45.480836572","POINT (9.162155141 45.480836572)"
"C_Luglio2023","312","S01922","LO","MN","OSPITALETTO MANTOV.","20031","Marcaria","CODOGNO-MANTOVA","10","0","1","10","6","0","10","0","0","6","0","2023","Feriale","estivo","10.604427864","45.129824898","POINT (10.604427864 45.129824898)"
"C_nov 2016","120","S01310","LO","CO","ALBATE-CAMERLATA","13075","Como","CHIASSO-MILANO","260","100","16","560","112","540","30","0","92","20","0","2016","Fer","Invernale","0.907349887","45.777443385","POINT (9.07349887 45.777443385)"
"C_nov 2017","324","S01947","LO","PV","ARENA PO","18005","Arena Po","ALESS.-PIACENZA","10","10","2","30","18","0","30","0","0","18","0","2017","Fer","Invernale","9.360421355","45.082147008","POINT (9.360421355 45.082147008)"
"C_nov 2021","249","S01802","LO","MI","VILLAMAGGIORE","15115","Lacchiarella","MILANO-GENOVA","320","130","8","980","70","980","0","10","69","0","1","2021","Feriale","Invernale","9.190704857","45.320530164","POINT (9.190704857 45.320530164)"
"C_nov 2017","245","S01714","LO","BS","ROVATO","17166","Rovato","MILANO-VENEZIA","690","240","15","2190","102","0","1280","920","0","71","31","2017","Fer","Invernale","10.000952147","45.552008269","POINT (10.000952147 45.552008269)"
"C_Novembre2023","287","S01865","LO","PV","CORTEOLONA","18056","Corteolona","PAVIA-CASALPUST.","70","30","5","160","22","0","160","0","0","22","0","2023","Feriale","Invernale","9.375508787","45.159782769","POINT (9.375508787 45.159782769)"
"C_nov 2017","2.856","S01648","LO","MI","MILANO REPUBBLICA","15146","Milano","PASSANTE","1550","5130","39","14130","359","14130","0","0","359","0","0","2017","Fer","Invernale","9.198815201","45.480365497","POINT (9.198815201 45.480365497)"
"C_Novembre2023","2.745","S01744","LO","VA","Cocquio-Trevisago","12053","Cocquio-Trevisago","Varese Nord - Laveno Momb","180","30","6","420","40","0","180","250","0","23","17","2023","Feriale","Invernale","8.690075387","45.860132463","POINT (8.690075387 45.860132463)"
"C_nov 2021","172","S01458","LO","LC","MOLTENO","97051","Molteno","MONZA-LECCO","250","100","12","520","61","340","190","0","38","23","0","2021","Feriale","Invernale","9.301712216","45.781015442","POINT (9.301712216 45.781015442)"
"C_nov 2019","33","S00271","LO","PV","PALESTRO","18107","Palestro","VERCELLI-PAVIA","50","10","5","80","20","0","80","0","0","20","0","2019","Fer","Invernale","8.534545108","45.307350574","POINT (8.534545108 45.307350574)"
"C_nov 2017","217","S01600","LO","BG","VERDELLO DALMINE","16233","Verdello","BERGAMO-CREMONA","1690","330","17","3520","104","0","840","2680","0","52","52","2017","Fer","Invernale","0.961982632","45.605792605","POINT (9.61982632 45.605792605)"
"C_nov 2020","266","S01829","LO","LO","S.STEFANO LODIGIANO","98051","Santo Stefano Lodigiano","MILANO-BOLOGNA","10","10","4","40","36","0","40","0","0","36","0","2020","Feriale","Invernale","9.723640779","45.122172959","POINT (9.723640779 45.122172959)"
"C_nov 2017","130","S01326","LO","MI","MILANO GRECO PIRELLI","15146","Milano","CHIASSO-MILANO","1440","6390","55","15910","388","10730","5180","0","249","139","0","2017","Fer","Invernale","9.214496679","45.512803065","POINT (9.214496679 45.512803065)"
"C_nov 2017","2.737","S01769","LO","BS","Cedegolo","17047","Cedegolo","Breno - Edolo","50","10","4","70","17","0","50","30","0","4","13","2017","Fer","Invernale","10.350009092","46.072304074","POINT (10.350009092 46.072304074)"
"C_nov 2015","331","S02084","LO","BS","DESENZANO DEL GARDA-SIR.","17067","Desenzano del Garda","MILANO-VENEZIA","440","170","6","1350","34","0","40","1320","0","2","32","2015","Fer","Invernale","10.536345381","45.462760508","POINT (10.536345381 45.462760508)"
"C_Novembre2023","276","S01848","LO","MN","CANNETO SULL'OGLIO","20008","Canneto sull'Oglio","BRESCIA-PARMA","80","40","4","240","31","0","240","0","0","31","0","2023","Feriale","Invernale","10.371498908","45.150287495","POINT (10.371498908 45.150287495)"
"C_nov 2016","252","S01805","LO","PV","BRESSANA BOTTARONE","18023","Bressana Bottarone","MILANO-GENOVA","170","120","8","310","39","0","270","50","0","33","6","2016","Fer","Invernale","0.911063508","45.086379858","POINT (9.11063508 45.086379858)"
"C_nov 2016","2.735","S01136","LO","VA","Castellanza","12042","Castellanza","Saronno - Novara","770","190","10","1610","75","0","1610","0","0","75","0","2016","Fer","Invernale","8.875445238","45.610465237","POINT (8.875445238 45.610465237)"
"C_Novembre2023","47","S00405","LO","PV","LOMELLO","18083","Lomello","CAVA C.-TORREBER","40","30","4","150","24","0","150","0","0","24","0","2023","Feriale","Invernale","8.799151452","45.117357692","POINT (8.799151452 45.117357692)"
"C_nov 2020","192","S01503","LO","BG","CALUSCO","16046","Calusco d'Adda","SEREGNO-BERGAMO","70","20","5","250","40","0","250","0","0","40","0","2020","Feriale","Invernale","9.470679691","45.684190766","POINT (9.470679691 45.684190766)"
"C_nov 2015","2.821","S01739","LO","VA","Varese-Casbeno","12133","Varese","Varese Nord - Laveno Momb","350","580","8","1070","42","0","490","580","0","21","21","2015","Fer","Invernale","8.811558243","45.814897655","POINT (8.811558243 45.814897655)"
"C_nov 2020","85","S01041","LO","MI","CORBETTA-S.STEFANO TIC.","15200","Santo Stefano Ticino","TORINO-MILANO","170","90","8","530","69","530","0","0","69","0","0","2020","Feriale","Invernale","8.917496093","45.480908343","POINT (8.917496093 45.480908343)"
"C_nov 2021","2.808","S01770","LO","BS","Sellero","17176","Sellero","Breno - Edolo","0","0","1","0","2","0","0","0","0","2","0","2021","Feriale","Invernale","10.346597177","46.046262075","POINT (10.346597177 46.046262075)"
"C_nov 2016","197","S01513","LO","LC","CERNUSCO-MERATE","97020","Cernusco Lombardone","TIRANO-MILANO Mz-Lc","680","100","9","1470","72","1350","0","120","68","0","4","2016","Fer","Invernale","9.396827762","45.695177577","POINT (9.396827762 45.695177577)"
"C_nov 2019","2.824","S01734","LO","VA","Venegono Inferiore","12136","Venegono Inferiore","Saronno - Varese Nord","330","240","8","880","57","0","880","0","0","57","0","2019","Fer","Invernale","8.895091616","45.736654968","POINT (8.895091616 45.736654968)"
"C_Luglio2023","212","S01536","LO","BG","CHIUDUNO","16073","Chiuduno","LECCO-BRESCIA","30","20","4","110","34","0","110","0","0","34","0","2023","Feriale","estivo","9.846952911","45.650526953","POINT (9.846952911 45.650526953)"
"C_nov 2015","2.742","S01725","LO","VA","Cislago","12050","Cislago","Saronno - Varese Nord","490","70","8","1050","61","0","1050","0","0","61","0","2015","Fer","Invernale","8.977690608","4.566104502","POINT (8.977690608 45.66104502)"
"C_nov 2016","2.800","S01069","LO","MI","Milano Quarto Oggiaro","15146","Milano","Milano Nord Cadorna - Sar","870","500","18","3260","141","3260","0","0","141","0","0","2016","Fer","Invernale","9.145253109","45.519239088","POINT (9.145253109 45.519239088)"
"C_nov 2018","309","S01919","LO","CR","PIADENA","19071","Piadena","CODOGNO-MANTOVA","220","80","8","1010","72","0","490","530","0","52","20","2018","Fer","Invernale","10.369987543","45.127689005","POINT (10.369987543 45.127689005)"
"C_nov 2019","46","S00404","LO","PV","FERRERA LOMELLINA","18062","Ferrera Erbognone","CAVA C.-TORREBER","20","10","3","70","22","0","70","0","0","22","0","2019","Fer","Invernale","8.862842274","45.111893407","POINT (8.862842274 45.111893407)"
"C_nov 2017","2.782","S01642","LO","MI","MILANO NORD BOVISA","15146","Milano","Milano Nord Cadorna - Sar","5330","7190","96","28160","749","15100","9490","3580","369","240","140","2017","Fer","Invernale","9.158986972","4.550377781","POINT (9.158986972 45.50377781)"
"C_nov 2019","228","S01631","LO","MI","MILANO PORTA GENOVA","15146","Milano","MILANO-MORTARA-AL","120","2270","6","7050","46","0","7050","0","0","46","0","2019","Fer","Invernale","9.169330605","45.453458231","POINT (9.169330605 45.453458231)"
"C_nov 2017","37","S00275","LO","PV","TROMELLO","18164","Tromello","VERCELLI-PAVIA","50","10","4","150","28","0","150","0","0","28","0","2017","Fer","Invernale","8.872184279","45.212069548","POINT (8.872184279 45.212069548)"
"C_nov 2017","73","S01026","LO","VA","SESTO CALENDE","12120","Sesto Calende","DOMODOSSOLA-MILANO","530","170","9","1430","50","0","940","500","0","33","17","2017","Fer","Invernale","0.862816964","45.726314213","POINT (8.62816964 45.726314213)"
"C_Novembre2023","117","S01210","LO","VA","CAVARIA-OGGIONA IERAGO","12048","Cavaria con Premezzo","PORTO C.-GALLARATE","300","60","8","770","68","730","0","50","67","0","1","2023","Feriale","Invernale","0.880353632","45.698222542","POINT (8.80353632 45.698222542)"
"C_nov 2016","323","S01945","LO","PV","STRADELLA","18153","Stradella","ALESS.-PIACENZA","170","70","5","640","43","0","640","0","0","43","0","2016","Fer","Invernale","9.300895387","45.079551322","POINT (9.300895387 45.079551322)"
"C_nov 2021","264","S01827","LO","LO","CASALPUSTERLENGO","98010","Casalpusterlengo","MILANO-BOLOGNA","390","320","9","1480","61","0","1460","20","0","59","2","2021","Feriale","Invernale","9.653655261","45.182559249","POINT (9.653655261 45.182559249)"
"C_nov 2016","176","S01463","LO","LC","VALMADRERA","97083","Valmadrera","MONZA-LECCO","60","100","8","250","41","240","20","0","36","5","0","2016","Fer","Invernale","9.368215149","45.846520175","POINT (9.368215149 45.846520175)"
"C_nov 2021","311","S01921","LO","MN","MARCARIA","20031","Marcaria","CODOGNO-MANTOVA","30","10","4","60","27","0","30","30","0","7","20","2021","Feriale","Invernale","10.533674343","45.124599549","POINT (10.533674343 45.124599549)"
"C_nov 2016","91","S01064","LO","MI","CORSICO","15093","Corsico","MILANO-MORTARA-AL","210","90","8","720","70","710","10","0","69","1","0","2016","Fer","Invernale","9.105184247","45.434772406","POINT (9.105184247 45.434772406)"
"C_nov 2017","151","S01425","LO","SO","MORBEGNO","14045","Morbegno","TIRANO-MILANO Lc-So","600","250","8","1570","54","0","700","880","0","27","27","2017","Fer","Invernale","9.568674621","46.136732198","POINT (9.568674621 46.136732198)"
"C_nov 2017","2.791","S01793","LO","BS","Passirano","17136","Passirano","Brescia - Iseo","120","20","6","180","37","0","180","0","0","37","0","2017","Fer","Invernale","1.006368133","45.590113375","POINT (10.06368133 45.590113375)"
"C_nov 2020","125","S01318","LO","MI","SEREGNO","108039","Seregno","CHIASSO-MILANO","470","250","19","1500","149","1210","0","300","122","0","27","2020","Feriale","Invernale","9.202885996","45.646087713","POINT (9.202885996 45.646087713)"
"C_nov 2016","2.744","S01774","LO","BS","Cividate Malegno","17055","Cividate Camuno","Pisogne - Breno","20","10","2","60","19","0","60","0","0","19","0","2016","Fer","Invernale","10.268355766","45.943563723","POINT (10.268355766 45.943563723)"
"C_nov 2021","2.743","S01746","LO","VA","Cittiglio","12051","Cittiglio","Varese Nord - Laveno Momb","130","30","6","370","38","0","150","230","0","23","15","2021","Feriale","Invernale","8.667398533","45.892327453","POINT (8.667398533 45.892327453)"
"C_nov 2020","315","S01930","LO","PV","BRESSANA ARGINE","18023","Bressana Bottarone","PAVIA-STRADELLA","20","10","4","60","26","0","60","0","0","26","0","2020","Feriale","Invernale","9.137068363","45.072826093","POINT (9.137068363 45.072826093)"
"C_nov 2018","2.773","S01767","LO","BS","Malonno","17101","Malonno","Breno - Edolo","30","10","3","70","17","0","50","30","0","4","13","2018","Fer","Invernale","10.316784194","46.118514889","POINT (10.316784194 46.118514889)"
"C_nov 2015","132","S01401","LO","SO","S.CASSIANO VALCHIAVENNA","14054","Prata Camportaccio","CHIAVENNA-COLICO","80","10","3","150","30","0","150","0","0","30","0","2015","Fer","Invernale","0.093974465","4.627551067","POINT (9.3974465 46.27551067)"
"C_Luglio2023","2.770","S01727","LO","CO","Locate Varesino-Carbonate","13045","Carbonate","Saronno - Varese Nord","120","30","8","350","59","0","350","0","0","59","0","2023","Feriale","estivo","8.936075743","45.689931017","POINT (8.936075743 45.689931017)"
"C_nov 2015","2.805","S01784","LO","BS","Sale Marasino","17169","Sale Marasino","Iseo - Pisogne","90","20","5","210","35","0","160","60","0","22","13","2015","Fer","Invernale","10.111830104","4.571279216","POINT (10.111830104 45.71279216)"
"C_nov 2016","216","S01540","LO","BS","COCCAGLIO","17056","Coccaglio","LECCO-BRESCIA","130","40","6","270","36","0","270","0","0","36","0","2016","Fer","Invernale","9.977670318","45.561044402","POINT (9.977670318 45.561044402)"
"C_nov 2015","320","S01942","LO","PV","CASTEGGIO","18037","Casteggio","ALESS.-PIACENZA","10","10","1","70","15","0","70","0","0","15","0","2015","Fer","Invernale","9.124623708","4.501745237","POINT (9.124623708 45.01745237)"
"C_nov 2017","88","S01061","LO","PV","VIGEVANO","18177","Vigevano","MILANO-MORTARA-AL","1770","410","8","4360","46","0","4360","0","0","46","0","2017","Fer","Invernale","8.862008085","45.312797339","POINT (8.862008085 45.312797339)"
"C_nov 2019","2.767","S01094","LO","CO","Lambrugo-Lurago","13121","Lambrugo","Seveso - Asso","180","30","6","330","50","0","330","0","0","50","0","2019","Fer","Invernale","9.238491713","45.761639869","POINT (9.238491713 45.761639869)"
"C_nov 2016","246","S01716","LO","BS","OSPITALETTO TRAVAGLIATO","17127","Ospitaletto","MILANO-VENEZIA","130","50","8","360","58","0","360","0","0","58","0","2016","Fer","Invernale","10.074385735","45.546125054","POINT (10.074385735 45.546125054)"
"C_Luglio2023","231","S01645","LO","MI","MILANO PORTA GARIBALDI","15146","Milano","TORINO-MILANO","2200","7470","55","21400","395","10740","6860","3820","184","133","78","2023","Feriale","estivo","9.186422092","45.485345292","POINT (9.186422092 45.485345292)"
"C_Novembre2023","185","S01488","LO","MI","BESANA","108008","Besana in Brianza","MONZA-LECCO","210","90","6","630","40","630","0","0","40","0","0","2023","Feriale","Invernale","0.928291338","45.702901578","POINT (9.28291338 45.702901578)"
"C_nov 2020","231","S01645","LO","MI","MILANO PORTA GARIBALDI","15146","Milano","TORINO-MILANO","760","2350","53","7490","375","3980","2240","1280","181","129","65","2020","Feriale","Invernale","9.186422092","45.485345292","POINT (9.186422092 45.485345292)"
"C_nov 2020","186","S01489","LO","MI","RENATE VEDUGGIO","108037","Renate","MONZA-LECCO","40","20","6","140","38","140","0","0","38","0","0","2020","Feriale","Invernale","0.927986722","4.572838114","POINT (9.27986722 45.72838114)"
"C_nov 2019","145","S01415","LO","LC","MANDELLO DEL LARIO","97046","Mandello del Lario","TIRANO-MILANO Lc-So","280","60","3","690","31","0","490","200","0","25","6","2019","Fer","Invernale","9.322094648","45.915283559","POINT (9.322094648 45.915283559)"
"C_nov 2018","2.741","S01772","LO","BS","Ceto-Cerveno","17050","Ceto","Breno - Edolo","10","10","2","10","3","0","10","0","0","3","0","2018","Fer","Invernale","10.339003482","45.996851549","POINT (10.339003482 45.996851549)"
"C_nov 2020","112","S01204","LO","VA","INDUNO OLONA","12083","Induno Olona","PORTO C.-GALLARATE","90","30","11","260","95","180","0","90","61","0","34","2020","Feriale","Invernale","8.838391122","45.846513143","POINT (8.838391122 45.846513143)"
"C_Novembre2023","2.768","S01747","LO","VA","Laveno Mombello Nord","12087","Laveno-Mombello","Varese Nord - Laveno Momb","250","220","6","1080","40","0","640","450","0","23","17","2023","Feriale","Invernale","8.619246466","45.907983681","POINT (8.619246466 45.907983681)"
"C_nov 2021","2.818","S01753","LO","MI","Vanzaghello","15249","Vanzaghello","Saronno - Novara","350","70","6","710","34","0","710","0","0","34","0","2021","Feriale","Invernale","8.787492635","4.557757515","POINT (8.787492635 45.57757515)"
"C_nov 2021","219","S01602","LO","BG","CARAVAGGIO","16053","Caravaggio","BERGAMO-CREMONA","90","50","5","270","35","0","270","0","0","35","0","2021","Feriale","Invernale","9.637752922","45.491237226","POINT (9.637752922 45.491237226)"
"C_nov 2017","134","S01403","LO","SO","NOVATE MEZZOLA","14046","Novate Mezzola","CHIAVENNA-COLICO","70","10","4","180","32","0","180","0","0","32","0","2017","Fer","Invernale","9.446610911","46.216667852","POINT (9.446610911 46.216667852)"
"C_nov 2022","272","S01844","LO","BS","VISANO","17203","Visano","BRESCIA-PARMA","30","40","4","80","25","0","80","0","0","25","0","2022","Feriale","Invernale","10.363129196","45.315389802","POINT (10.363129196 45.315389802)"
"C_nov 2019","263","S01826","LO","LO","SECUGNAGO","98052","Secugnago","MILANO-BOLOGNA","180","50","6","460","40","0","460","10","0","39","1","2019","Fer","Invernale","9.586872164","4.522332986","POINT (9.586872164 45.22332986)"
"C_nov 2019","2.754","S01096","LO","CO","Erba","13095","Erba","Seveso - Asso","420","440","6","1430","50","0","1430","0","0","50","0","2019","Fer","Invernale","9.230305963","45.813198114","POINT (9.230305963 45.813198114)"
"C_nov 2021","2.800","S01069","LO","MI","Milano Quarto Oggiaro","15146","Milano","Milano Nord Cadorna - Sar","440","300","14","2350","114","2350","0","0","114","0","0","2021","Feriale","Invernale","9.145253109","45.519239088","POINT (9.145253109 45.519239088)"
"C_nov 2015","86","S01042","LO","MI","VITTUONE-ARLUNO","15243","Vittuone","TORINO-MILANO","790","200","8","2000","74","2000","0","0","74","0","0","2015","Fer","Invernale","8.947336756","45.491137732","POINT (8.947336756 45.491137732)"
"C_nov 2019","152","S01426","LO","SO","TALAMONA","14063","Talamona","TIRANO-MILANO Lc-So","90","20","4","110","17","0","110","0","0","17","0","2019","Fer","Invernale","0.959956252","46.139593883","POINT (9.59956252 46.139593883)"
"C_nov 2015","322","S01944","LO","PV","BRONI","18024","Broni","ALESS.-PIACENZA","120","30","5","460","43","0","460","0","0","43","0","2015","Fer","Invernale","9.258788494","45.066345425","POINT (9.258788494 45.066345425)"
"C_nov 2022","2.795","S01014","LO","BS","Pisogne","17143","Pisogne","Iseo - Pisogne","160","40","4","280","18","0","180","100","0","12","6","2022","Feriale","Invernale","10.105622584","45.806591032","POINT (10.105622584 45.806591032)"
"C_Novembre2023","2.760","S01743","LO","VA","Gavirate-Verbano","12072","Gavirate","Varese Nord - Laveno Momb","30","170","3","140","7","0","120","20","0","5","2","2023","Feriale","Invernale","8.706523665","45.851178857","POINT (8.706523665 45.851178857)"
"C_nov 2019","140","S01409","LO","LC","BELLANO-TARTAVALLE TERME","97008","Bellano","TIRANO-MILANO Lc-So","230","90","7","560","54","0","180","380","0","25","29","2019","Fer","Invernale","9.302811247","4.603952264","POINT (9.302811247 46.03952264)"
"C_Luglio2023","2.731","S01758","LO","CO","Caslino al Piano","13036","Cadorago","Saronno - Como","130","30","8","340","64","0","330","10","0","63","1","2023","Feriale","estivo","9.040174552","45.711047814","POINT (9.040174552 45.711047814)"
"C_nov 2017","162","S01438","LO","SO","BIANZONE","14008","Bianzone","TIRANO-MILANO So-Tir","10","10","1","20","8","0","20","0","0","8","0","2017","Fer","Invernale","1.011252885","46.179456527","POINT (10.11252885 46.179456527)"
"C_Luglio2023","199","S01515","LO","LC","AIRUNO","97002","Airuno","TIRANO-MILANO Mz-Lc","160","50","8","730","68","730","0","0","68","0","0","2023","Feriale","estivo","9.422096968","45.754167715","POINT (9.422096968 45.754167715)"
"C_Luglio2023","193","S01504","LO","BG","TERNO","16213","Terno d'Isola","SEREGNO-BERGAMO","120","60","5","540","39","0","540","0","0","39","0","2023","Feriale","estivo","9.536197341","45.688730968","POINT (9.536197341 45.688730968)"
"C_nov 2019","128","S01322","LO","MI","MONZA","108033","Monza","CHIASSO-MILANO","5480","3670","52","21930","356","14600","2470","4870","250","46","60","2019","Fer","Invernale","9.273281444","45.577867268","POINT (9.273281444 45.577867268)"
"C_nov 2017","4","S00032","PI","NO","BORGO LAVEZZARO","3023","Borgolavezzaro","NOVARA-MORTARA","70","10","3","80","10","0","80","0","0","10","0","2017","Fer","Invernale","8.703316141","0.453188806","POINT (8.703316141 45.3188806)"
"C_nov 2022","251","S01804","LO","PV","S.MARTINO-CAVA","18041","Cava Manara","MILANO-GENOVA","110","20","5","220","30","0","190","40","0","26","4","2022","Feriale","Invernale","9.115360868","4.514494907","POINT (9.115360868 45.14494907)"
"C_nov 2022","204","S01525","LO","BG","CISANO-CAPRINO BERGAM.","16074","Cisano Bergamasco","LECCO-BRESCIA","150","40","4","480","32","0","480","0","0","32","0","2022","Feriale","Invernale","9.474295043","45.739683366","POINT (9.474295043 45.739683366)"
"C_nov 2021","238","S01707","LO","MI","CASSANO D'ADDA","15059","Cassano d'Adda","MILANO-VENEZIA","310","90","16","780","95","780","10","0","92","2","1","2021","Feriale","Invernale","9.512780391","0.455144503","POINT (9.512780391 45.5144503)"
"C_nov 2017","2.865","S01624","LO","MI","SAN DONATO MILANESE","15192","San Donato Milanese","MILANO-BOLOGNA","90","400","9","780","78","780","0","0","78","0","0","2017","Fer","Invernale","9.253900071","45.417940908","POINT (9.253900071 45.417940908)"
"C_nov 2018","118","S01301","LO","CO","CHIASSO","13075","Como","CHIASSO-MILANO","640","1040","16","3680","135","1220","0","2470","111","0","24","2018","Fer","Invernale","9.031333374","4.583194478","POINT (9.031333374 45.83194478)"
"C_nov 2021","298","S01904","LO","CR","ROBECCO-PONTEVICO","19085","Robecco d'Oglio","BRESCIA-CREMONA","30","10","3","60","28","0","60","0","0","28","0","2021","Feriale","Invernale","10.078618004","45.266299802","POINT (10.078618004 45.266299802)"
"C_nov 2015","5.839","S01058","LO","MI","PREGNANA MIL.","15179","Pregnana Milanese","TORINO-MILANO","300","70","8","730","73","730","0","0","73","0","0","2015","Fer","Invernale","8.983574748","45.503547665","POINT (8.983574748 45.503547665)"
"C_nov 2019","5","S00033","LO","PV","ALBONESE","18003","Albonese","NOVARA-MORTARA","40","0","3","40","10","0","40","0","0","10","0","2019","Fer","Invernale","8.714636963","45.297869975","POINT (8.714636963 45.297869975)"
"C_nov 2015","5.854","S01109","LO","MI","Cormano-Cusano Milanino","15098","Cusano Milanino","Milano Nord Bovisa - Seve","1210","230","16","2800","131","2800","0","0","131","0","0","2015","Fer","Invernale","9.173714792","45.545195079","POINT (9.173714792 45.545195079)"
"C_nov 2020","117","S01210","LO","VA","CAVARIA-OGGIONA IERAGO","12048","Cavaria con Premezzo","PORTO C.-GALLARATE","50","40","8","210","63","210","0","10","62","0","1","2020","Feriale","Invernale","0.880353632","45.698222542","POINT (8.80353632 45.698222542)"
"C_Luglio2023","251","S01804","LO","PV","S.MARTINO-CAVA","18041","Cava Manara","MILANO-GENOVA","70","10","5","170","30","0","140","40","0","26","4","2023","Feriale","estivo","9.115360868","4.514494907","POINT (9.115360868 45.14494907)"
"C_nov 2022","2.787","S01070","LO","MI","Novate Milanese","15157","Novate Milanese","Milano Nord Cadorna - Sar","1000","390","14","3520","122","3520","0","0","122","0","0","2022","Feriale","Invernale","9.132723827","45.533079873","POINT (9.132723827 45.533079873)"
"C_nov 2020","227","S01630","LO","MI","MILANO S. CRISTOFORO","15146","Milano","MILANO-MORTARA-AL","150","280","12","930","98","410","520","0","55","43","0","2020","Feriale","Invernale","9.130288258","45.442478529","POINT (9.130288258 45.442478529)"
"C_Luglio2023","2.735","S01136","LO","VA","Castellanza","12042","Castellanza","Saronno - Novara","560","110","12","1160","78","0","1160","0","0","78","0","2023","Feriale","estivo","8.875445238","45.610465237","POINT (8.875445238 45.610465237)"
"C_nov 2015","2.727","S01099","LO","CO","Canzo","13042","Canzo","Seveso - Asso","160","40","8","320","49","0","320","0","0","49","0","2015","FER","Invernale","0.927022843","45.849100359","POINT (9.27022843 45.849100359)"
"C_nov 2016","195","S01511","LO","MI","CARNATE USMATE","108016","Carnate","TIRANO-MILANO Mz-Lc","2390","510","26","4730","153","2140","2270","330","70","77","6","2016","Fer","Invernale","9.375117342","45.653149706","POINT (9.375117342 45.653149706)"
"C_nov 2018","201","S01522","LO","LC","LECCO MAGGIANICO","97042","Lecco","TIRANO-MILANO Mz-Lc","100","60","8","540","68","540","0","0","68","0","0","2018","Fer","Invernale","0.000941172","45.831255298","POINT (9.41172 45.831255298)"
"C_Novembre2023","227","S01630","LO","MI","MILANO S. CRISTOFORO","15146","Milano","MILANO-MORTARA-AL","470","660","13","2620","110","1750","870","0","64","46","0","2023","Feriale","Invernale","9.130288258","45.442478529","POINT (9.130288258 45.442478529)"
"C_Novembre2023","176","S01463","LO","LC","VALMADRERA","97083","Valmadrera","MONZA-LECCO","80","130","8","350","41","320","40","0","36","5","0","2023","Feriale","Invernale","9.368215149","45.846520175","POINT (9.368215149 45.846520175)"
"C_nov 2020","5.836","S01608","LO","BG","ARCENE","16011","Arcene","BERGAMO-CREMONA","50","30","8","120","38","0","120","0","0","37","1","2020","Feriale","Invernale","9.606556547","45.577555908","POINT (9.606556547 45.577555908)"
"C_nov 2020","147","S01417","LO","SO","PRATA-CAMPORTACCIO","14054","Prata Camportaccio","CHIAVENNA-COLICO","10","0","3","30","29","0","30","0","0","29","0","2020","Feriale","Invernale","9.396817599","46.307723227","POINT (9.396817599 46.307723227)"
"C_nov 2017","218","S01601","LO","BG","TREVIGLIO OVEST","16219","Treviglio","BERGAMO-CREMONA","330","100","10","680","62","0","550","140","0","52","10","2017","Fer","Invernale","0.958031324","45.521845567","POINT (9.58031324 45.521845567)"
"C_nov 2016","85","S01041","LO","MI","CORBETTA-S.STEFANO TIC.","15200","Santo Stefano Ticino","TORINO-MILANO","620","170","8","1600","74","1600","0","0","74","0","0","2016","Fer","Invernale","8.917496093","45.480908343","POINT (8.917496093 45.480908343)"
"C_nov 2021","161","S01437","LO","SO","TRESENDA-APRICA-TEGLIO","14065","Teglio","TIRANO-MILANO So-Tir","40","10","2","100","26","0","10","90","0","4","22","2021","Feriale","Invernale","10.083777059","46.162155619","POINT (10.083777059 46.162155619)"
"C_nov 2015","2.862","S01650","LO","MI","MILANO DATEO","15146","Milano","PASSANTE","860","1720","38","5770","356","5770","0","0","356","0","0","2015","Fer","Invernale","9.217309375","45.467669611","POINT (9.217309375 45.467669611)"
"C_Novembre2023","172","S01458","LO","LC","MOLTENO","97051","Molteno","MONZA-LECCO","330","90","12","720","61","370","360","0","38","23","0","2023","Feriale","Invernale","9.301712216","45.781015442","POINT (9.301712216 45.781015442)"
"C_Luglio2023","315","S01930","LO","PV","BRESSANA ARGINE","18023","Bressana Bottarone","PAVIA-STRADELLA","30","20","4","110","26","0","110","0","0","26","0","2023","Feriale","estivo","9.137068363","45.072826093","POINT (9.137068363 45.072826093)"
"C_nov 2021","236","S01705","LO","MI","MELZO","15142","Melzo","MILANO-VENEZIA","590","240","16","1660","95","1640","10","10","92","2","1","2021","Feriale","Invernale","9.433304033","4.550454073","POINT (9.433304033 45.50454073)"
"C_nov 2022","194","S01510","LO","MI","ARCORE","108004","Arcore","TIRANO-MILANO Mz-Lc","1210","340","14","3400","109","2190","1220","0","69","40","0","2022","Feriale","Invernale","9.322824319","45.623570636","POINT (9.322824319 45.623570636)"
"C_Luglio2023","2.789","S01082","LO","MI","Paderno Dugnano","15166","Paderno Dugnano","Milano Nord Bovisa - Seve","780","310","16","2280","133","2280","0","0","133","0","0","2023","Feriale","estivo","9.161231422","45.564852006","POINT (9.161231422 45.564852006)"
"C_nov 2016","5.837","S01611","LO","BG","LEVATE","16126","Levate","BERGAMO-CREMONA","110","30","8","290","53","0","290","0","0","52","1","2016","Fer","Invernale","0.962785005","45.622899995","POINT (9.62785005 45.622899995)"
"C_Luglio2023","167","S01452","LO","CO","BRENNA-ALZATE","13029","Brenna","ALBATE-MOLTENO","20","10","4","30","22","0","30","0","0","22","0","2023","Feriale","estivo","9.183346262","4.575412075","POINT (9.183346262 45.75412075)"
"C_nov 2018","268","S01840","LO","BS","MONTIRONE","17114","Montirone","BRESCIA-PARMA","30","10","4","70","24","0","70","0","0","24","0","2018","Fer","Invernale","10.239507594","45.451430581","POINT (10.239507594 45.451430581)"
"C_nov 2018","221","S01604","LO","CR","CASALETTO VAPRIO","19020","Casaletto Vaprio","BERGAMO-CREMONA","100","20","4","220","35","0","220","0","0","35","0","2018","Fer","Invernale","9.631769572","45.408725407","POINT (9.631769572 45.408725407)"
"C_nov 2021","263","S01826","LO","LO","SECUGNAGO","98052","Secugnago","MILANO-BOLOGNA","120","30","7","300","37","0","300","0","0","36","1","2021","Feriale","Invernale","9.586872164","4.522332986","POINT (9.586872164 45.22332986)"
"C_nov 2021","149","S01422","LO","SO","DELEBIO","14026","Delebio","TIRANO-MILANO Lc-So","80","30","3","260","20","0","260","0","0","20","0","2021","Feriale","Invernale","9.461205764","46.138723845","POINT (9.461205764 46.138723845)"
"C_Novembre2023","2.979","S01530","LO","BG","Bergamo Ospedale","16024","Bergamo","LECCO-BRESCIA","40","50","4","290","40","0","290","0","0","40","0","2023","Feriale","Invernale","9.638900819","45.688275861","POINT (9.638900819 45.688275861)"
"C_nov 2016","130","S01326","LO","MI","MILANO GRECO PIRELLI","15146","Milano","CHIASSO-MILANO","1560","6220","55","16130","386","10830","5310","0","247","139","0","2016","Fer","Invernale","9.214496679","45.512803065","POINT (9.214496679 45.512803065)"
"C_nov 2021","48","S00406","LO","PV","MEDE","18088","Mede","CAVA C.-TORREBER","50","10","4","150","24","0","150","0","0","24","0","2021","Feriale","Invernale","8.742632705","45.095095656","POINT (8.742632705 45.095095656)"
"C_nov 2016","132","S01401","LO","SO","S.CASSIANO VALCHIAVENNA","14054","Prata Camportaccio","CHIAVENNA-COLICO","10","10","3","10","21","0","10","0","0","21","0","2016","Fer","Invernale","0.093974465","4.627551067","POINT (9.3974465 46.27551067)"
"C_Novembre2023","5.842","S01039","LO","MI","RHO FIERA MILANO","15182","Rho","TORINO-MILANO","1130","2220","35","7240","255","4870","490","1890","164","37","54","2023","Feriale","Invernale","9.088380294","4.552123731","POINT (9.088380294 45.52123731)"
"C_nov 2022","2.810","S01073","LO","MI","Garbagnate Parco Groane","15105","Garbagnate Milanese","Milano Nord Cadorna - Sar","450","120","14","1190","122","1190","0","0","122","0","0","2022","Feriale","Invernale","9.091157698","45.571158456","POINT (9.091157698 45.571158456)"
"C_nov 2020","138","S01407","LO","LC","DORIO","97032","Dorio","TIRANO-MILANO Lc-So","0","0","2","10","24","0","10","10","0","23","1","2020","Feriale","Invernale","9.319096567","46.102830519","POINT (9.319096567 46.102830519)"
"C_Novembre2023","224","S01607","LO","CR","SORESINA","19098","Soresina","BERGAMO-CREMONA","110","40","5","400","36","0","400","0","0","36","0","2023","Feriale","Invernale","9.856662219","45.283167819","POINT (9.856662219 45.283167819)"
"C_nov 2019","2.815","S01729","LO","VA","Tradate","12127","Tradate","Saronno - Varese Nord","1150","470","13","2870","78","0","1880","990","0","57","21","2019","Fer","Invernale","8.906902965","45.710305004","POINT (8.906902965 45.710305004)"
"C_nov 2020","135","S01404","LO","SO","VERCEIA","14075","Verceia","CHIAVENNA-COLICO","10","0","3","30","29","0","30","0","0","29","0","2020","Feriale","Invernale","9.458448611","46.202905061","POINT (9.458448611 46.202905061)"
"C_nov 2020","161","S01437","LO","SO","TRESENDA-APRICA-TEGLIO","14065","Teglio","TIRANO-MILANO So-Tir","10","10","2","30","26","0","10","30","0","4","22","2020","Feriale","Invernale","10.083777059","46.162155619","POINT (10.083777059 46.162155619)"
"C_nov 2019","234","S01703","LO","MI","PIOLTELLO-LIMITO","15175","Pioltello","MILANO-VENEZIA","2010","1290","35","7020","257","4000","730","2300","145","29","83","2019","Fer","Invernale","9.329349311","45.485909836","POINT (9.329349311 45.485909836)"
"C_nov 2021","239","S01708","LO","BG","TREVIGLIO","16219","Treviglio","MILANO-VENEZIA","2170","1280","41","6900","244","1980","3390","1530","92","115","37","2021","Feriale","Invernale","9.587945358","45.515141265","POINT (9.587945358 45.515141265)"
"C_Luglio2023","11","S00041","PI","AL","VALENZA","6177","Valenza","CHIVASSO-ALESSANDRIA","80","30","5","210","32","0","210","0","0","32","0","2023","Feriale","estivo","8.625966209","4.502351446","POINT (8.625966209 45.02351446)"
"C_nov 2018","2.799","S01787","LO","BS","Provaglio-Timoline","17156","Provaglio d'Iseo","Brescia - Iseo","30","30","5","100","42","0","100","0","0","42","0","2018","Fer","Invernale","10.035246585","45.635075228","POINT (10.035246585 45.635075228)"
"C_nov 2015","39","S00277","LO","PV","GROPELLO CAIROLI","18076","Gropello Cairoli","VERCELLI-PAVIA","100","10","4","160","28","0","160","0","0","28","0","2015","Fer","Invernale","8.991656466","4.517318205","POINT (8.991656466 45.17318205)"
"C_nov 2020","199","S01515","LO","LC","AIRUNO","97002","Airuno","TIRANO-MILANO Mz-Lc","50","20","8","190","66","190","0","0","66","0","0","2020","Feriale","Invernale","9.422096968","45.754167715","POINT (9.422096968 45.754167715)"
"C_nov 2015","5.853","S01798","LO","MI","Cesano M. Groane","108019","Cesano Maderno","Saronno - Seregno","140","50","8","340","68","340","0","0","68","0","0","2015","Fer","Invernale","0.912631598","45.630249423","POINT (9.12631598 45.630249423)"
"C_nov 2022","88","S01061","LO","PV","VIGEVANO","18177","Vigevano","MILANO-MORTARA-AL","1280","440","8","3970","48","0","3970","0","0","48","0","2022","Feriale","Invernale","8.862008085","45.312797339","POINT (8.862008085 45.312797339)"
"C_nov 2021","2.854","S00023","PI","NO","Novara FN","3106","Novara","Saronno - Novara","150","500","6","960","34","0","960","0","0","34","0","2021","Feriale","Invernale","8.627061488","45.452334846","POINT (8.627061488 45.452334846)"
"C_Luglio2023","234","S01703","LO","MI","PIOLTELLO-LIMITO","15175","Pioltello","MILANO-VENEZIA","1270","760","35","5990","252","3060","470","2470","135","29","88","2023","Feriale","estivo","9.329349311","45.485909836","POINT (9.329349311 45.485909836)"
"C_nov 2016","172","S01458","LO","LC","MOLTENO","97051","Molteno","MONZA-LECCO","310","80","10","710","56","430","280","0","36","20","0","2016","Fer","Invernale","9.301712216","45.781015442","POINT (9.301712216 45.781015442)"
"C_nov 2017","309","S01911","LO","CR","PIADENA","19071","Piadena","CODOGNO-MANTOVA","0","0","0","0","1","0","0","0","0","1","0","2017","Fer","Invernale","10.369987543","45.127689005","POINT (10.369987543 45.127689005)"
"C_nov 2018","136","S01405","LO","SO","DUBINO","14027","Dubino","CHIAVENNA-COLICO","70","10","3","110","30","0","110","0","0","30","0","2018","Fer","Invernale","0.943221491","4.617287979","POINT (9.43221491 46.17287979)"
"C_Luglio2023","255","S01809","PI","AL","PONTECURONE","6132","Pontecurone","MILANO-GENOVA","30","10","2","50","7","0","0","50","0","0","7","2023","Feriale","estivo","8.929891639","4.496201105","POINT (8.929891639 44.96201105)"
"C_nov 2020","2.787","S01070","LO","MI","Novate Milanese","15157","Novate Milanese","Milano Nord Cadorna - Sar","360","210","12","1170","78","1170","0","0","78","0","0","2020","Feriale","Invernale","9.132723827","45.533079873","POINT (9.132723827 45.533079873)"
"C_nov 2018","33","S00271","LO","PV","PALESTRO","18107","Palestro","VERCELLI-PAVIA","50","10","5","90","28","0","90","0","0","28","0","2018","Fer","Invernale","8.534545108","45.307350574","POINT (8.534545108 45.307350574)"
"C_nov 2020","205","S01526","LO","BG","PONTIDA","16171","Pontida","LECCO-BRESCIA","20","10","4","70","31","0","70","0","0","31","0","2020","Feriale","Invernale","9.511662206","45.730161398","POINT (9.511662206 45.730161398)"
"C_Luglio2023","282","S01860","LO","PV","PAVIA","18110","Pavia","MILANO-GENOVA","1560","1220","30","6760","187","2770","2030","1970","70","88","29","2023","Feriale","estivo","9.144713646","45.188924433","POINT (9.144713646 45.188924433)"
"C_nov 2016","2.813","S01785","LO","BS","Sulzano","17182","Sulzano","Iseo - Pisogne","80","10","5","150","34","0","110","50","0","21","13","2016","Fer","Invernale","10.100657593","45.689468948","POINT (10.100657593 45.689468948)"
"C_nov 2020","2.753","S01002","LO","BS","Edolo","17068","Edolo","Breno - Edolo","10","60","3","60","17","0","10","60","0","4","13","2020","Feriale","Invernale","1.033206974","46.176686703","POINT (10.33206974 46.176686703)"
"C_nov 2015","2.709","S01092","LO","CO","Arosio","13012","Arosio","Seveso - Asso","260","50","8","550","52","0","550","0","0","52","0","2015","Fer","Invernale","9.210246869","4.571835634","POINT (9.210246869 45.71835634)"
"C_nov 2020","119","S01307","LO","CO","COMO S.GIOVANNI","13075","Como","CHIASSO-MILANO","270","260","23","1040","168","690","30","340","128","13","27","2020","Feriale","Invernale","9.072359552","45.809022727","POINT (9.072359552 45.809022727)"
"C_nov 2015","2.793","S01780","LO","BS","Piancamuno-Gratacasolo","17142","Pian Camuno","Pisogne - Breno","20","10","4","50","20","0","50","0","0","20","0","2015","Fer","Invernale","10.138337016","45.839909876","POINT (10.138337016 45.839909876)"
"C_nov 2018","2.776","S01783","LO","BS","Marone-Zone","17106","Marone","Iseo - Pisogne","90","30","4","250","34","0","200","50","0","21","13","2018","Fer","Invernale","10.093296727","45.738197328","POINT (10.093296727 45.738197328)"
"C_nov 2017","310","S01920","LO","MN","BOZZOLO","20007","Bozzolo","CODOGNO-MANTOVA","70","20","3","190","23","0","90","100","0","17","6","2017","Fer","Invernale","10.472685666","45.107331585","POINT (10.472685666 45.107331585)"
"C_nov 2020","2.763","S01762","LO","CO","Grandate-Breccia","13110","Grandate","Saronno - Como","80","70","9","330","56","0","320","20","0","54","2","2020","Feriale","Invernale","0.009055656","45.781300073","POINT (9.055656 45.781300073)"
"C_nov 2019","2.744","S01774","LO","BS","Cividate Malegno","17055","Cividate Camuno","Pisogne - Breno","20","10","2","60","19","0","60","0","0","19","0","2019","Fer","Invernale","10.268355766","45.943563723","POINT (10.268355766 45.943563723)"
"C_nov 2020","288","S01866","LO","PV","S.CRISTINA E BISSONE","18139","Santa Cristina e Bissone","PAVIA-CASALPUST.","10","0","4","20","20","0","20","0","0","20","0","2020","Feriale","Invernale","9.401036576","45.160614144","POINT (9.401036576 45.160614144)"
"C_nov 2018","71","S01020","PI","NO","ARONA","3008","Arona","DOMODOSSOLA-MILANO","470","220","7","1620","50","0","940","690","0","33","17","2018","Fer","Invernale","8.559107617","4.575531295","POINT (8.559107617 45.75531295)"
"C_nov 2020","2.768","S01747","LO","VA","Laveno Mombello Nord","12087","Laveno-Mombello","Varese Nord - Laveno Momb","50","40","6","170","37","0","110","70","0","23","14","2020","Feriale","Invernale","8.619246466","45.907983681","POINT (8.619246466 45.907983681)"
"C_nov 2016","302","S01912","LO","CR","PONTE D'ADDA","19076","Pizzighettone","CODOGNO-MANTOVA","340","50","6","570","43","0","80","500","0","22","21","2016","Fer","Invernale","9.790770435","45.184437624","POINT (9.790770435 45.184437624)"
"C_nov 2015","98","S01121","LO","VA","ISPRA","12084","Ispra","LAVENO-OLEGGIO","10","0","3","20","8","0","20","0","0","8","0","2015","FER","Invernale","8.621373114","45.811649516","POINT (8.621373114 45.811649516)"
"C_Luglio2023","257","S01820","LO","MI","MILANO ROGOREDO","15146","Milano","MILANO-BOLOGNA","1710","3860","43","11980","316","7140","2600","2240","198","64","54","2023","Feriale","estivo","9.238727378","4.543484983","POINT (9.238727378 45.43484983)"
"C_nov 2015","249","S01802","LO","MI","VILLAMAGGIORE","15115","Lacchiarella","MILANO-GENOVA","610","100","7","1250","74","1250","0","10","71","0","3","2015","FER","Invernale","9.190704857","45.320530164","POINT (9.190704857 45.320530164)"
"C_Novembre2023","273","S01845","LO","BS","REMEDELLO SOPRA","17160","Remedello","BRESCIA-PARMA","60","160","4","280","32","0","280","0","0","32","0","2023","Feriale","Invernale","10.379240842","45.278565103","POINT (10.379240842 45.278565103)"
"C_nov 2017","5.837","S01611","LO","BG","LEVATE","16126","Levate","BERGAMO-CREMONA","130","30","8","270","53","0","270","0","0","52","1","2017","Fer","Invernale","0.962785005","45.622899995","POINT (9.62785005 45.622899995)"
"C_nov 2022","222","S01605","LO","CR","CREMA","19035","Crema","BERGAMO-CREMONA","140","240","5","920","36","0","920","0","0","36","0","2022","Feriale","Invernale","9.694241457","45.366939013","POINT (9.694241457 45.366939013)"
"C_nov 2017","118","S01301","LO","CO","CHIASSO","13075","Como","CHIASSO-MILANO","410","990","16","2640","106","1290","0","1350","88","0","18","2017","Fer","Invernale","9.031333374","4.583194478","POINT (9.031333374 45.83194478)"
"C_Luglio2023","2.791","S01793","LO","BS","Passirano","17136","Passirano","Brescia - Iseo","60","10","6","320","36","0","320","0","0","36","0","2023","Feriale","estivo","1.006368133","45.590113375","POINT (10.06368133 45.590113375)"
"C_Luglio2023","228","S01631","LO","MI","MILANO PORTA GENOVA","15146","Milano","MILANO-MORTARA-AL","160","1910","6","4700","46","0","4700","0","0","46","0","2023","Feriale","estivo","9.169330605","45.453458231","POINT (9.169330605 45.453458231)"
"C_nov 2018","2.720","S01789","LO","BS","Bornato Calino","17046","Cazzago San Martino","Brescia - Iseo","170","50","11","300","56","0","270","30","0","53","3","2018","Fer","Invernale","10.033113278","45.590424717","POINT (10.033113278 45.590424717)"
"C_Luglio2023","2.766","S01021","LO","BS","Iseo","17085","Iseo","Brescia - Iseo","70","110","6","700","49","0","510","200","0","38","11","2023","Feriale","estivo","10.050103236","45.656525986","POINT (10.050103236 45.656525986)"
"C_nov 2018","315","S01930","LO","PV","BRESSANA ARGINE","18023","Bressana Bottarone","PAVIA-STRADELLA","90","20","5","200","28","0","200","0","0","28","0","2018","Fer","Invernale","9.137068363","45.072826093","POINT (9.137068363 45.072826093)"
"C_nov 2019","2.741","S01772","LO","BS","Ceto-Cerveno","17050","Ceto","Breno - Edolo","10","0","2","10","3","0","10","0","0","3","0","2019","Fer","Invernale","10.339003482","45.996851549","POINT (10.339003482 45.996851549)"
"C_Luglio2023","206","S01527","LO","BG","AMBIVERE-MAPELLO","16009","Ambivere","LECCO-BRESCIA","70","30","4","240","32","0","240","0","0","32","0","2023","Feriale","estivo","9.550472449","45.722244877","POINT (9.550472449 45.722244877)"
"C_nov 2021","257","S01820","LO","MI","MILANO ROGOREDO","15146","Milano","MILANO-BOLOGNA","2110","3300","43","11840","292","5900","3340","2610","176","64","52","2021","Feriale","Invernale","9.238727378","4.543484983","POINT (9.238727378 45.43484983)"
"C_nov 2020","195","S01511","LO","MI","CARNATE USMATE","108016","Carnate","TIRANO-MILANO Mz-Lc","290","120","18","1130","113","680","410","60","68","40","5","2020","Feriale","Invernale","9.375117342","45.653149706","POINT (9.375117342 45.653149706)"
"C_Luglio2023","111","S01203","LO","VA","ARCISATE","12004","Arcisate","PORTO C.-GALLARATE","170","80","9","690","77","320","0","380","43","0","34","2023","Feriale","estivo","8.862448264","4.585865032","POINT (8.862448264 45.85865032)"
"C_nov 2020","156","S01430","LO","SO","SONDRIO","14061","Sondrio","TIRANO-MILANO Lc-So","60","120","6","430","51","0","180","250","0","24","27","2020","Feriale","Invernale","0.987296139","46.167141595","POINT (9.87296139 46.167141595)"
"C_nov 2020","124","S01316","LO","MI","CAMNAGO-LENTATE","108054","Lentate sul Seveso","CHIASSO-MILANO","160","110","16","720","134","720","0","0","134","0","0","2020","Feriale","Invernale","9.133490346","45.668502905","POINT (9.133490346 45.668502905)"
"C_nov 2015","5.841","S01104","LO","MI","PIEVE EMANUELE","15173","Pieve Emanuele","MILANO-GENOVA","540","100","7","1330","71","1330","0","0","71","0","0","2015","Fer","Invernale","9.204837997","45.341109745","POINT (9.204837997 45.341109745)"
"C_nov 2018","2.804","S01755","LO","CO","Rovello Porro","13202","Rovello Porro","Saronno - Como","360","60","8","830","61","0","820","10","0","60","1","2018","Fer","Invernale","9.036261914","45.651408852","POINT (9.036261914 45.651408852)"
"C_nov 2019","2.813","S01785","LO","BS","Sulzano","17182","Sulzano","Iseo - Pisogne","60","10","5","150","34","0","100","50","0","21","13","2019","Fer","Invernale","10.100657593","45.689468948","POINT (10.100657593 45.689468948)"
"C_nov 2017","2.807","S01077","LO","VA","Saronno Sud","12119","Saronno","Milano Nord Cadorna - Sar","410","190","24","1140","207","1140","0","0","207","0","0","2017","Fer","Invernale","9.045593579","45.611839478","POINT (9.045593579 45.611839478)"
"C_nov 2020","2.794","S01786","LO","BS","Pilzone","17085","Iseo","Iseo - Pisogne","10","0","3","10","18","0","10","0","0","18","0","2020","Feriale","Invernale","10.079163075","45.674416503","POINT (10.079163075 45.674416503)"
"C_nov 2018","2.719","S01788","LO","BS","Borgonato Adro","17062","Corte Franca","Brescia - Iseo","60","20","6","90","42","0","90","0","0","42","0","2018","Fer","Invernale","10.020113024","45.622225521","POINT (10.020113024 45.622225521)"
"C_nov 2022","2.725","S01088","LO","CO","Cabiate","13035","Cabiate","Seveso - Asso","250","90","9","680","54","30","660","0","3","51","0","2022","Feriale","Invernale","9.168578192","45.675909631","POINT (9.168578192 45.675909631)"
"C_Novembre2023","278","S01850","LO","CR","CASALMAGGIORE","19021","Casalmaggiore","BRESCIA-PARMA","130","60","4","460","34","0","460","0","0","34","0","2023","Feriale","Invernale","10.425041217","44.993222003","POINT (10.425041217 44.993222003)"
"C_Novembre2023","142","S01412","LO","LC","FIUMELATTE","97084","Varenna","TIRANO-MILANO Lc-So","10","10","3","30","26","0","30","0","0","25","1","2023","Feriale","Invernale","9.292892864","45.999092366","POINT (9.292892864 45.999092366)"
"C_nov 2022","325","S01948","EM","PC","CASTEL S.GIOVANNI","33013","Castel San Giovanni","ALESS.-PIACENZA","50","20","1","240","14","0","240","0","0","14","0","2022","Feriale","Invernale","9.436615112","4.506320024","POINT (9.436615112 45.06320024)"
"C_Novembre2023","104","S01141","LO","VA","BESOZZO","12013","Besozzo","LUINO-GALLARATE","110","50","4","230","27","70","170","0","11","16","0","2023","Feriale","Invernale","0.866303949","45.842264864","POINT (8.66303949 45.842264864)"
"C_nov 2019","224","S01607","LO","CR","SORESINA","19098","Soresina","BERGAMO-CREMONA","160","40","5","410","36","0","410","0","0","36","0","2019","Fer","Invernale","9.856662219","45.283167819","POINT (9.856662219 45.283167819)"
"C_Novembre2023","2.789","S01082","LO","MI","Paderno Dugnano","15166","Paderno Dugnano","Milano Nord Bovisa - Seve","1270","610","16","3250","133","3250","0","0","133","0","0","2023","Feriale","Invernale","9.161231422","45.564852006","POINT (9.161231422 45.564852006)"
"C_nov 2017","212","S01536","LO","BG","CHIUDUNO","16073","Chiuduno","LECCO-BRESCIA","70","30","4","280","35","0","280","0","0","35","0","2017","Fer","Invernale","9.846952911","45.650526953","POINT (9.846952911 45.650526953)"
"C_nov 2019","149","S01422","LO","SO","DELEBIO","14026","Delebio","TIRANO-MILANO Lc-So","90","20","3","230","18","0","230","0","0","18","0","2019","Fer","Invernale","9.461205764","46.138723845","POINT (9.461205764 46.138723845)"
"C_nov 2015","2.784","S01740","LO","VA","Morosolo-Casciago","12038","Casciago","Varese Nord - Laveno Momb","180","40","8","320","42","0","90","240","0","21","21","2015","Fer","Invernale","8.777403493","45.826573232","POINT (8.777403493 45.826573232)"
"C_nov 2016","142","S01412","LO","LC","FIUMELATTE","97084","Varenna","TIRANO-MILANO Lc-So","10","0","3","40","26","0","40","10","0","25","1","2016","Fer","Invernale","9.292892864","45.999092366","POINT (9.292892864 45.999092366)"
"C_nov 2016","121","S01312","LO","CO","CUCCIAGO","13084","Cucciago","CHIASSO-MILANO","130","20","8","240","69","240","0","0","69","0","0","2016","Fer","Invernale","9.082243395","45.740890259","POINT (9.082243395 45.740890259)"
"C_nov 2015","2.760","S01743","LO","VA","Gavirate-Verbano","12072","Gavirate","Varese Nord - Laveno Momb","0","0","0","0","1","0","0","0","0","1","0","2015","Fer","Invernale","8.706523665","45.851178857","POINT (8.706523665 45.851178857)"
"C_nov 2017","2.853","S01748","PI","NO","Galliate","3068","Galliate","Saronno - Novara","250","60","6","550","38","0","550","0","0","38","0","2017","Fer","Invernale","8.691135844","45.481138261","POINT (8.691135844 45.481138261)"
"C_Novembre2023","251","S01804","LO","PV","S.MARTINO-CAVA","18041","Cava Manara","MILANO-GENOVA","110","20","5","210","30","0","180","40","0","26","4","2023","Feriale","Invernale","9.115360868","4.514494907","POINT (9.115360868 45.14494907)"
"C_nov 2020","299","S01905","LO","CR","OLMENETA","19063","Olmeneta","BRESCIA-CREMONA","10","10","8","40","62","0","40","0","0","62","0","2020","Feriale","Invernale","10.031972373","45.231184025","POINT (10.031972373 45.231184025)"
"C_nov 2021","2.738","S01934","LO","MI","Ceriano Laghetto-Solaro","108018","Ceriano Laghetto","Saronno - Seregno","80","40","9","330","56","330","0","0","56","0","0","2021","Feriale","Invernale","9.079931416","4.562488063","POINT (9.079931416 45.62488063)"
"C_nov 2022","323","S01945","LO","PV","STRADELLA","18153","Stradella","ALESS.-PIACENZA","120","60","3","490","32","0","490","0","0","32","0","2022","Feriale","Invernale","9.300895387","45.079551322","POINT (9.300895387 45.079551322)"
"C_nov 2015","303","S01913","LO","CR","ACQUANEGRA CREMONESE","19001","Acquanegra Cremonese","CODOGNO-MANTOVA","10","10","4","30","24","0","30","0","0","24","0","2015","Fer","Invernale","9.888484165","45.172179192","POINT (9.888484165 45.172179192)"
"C_nov 2021","262","S01825","LO","LO","LODI","98031","Lodi","MILANO-BOLOGNA","1480","1040","18","5270","123","1990","2220","1070","65","38","20","2021","Feriale","Invernale","9.497612624","45.309042271","POINT (9.497612624 45.309042271)"
"C_nov 2020","292","S01870","LO","LO","ORIO LITTA","98042","Orio Litta","PAVIA-CASALPUST.","10","10","4","20","20","0","20","0","0","20","0","2020","Feriale","Invernale","9.550621285","45.166863635","POINT (9.550621285 45.166863635)"
"C_nov 2020","159","S01435","LO","SO","CHIURO","14020","Chiuro","TIRANO-MILANO So-Tir","10","10","1","10","4","0","10","10","0","3","1","2020","Feriale","Invernale","9.992350444","46.164731947","POINT (9.992350444 46.164731947)"
"C_nov 2021","5.841","S01104","LO","MI","PIEVE EMANUELE","15173","Pieve Emanuele","MILANO-GENOVA","360","150","8","1390","70","1390","0","0","69","0","1","2021","Feriale","Invernale","9.204837997","45.341109745","POINT (9.204837997 45.341109745)"
"C_nov 2015","246","S01716","LO","BS","OSPITALETTO TRAVAGLIATO","17127","Ospitaletto","MILANO-VENEZIA","140","50","8","390","60","0","390","0","0","60","0","2015","FER","Invernale","10.074385735","45.546125054","POINT (10.074385735 45.546125054)"
"C_Novembre2023","265","S01828","LO","LO","CODOGNO","98019","Codogno","MILANO-BOLOGNA","780","300","13","2390","87","0","1650","750","0","65","22","2023","Feriale","Invernale","9.701405698","45.154978635","POINT (9.701405698 45.154978635)"
"C_nov 2015","802","S02082","LO","BS","PONTE S.MARCO-CALCINATO","17032","Calcinato","MILANO-VENEZIA","10","10","1","10","2","0","10","0","0","2","0","2015","Fer","Invernale","10.409042317","45.473866879","POINT (10.409042317 45.473866879)"
"C_nov 2021","250","S01803","LO","PV","CERTOSA DI PAVIA","18046","Certosa di Pavia","MILANO-GENOVA","310","50","8","680","70","680","0","0","69","0","1","2021","Feriale","Invernale","9.154491353","45.257008002","POINT (9.154491353 45.257008002)"
"C_nov 2017","90","S01063","LO","MI","GAGGIANO","15103","Gaggiano","MILANO-MORTARA-AL","230","50","8","480","70","480","0","0","69","1","0","2017","Fer","Invernale","9.031152518","45.408906664","POINT (9.031152518 45.408906664)"
"C_nov 2021","137","S01406","LO","LC","PIONA","97023","Colico","TIRANO-MILANO Lc-So","10","10","2","40","24","0","40","10","0","23","1","2021","Feriale","Invernale","0.935079332","46.124769888","POINT (9.35079332 46.124769888)"
"C_nov 2022","95","S01117","LO","VA","CALDE'","12045","Castelveccana","LUINO-GALLARATE","10","10","2","40","28","20","30","0","10","18","0","2022","Feriale","Invernale","8.663196767","45.945891984","POINT (8.663196767 45.945891984)"
"C_nov 2020","2.762","S01724","LO","VA","Gerenzano-Turate","12075","Gerenzano","Saronno - Varese Nord","170","40","8","520","54","0","520","0","0","54","0","2020","Feriale","Invernale","9.001531027","45.645585349","POINT (9.001531027 45.645585349)"
"C_Novembre2023","136","S01405","LO","SO","DUBINO","14027","Dubino","CHIAVENNA-COLICO","70","20","4","170","30","0","170","0","0","30","0","2023","Feriale","Invernale","0.943221491","4.617287979","POINT (9.43221491 46.17287979)"
"C_nov 2017","323","S01945","LO","PV","STRADELLA","18153","Stradella","ALESS.-PIACENZA","150","60","5","620","43","0","620","0","0","43","0","2017","Fer","Invernale","9.300895387","45.079551322","POINT (9.300895387 45.079551322)"
"C_nov 2019","130","S01326","LO","MI","MILANO GRECO PIRELLI","15146","Milano","CHIASSO-MILANO","1730","6240","54","16810","384","11640","5170","0","246","137","1","2019","Fer","Invernale","9.214496679","45.512803065","POINT (9.214496679 45.512803065)"
"C_nov 2021","301","S01911","LO","CR","PIZZIGHETTONE","19076","Pizzighettone","CODOGNO-MANTOVA","0","0","4","10","13","0","10","0","0","10","3","2021","Feriale","Invernale","9.777166532","45.181857545","POINT (9.777166532 45.181857545)"
"C_Novembre2023","85","S01041","LO","MI","CORBETTA-S.STEFANO TIC.","15200","Santo Stefano Ticino","TORINO-MILANO","560","140","8","1370","69","1370","0","0","69","0","0","2023","Feriale","Invernale","8.917496093","45.480908343","POINT (8.917496093 45.480908343)"
"C_nov 2020","2.770","S01727","LO","CO","Locate Varesino-Carbonate","13045","Carbonate","Saronno - Varese Nord","50","30","8","170","54","0","170","0","0","54","0","2020","Feriale","Invernale","8.936075743","45.689931017","POINT (8.936075743 45.689931017)"
"C_Novembre2023","2.767","S01094","LO","CO","Lambrugo-Lurago","13121","Lambrugo","Seveso - Asso","80","20","5","220","50","0","220","0","0","50","0","2023","Feriale","Invernale","9.238491713","45.761639869","POINT (9.238491713 45.761639869)"
"C_nov 2020","303","S01913","LO","CR","ACQUANEGRA CREMONESE","19001","Acquanegra Cremonese","CODOGNO-MANTOVA","10","0","3","10","11","0","10","0","0","11","0","2020","Feriale","Invernale","9.888484165","45.172179192","POINT (9.888484165 45.172179192)"
"C_nov 2019","210","S01534","LO","BG","ALBANO S.ALESSANDRO","16003","Albano Sant'Alessandro","LECCO-BRESCIA","120","40","5","310","36","0","310","0","0","36","0","2019","Fer","Invernale","9.768053847","45.682821561","POINT (9.768053847 45.682821561)"
"C_Novembre2023","2.803","S01756","LO","CO","Rovellasca-Manera","13201","Rovellasca","Saronno - Como","460","60","8","880","64","0","870","20","0","63","1","2023","Feriale","Invernale","9.038331172","0.456656699","POINT (9.038331172 45.6656699)"
"C_nov 2022","294","S01900","LO","BS","S.ZENO FOLZANO","17173","San Zeno Naviglio","BRESCIA-CREMONA","10","20","7","80","54","0","80","0","0","54","0","2022","Feriale","Invernale","10.211709572","45.491635451","POINT (10.211709572 45.491635451)"
"C_nov 2022","206","S01527","LO","BG","AMBIVERE-MAPELLO","16009","Ambivere","LECCO-BRESCIA","100","40","4","340","32","0","340","0","0","32","0","2022","Feriale","Invernale","9.550472449","45.722244877","POINT (9.550472449 45.722244877)"
"C_nov 2015","309","S01919","LO","CR","PIADENA","19071","Piadena","CODOGNO-MANTOVA","230","70","8","890","76","0","420","470","0","56","20","2015","FER","Invernale","10.369987543","45.127689005","POINT (10.369987543 45.127689005)"
"C_nov 2022","75","S01028","LO","VA","SOMMA LOMBARDO","12123","Somma Lombardo","DOMODOSSOLA-MILANO","210","160","5","760","33","0","760","0","0","33","0","2022","Feriale","Invernale","8.713033505","45.686501084","POINT (8.713033505 45.686501084)"
"C_nov 2016","75","S01028","LO","VA","SOMMA LOMBARDO","12123","Somma Lombardo","DOMODOSSOLA-MILANO","230","120","4","690","33","0","690","0","0","33","0","2016","Fer","Invernale","8.713033505","45.686501084","POINT (8.713033505 45.686501084)"
"C_Novembre2023","305","S01915","LO","CR","CREMONA","19036","Cremona","CODOGNO-MANTOVA","450","970","15","3030","110","0","1580","1450","0","88","22","2023","Feriale","Invernale","10.017983096","45.143301262","POINT (10.017983096 45.143301262)"
"C_Novembre2023","89","S01062","LO","MI","ABBIATEGRASSO","15002","Abbiategrasso","MILANO-MORTARA-AL","920","210","8","2500","48","0","2500","0","0","48","0","2023","Feriale","Invernale","8.921337035","45.400715222","POINT (8.921337035 45.400715222)"
"C_nov 2022","5.842","S01039","LO","MI","RHO FIERA MILANO","15182","Rho","TORINO-MILANO","1410","1880","34","8530","253","5820","790","1930","162","37","54","2022","Feriale","Invernale","9.088380294","4.552123731","POINT (9.088380294 45.52123731)"
"C_nov 2019","3","S00031","PI","NO","VESPOLATE","3158","Vespolate","NOVARA-MORTARA","60","10","3","80","10","0","80","0","0","10","0","2019","Fer","Invernale","8.672069059","4.535153791","POINT (8.672069059 45.35153791)"
"C_nov 2016","147","S01417","LO","SO","PRATA-CAMPORTACCIO","14054","Prata Camportaccio","CHIAVENNA-COLICO","10","0","3","10","21","0","10","0","0","21","0","2016","Fer","Invernale","9.396817599","46.307723227","POINT (9.396817599 46.307723227)"
"C_Luglio2023","216","S01540","LO","BS","COCCAGLIO","17056","Coccaglio","LECCO-BRESCIA","110","50","6","340","38","0","340","0","0","38","0","2023","Feriale","estivo","9.977670318","45.561044402","POINT (9.977670318 45.561044402)"
"C_nov 2015","175","S01462","LO","LC","CIVATE","97022","Civate","MONZA-LECCO","20","10","5","50","34","50","0","0","33","1","0","2015","Fer","Invernale","9.352910244","45.831371067","POINT (9.352910244 45.831371067)"
"C_nov 2015","2.738","S01934","LO","MI","Ceriano Laghetto-Solaro","108018","Ceriano Laghetto","Saronno - Seregno","180","40","8","440","68","440","0","0","68","0","0","2015","Fer","Invernale","9.079931416","4.562488063","POINT (9.079931416 45.62488063)"
"C_nov 2015","328","S01951","EM","PC","S.NICOLO'","33039","Rottofreno","ALESS.-PIACENZA","10","10","1","20","14","0","20","0","0","14","0","2015","Fer","Invernale","9.606551575","4.505875181","POINT (9.606551575 45.05875181)"
"C_nov 2021","2.719","S01788","LO","BS","Borgonato Adro","17062","Corte Franca","Brescia - Iseo","20","10","6","60","38","0","60","0","0","38","0","2021","Feriale","Invernale","10.020113024","45.622225521","POINT (10.020113024 45.622225521)"
"C_nov 2022","34","S00272","LO","PV","ROBBIO","18123","Robbio","VERCELLI-PAVIA","160","10","2","280","22","0","280","0","0","22","0","2022","Feriale","Invernale","8.597086609","45.293627181","POINT (8.597086609 45.293627181)"
"C_Novembre2023","327","S01950","EM","PC","ROTTOFRENO","33039","Rottofreno","ALESS.-PIACENZA","0","0","0","20","11","0","20","0","0","11","0","2023","Feriale","Invernale","9.549300156","4.506050732","POINT (9.549300156 45.06050732)"
"C_nov 2019","221","S01604","LO","CR","CASALETTO VAPRIO","19020","Casaletto Vaprio","BERGAMO-CREMONA","80","30","4","230","35","0","230","0","0","35","0","2019","Fer","Invernale","9.631769572","45.408725407","POINT (9.631769572 45.408725407)"
"C_nov 2021","2.759","S01742","LO","VA","Gavirate","12072","Gavirate","Varese Nord - Laveno Momb","160","190","6","610","38","0","320","290","0","23","15","2021","Feriale","Invernale","8.714805048","4.584561142","POINT (8.714805048 45.84561142)"
"C_nov 2019","258","S01821","LO","MI","S.GIULIANO MILANESE","15195","San Giuliano Milanese","MILANO-BOLOGNA","660","240","10","1570","79","1570","0","0","79","0","0","2019","Fer","Invernale","9.286452197","45.391305373","POINT (9.286452197 45.391305373)"
"C_nov 2020","50","S00408","LO","PV","SAIRANO","18190","Zinasco","CAVA C.-TORREBER","10","10","4","20","22","0","20","0","0","22","0","2020","Feriale","Invernale","9.046900985","45.138935103","POINT (9.046900985 45.138935103)"
"C_nov 2019","2.759","S01742","LO","VA","Gavirate","12072","Gavirate","Varese Nord - Laveno Momb","280","250","7","930","42","0","410","530","0","21","21","2019","Fer","Invernale","8.714805048","4.584561142","POINT (8.714805048 45.84561142)"
"C_nov 2020","265","S01828","LO","LO","CODOGNO","98019","Codogno","MILANO-BOLOGNA","220","90","13","810","87","0","520","290","0","65","22","2020","Feriale","Invernale","9.701405698","45.154978635","POINT (9.701405698 45.154978635)"
"C_nov 2016","275","S01847","LO","MN","ASOLA","20002","Asola","BRESCIA-PARMA","70","20","3","220","25","0","220","0","0","25","0","2016","Fer","Invernale","10.402333601","45.220534843","POINT (10.402333601 45.220534843)"
"C_Luglio2023","2.756","S01760","LO","CO","Fino Mornasco","13102","Fino Mornasco","Saronno - Como","150","70","8","460","64","0","450","10","0","63","1","2023","Feriale","estivo","9.047021129","45.746532082","POINT (9.047021129 45.746532082)"
"C_nov 2016","215","S01539","LO","BS","COLOGNE","17059","Cologne","LECCO-BRESCIA","70","30","3","210","31","0","210","0","0","31","0","2016","Fer","Invernale","9.935343868","45.576709508","POINT (9.935343868 45.576709508)"
"C_Luglio2023","106","S01143","LO","VA","TERNATE-VARANO BORGHI","12126","Ternate","LUINO-GALLARATE","80","50","6","170","29","70","110","0","13","16","0","2023","Feriale","estivo","8.700412081","45.781912094","POINT (8.700412081 45.781912094)"
"C_nov 2015","197","S01513","LO","LC","CERNUSCO-MERATE","97020","Cernusco Lombardone","TIRANO-MILANO Mz-Lc","860","80","8","1530","67","1380","0","150","62","0","5","2015","Fer","Invernale","9.396827762","45.695177577","POINT (9.396827762 45.695177577)"
"C_Luglio2023","2.738","S01934","LO","MI","Ceriano Laghetto-Solaro","108018","Ceriano Laghetto","Saronno - Seregno","10","10","1","60","13","60","0","0","13","0","0","2023","Feriale","estivo","9.079931416","4.562488063","POINT (9.079931416 45.62488063)"
"C_nov 2016","2.739","S01086","LO","MI","Cesano Maderno","108019","Cesano Maderno","Milano Nord Bovisa - Seve","2080","770","32","5130","254","3460","1670","0","203","51","0","2016","Fer","Invernale","9.141966766","45.631316886","POINT (9.141966766 45.631316886)"
"C_nov 2016","2.811","S01925","LO","MI","Seveso","108040","Seveso","Milano Nord Bovisa - Seve","1530","590","24","3540","186","1890","1660","0","135","51","0","2016","Fer","Invernale","0.914058178","45.647945743","POINT (9.14058178 45.647945743)"
"C_nov 2022","159","S01435","LO","SO","CHIURO","14020","Chiuro","TIRANO-MILANO So-Tir","20","0","1","20","4","0","10","20","0","3","1","2022","Feriale","Invernale","9.992350444","46.164731947","POINT (9.992350444 46.164731947)"
"C_nov 2021","265","S01828","LO","LO","CODOGNO","98019","Codogno","MILANO-BOLOGNA","680","250","13","2020","86","0","1270","760","0","64","22","2021","Feriale","Invernale","9.701405698","45.154978635","POINT (9.701405698 45.154978635)"
"C_nov 2021","113","S01205","LO","VA","VARESE","12133","Varese","PORTO C.-GALLARATE","910","1220","22","4290","171","2920","0","1380","135","0","36","2021","Feriale","Invernale","0.883313115","45.816277257","POINT (8.83313115 45.816277257)"
"C_Novembre2023","214","S01538","LO","BS","PALAZZOLO SULL'OGLIO","17133","Palazzolo sull'Oglio","LECCO-BRESCIA","270","160","5","880","40","0","880","0","0","40","0","2023","Feriale","Invernale","9.896263591","4.560155941","POINT (9.896263591 45.60155941)"
"C_nov 2015","335","S02336","LO","MN","MANTOVA","20030","Mantova","CODOGNO-MANTOVA","150","230","6","1090","39","0","260","830","0","19","20","2015","FER","Invernale","10.783189882","45.158827197","POINT (10.783189882 45.158827197)"
"C_nov 2019","206","S01527","LO","BG","AMBIVERE-MAPELLO","16009","Ambivere","LECCO-BRESCIA","120","30","4","370","32","0","370","0","0","32","0","2019","Fer","Invernale","9.550472449","45.722244877","POINT (9.550472449 45.722244877)"
"C_nov 2020","41","S00279","LO","PV","CAVA CARBONARA","18151","Sommo","VERCELLI-PAVIA","10","0","4","10","18","0","10","0","0","18","0","2020","Feriale","Invernale","9.071427457","45.147136385","POINT (9.071427457 45.147136385)"
"C_nov 2022","79","S01033","LO","MI","LEGNANO","15118","Legnano","DOMODOSSOLA-MILANO","1590","620","16","5700","108","3550","310","1840","66","6","36","2022","Feriale","Invernale","8.910667666","4.559373533","POINT (8.910667666 45.59373533)"
"C_nov 2015","152","S01426","LO","SO","TALAMONA","14063","Talamona","TIRANO-MILANO Lc-So","110","20","5","140","29","0","140","0","0","29","0","2015","FER","Invernale","0.959956252","46.139593883","POINT (9.59956252 46.139593883)"
"C_Luglio2023","5.837","S01611","LO","BG","LEVATE","16126","Levate","BERGAMO-CREMONA","80","40","8","280","47","0","280","0","0","46","1","2023","Feriale","estivo","0.962785005","45.622899995","POINT (9.62785005 45.622899995)"
"C_nov 2016","2.734","S01795","LO","BS","Castegnato","17040","Castegnato","Brescia - Iseo","180","30","7","300","37","0","300","0","0","37","0","2016","Fer","Invernale","10.118369673","45.566191714","POINT (10.118369673 45.566191714)"
"C_Novembre2023","50","S00408","LO","PV","SAIRANO","18190","Zinasco","CAVA C.-TORREBER","40","40","4","140","23","0","140","0","0","23","0","2023","Feriale","Invernale","9.046900985","45.138935103","POINT (9.046900985 45.138935103)"
"C_Luglio2023","2.800","S01069","LO","MI","Milano Quarto Oggiaro","15146","Milano","Milano Nord Cadorna - Sar","530","300","16","2450","133","2450","0","0","133","0","0","2023","Feriale","estivo","9.145253109","45.519239088","POINT (9.145253109 45.519239088)"
"C_nov 2015","2.795","S01014","LO","BS","Pisogne","17143","Pisogne","Iseo - Pisogne","170","50","5","400","35","0","250","150","0","22","13","2015","Fer","Invernale","10.105622584","45.806591032","POINT (10.105622584 45.806591032)"
"C_nov 2017","11","S00041","PI","AL","VALENZA","6177","Valenza","CHIVASSO-ALESSANDRIA","190","100","6","410","38","0","410","0","0","38","0","2017","Fer","Invernale","8.625966209","4.502351446","POINT (8.625966209 45.02351446)"
"C_nov 2017","228","S01631","LO","MI","MILANO PORTA GENOVA","15146","Milano","MILANO-MORTARA-AL","200","3250","7","6480","46","0","6480","0","0","46","0","2017","Fer","Invernale","9.169330605","45.453458231","POINT (9.169330605 45.453458231)"
"C_nov 2019","272","S01844","LO","BS","VISANO","17203","Visano","BRESCIA-PARMA","30","10","4","80","21","0","80","0","0","21","0","2019","Fer","Invernale","10.363129196","45.315389802","POINT (10.363129196 45.315389802)"
"C_nov 2022","174","S01461","LO","LC","SALA AL BARRO-GALBIATE","97036","Galbiate","MONZA-LECCO","60","30","9","110","38","90","30","0","35","3","0","2022","Feriale","Invernale","9.359251698","45.821167176","POINT (9.359251698 45.821167176)"
"C_nov 2017","208","S01529","LO","BG","BERGAMO","16024","Bergamo","LECCO-BRESCIA","3120","4880","34","15170","223","0","9230","5950","0","171","52","2017","Fer","Invernale","9.675111057","45.690343725","POINT (9.675111057 45.690343725)"
"C_nov 2017","2.813","S01785","LO","BS","Sulzano","17182","Sulzano","Iseo - Pisogne","80","20","5","150","34","0","110","50","0","21","13","2017","Fer","Invernale","10.100657593","45.689468948","POINT (10.100657593 45.689468948)"
"C_nov 2015","287","S01865","LO","PV","CORTEOLONA","18056","Corteolona","PAVIA-CASALPUST.","90","20","6","150","30","0","150","0","0","30","0","2015","FER","Invernale","9.375508787","45.159782769","POINT (9.375508787 45.159782769)"
"C_nov 2022","80","S01034","LO","MI","CANEGRATE","15046","Canegrate","DOMODOSSOLA-MILANO","620","160","9","1810","67","1700","110","0","66","1","0","2022","Feriale","Invernale","8.926634655","45.569313656","POINT (8.926634655 45.569313656)"
"C_nov 2021","78","S01031","LO","VA","BUSTO ARSIZIO","12026","Busto Arsizio","DOMODOSSOLA-MILANO","1000","770","25","4100","181","2300","740","1070","101","32","48","2021","Feriale","Invernale","8.865063882","45.616237821","POINT (8.865063882 45.616237821)"
"C_Luglio2023","103","S01140","LO","VA","SANGIANO","12141","Sangiano","LUINO-GALLARATE","10","10","3","80","28","40","40","0","13","15","0","2023","Feriale","estivo","8.630805498","45.874544577","POINT (8.630805498 45.874544577)"
"C_nov 2015","211","S01535","LO","BG","MONTELLO GORLAGO","16139","Montello","LECCO-BRESCIA","140","30","4","460","39","0","460","0","0","39","0","2015","FER","Invernale","0.980851611","45.670247257","POINT (9.80851611 45.670247257)"
"C_Luglio2023","5.820","S01492","LO","MI","Milano Forlanini","15146","Milano","PASSANTE","240","440","17","1400","139","1390","0","20","135","0","4","2023","Feriale","estivo","9.237061003","45.462399481","POINT (9.237061003 45.462399481)"
"C_nov 2021","253","S01806","LO","PV","PIZZALE-LUNGAVILLA","18084","Lungavilla","MILANO-GENOVA","110","20","5","160","27","0","0","160","0","0","27","2021","Feriale","Invernale","9.069006681","45.049924012","POINT (9.069006681 45.049924012)"
"C_nov 2018","37","S00275","LO","PV","TROMELLO","18164","Tromello","VERCELLI-PAVIA","50","10","4","150","28","0","150","0","0","28","0","2018","Fer","Invernale","8.872184279","45.212069548","POINT (8.872184279 45.212069548)"
"C_nov 2019","2.820","S01738","LO","VA","Varese Nord","12133","Varese","Saronno - Varese Nord","1180","1070","12","4790","78","0","3010","1790","0","57","21","2019","Fer","Invernale","8.834307422","4.581847437","POINT (8.834307422 45.81847437)"
"C_nov 2022","252","S01805","LO","PV","BRESSANA BOTTARONE","18023","Bressana Bottarone","MILANO-GENOVA","100","20","5","220","30","0","180","40","0","26","4","2022","Feriale","Invernale","0.911063508","45.086379858","POINT (9.11063508 45.086379858)"
"C_nov 2021","2.776","S01783","LO","BS","Marone-Zone","17106","Marone","Iseo - Pisogne","60","10","4","170","34","0","130","50","0","21","13","2021","Feriale","Invernale","10.093296727","45.738197328","POINT (10.093296727 45.738197328)"
"C_Novembre2023","92","S01065","LO","MI","TREZZANO S.N.","15220","Trezzano sul Naviglio","MILANO-MORTARA-AL","280","140","7","790","67","790","10","0","64","3","0","2023","Feriale","Invernale","0.907123474","45.422282484","POINT (9.07123474 45.422282484)"
"C_nov 2018","2.792","S01776","LO","BS","Pian di Borno","17206","Piancogno","Pisogne - Breno","10","10","2","50","19","0","50","0","0","19","0","2018","Fer","Invernale","10.221581526","45.915836231","POINT (10.221581526 45.915836231)"
"C_nov 2018","197","S01513","LO","LC","CERNUSCO-MERATE","97020","Cernusco Lombardone","TIRANO-MILANO Mz-Lc","790","90","9","1640","72","1530","0","110","68","0","4","2018","Fer","Invernale","9.396827762","45.695177577","POINT (9.396827762 45.695177577)"
"C_nov 2015","183","S01486","LO","MI","CARATE-CALO'","108015","Carate Brianza","MONZA-LECCO","30","10","7","60","41","60","0","0","41","0","0","2015","FER","Invernale","9.252340508","4.567652894","POINT (9.252340508 45.67652894)"
"C_nov 2016","188","S01491","LO","LC","COSTA MASNAGA","97026","Costa Masnaga","MONZA-LECCO","210","40","6","340","36","340","0","0","36","0","0","2016","Fer","Invernale","0.928526064","45.763506456","POINT (9.28526064 45.763506456)"
"C_nov 2018","35","S00273","LO","PV","NICORVO","18103","Nicorvo","VERCELLI-PAVIA","10","10","5","20","28","0","20","0","0","28","0","2018","Fer","Invernale","8.671238408","45.275537833","POINT (8.671238408 45.275537833)"
"C_Novembre2023","157","S01433","LO","SO","POGGIRIDENTI-TRESIVIO","14051","Poggiridenti","TIRANO-MILANO So-Tir","10","10","1","10","5","0","10","10","0","4","1","2023","Feriale","Invernale","9.933843175","46.166961926","POINT (9.933843175 46.166961926)"
"C_nov 2018","208","S01529","LO","BG","BERGAMO","16024","Bergamo","LECCO-BRESCIA","2770","4220","31","15450","213","0","8260","7200","0","161","52","2018","Fer","Invernale","9.675111057","45.690343725","POINT (9.675111057 45.690343725)"
"C_nov 2017","155","S01429","LO","SO","CASTIONE ANDEVENNO","14015","Castione Andevenno","TIRANO-MILANO Lc-So","0","0","1","0","1","0","0","0","0","1","0","2017","Fer","Invernale","9.806179088","46.161737068","POINT (9.806179088 46.161737068)"
"C_nov 2020","220","S01603","LO","CR","CAPRALBA","19015","Capralba","BERGAMO-CREMONA","20","10","5","40","33","0","40","0","0","33","0","2020","Feriale","Invernale","9.640048136","45.443945977","POINT (9.640048136 45.443945977)"
"C_nov 2016","237","S01706","LO","MI","TRECELLA","15178","Pozzuolo Martesana","MILANO-VENEZIA","350","90","16","750","98","750","10","0","96","1","1","2016","Fer","Invernale","0.948762259","45.514065408","POINT (9.48762259 45.514065408)"
"C_nov 2021","2.812","S01766","LO","BS","Sonico","17181","Sonico","Breno - Edolo","0","0","1","0","2","0","0","0","0","2","0","2021","Feriale","Invernale","10.351165528","46.163878231","POINT (10.351165528 46.163878231)"
"C_Novembre2023","296","S01902","LO","BS","MANERBIO","17103","Manerbio","BRESCIA-CREMONA","150","40","4","430","33","0","430","0","0","33","0","2023","Feriale","Invernale","10.132373607","45.357291955","POINT (10.132373607 45.357291955)"
"C_Novembre2023","2.724","S01137","LO","VA","Busto Arsizio Nord","12026","Busto Arsizio","Saronno - Novara","1820","910","25","5110","208","380","2890","1850","26","80","102","2023","Feriale","Invernale","0.885203345","45.606009961","POINT (8.85203345 45.606009961)"
"C_nov 2020","146","S01416","LO","LC","ABBADIA LARIANA","97001","Abbadia Lariana","TIRANO-MILANO Lc-So","20","10","3","60","25","0","50","10","0","23","2","2020","Feriale","Invernale","9.335204987","45.895939932","POINT (9.335204987 45.895939932)"
"C_Novembre2023","137","S01406","LO","LC","PIONA","97023","Colico","TIRANO-MILANO Lc-So","10","10","2","80","27","0","80","10","0","26","1","2023","Feriale","Invernale","0.935079332","46.124769888","POINT (9.35079332 46.124769888)"
"C_Novembre2023","156","S01430","LO","SO","SONDRIO","14061","Sondrio","TIRANO-MILANO Lc-So","200","780","6","1630","52","0","700","940","0","26","26","2023","Feriale","Invernale","0.987296139","46.167141595","POINT (9.87296139 46.167141595)"
"C_nov 2017","2.821","S01739","LO","VA","Varese-Casbeno","12133","Varese","Varese Nord - Laveno Momb","340","500","8","1140","42","0","550","600","0","21","21","2017","Fer","Invernale","8.811558243","45.814897655","POINT (8.811558243 45.814897655)"
"C_nov 2019","229","S01632","LO","MI","MILANO PORTA ROMANA","15146","Milano","MILANO-MORTARA-AL","410","790","8","1950","67","1950","0","0","67","0","0","2019","Fer","Invernale","0.921316275","45.445922893","POINT (9.21316275 45.445922893)"
"C_nov 2022","2.735","S01136","LO","VA","Castellanza","12042","Castellanza","Saronno - Novara","760","130","12","1700","77","0","1700","0","0","77","0","2022","Feriale","Invernale","8.875445238","45.610465237","POINT (8.875445238 45.610465237)"
"C_nov 2017","335","S02336","LO","MN","MANTOVA","20030","Mantova","CODOGNO-MANTOVA","120","290","6","1050","38","0","280","780","0","18","20","2017","Fer","Invernale","10.783189882","45.158827197","POINT (10.783189882 45.158827197)"
"C_Luglio2023","154","S01428","LO","SO","S.PIETRO BERBENNO","14007","Berbenno di Valtellina","TIRANO-MILANO Lc-So","30","20","5","140","35","0","120","30","0","30","5","2023","Feriale","estivo","9.740521601","46.161425271","POINT (9.740521601 46.161425271)"
"C_nov 2018","94","S01116","LO","VA","PORTO VALTRAVAGLIA","12114","Porto Valtravaglia","LUINO-GALLARATE","40","20","3","130","31","0","130","0","0","31","0","2018","Fer","Invernale","0.867417775","45.958294809","POINT (8.67417775 45.958294809)"
"C_nov 2016","210","S01534","LO","BG","ALBANO S.ALESSANDRO","16003","Albano Sant'Alessandro","LECCO-BRESCIA","110","30","5","270","35","0","270","0","0","35","0","2016","Fer","Invernale","9.768053847","45.682821561","POINT (9.768053847 45.682821561)"
"C_nov 2022","132","S01401","LO","SO","S.CASSIANO VALCHIAVENNA","14054","Prata Camportaccio","CHIAVENNA-COLICO","60","10","3","130","29","0","130","0","0","29","0","2022","Feriale","Invernale","0.093974465","4.627551067","POINT (9.3974465 46.27551067)"
"C_nov 2018","2.790","S01083","LO","MI","Palazzolo Milanese","15166","Paderno Dugnano","Milano Nord Bovisa - Seve","1160","210","16","2660","134","2660","0","0","134","0","0","2018","Fer","Invernale","9.156496054","45.580997631","POINT (9.156496054 45.580997631)"
"C_Luglio2023","139","S01408","LO","LC","DERVIO","97030","Dervio","TIRANO-MILANO Lc-So","50","20","4","280","43","0","230","60","0","34","9","2023","Feriale","estivo","9.305992528","46.077782965","POINT (9.305992528 46.077782965)"
"C_nov 2019","267","S01830","LO","MI","BORGOLOMBARDO","15192","San Donato Milanese","MILANO-BOLOGNA","490","180","9","1170","79","1170","0","0","79","0","0","2019","Fer","Invernale","9.271012475","4.540385926","POINT (9.271012475 45.40385926)"
"C_nov 2022","331","S02084","LO","BS","DESENZANO DEL GARDA-SIR.","17067","Desenzano del Garda","MILANO-VENEZIA","490","190","5","1730","32","0","0","1730","0","0","32","2022","Feriale","Invernale","10.536345381","45.462760508","POINT (10.536345381 45.462760508)"
"C_Novembre2023","2.743","S01746","LO","VA","Cittiglio","12051","Cittiglio","Varese Nord - Laveno Momb","250","50","6","550","40","0","240","320","0","23","17","2023","Feriale","Invernale","8.667398533","45.892327453","POINT (8.667398533 45.892327453)"
"C_nov 2020","2.855","S01649","LO","MI","MILANO P. VENEZIA","15146","Milano","PASSANTE","530","1170","38","3710","270","3710","0","0","270","0","0","2020","Feriale","Invernale","9.207018409","45.476597527","POINT (9.207018409 45.476597527)"
"C_nov 2021","2.807","S01077","LO","VA","Saronno Sud","12119","Saronno","Milano Nord Cadorna - Sar","230","120","23","790","172","790","0","0","172","0","0","2021","Feriale","Invernale","9.045593579","45.611839478","POINT (9.045593579 45.611839478)"
"C_nov 2017","255","S01809","PI","AL","PONTECURONE","6132","Pontecurone","MILANO-GENOVA","50","10","2","70","7","0","0","70","0","0","7","2017","Fer","Invernale","8.929891639","4.496201105","POINT (8.929891639 44.96201105)"
"C_Luglio2023","158","S01434","LO","SO","PONTE IN VALTELLINA","14052","Ponte in Valtellina","TIRANO-MILANO So-Tir","10","10","1","20","5","0","10","10","0","3","2","2023","Feriale","estivo","9.975919439","46.162708899","POINT (9.975919439 46.162708899)"
"C_nov 2021","2.772","S01737","LO","VA","Malnate","12096","Malnate","Saronno - Varese Nord","630","110","12","1390","73","0","860","530","0","58","15","2021","Feriale","Invernale","8.878340888","45.795307714","POINT (8.878340888 45.795307714)"
"C_nov 2018","206","S01527","LO","BG","AMBIVERE-MAPELLO","16009","Ambivere","LECCO-BRESCIA","140","30","4","390","32","0","390","0","0","32","0","2018","Fer","Invernale","9.550472449","45.722244877","POINT (9.550472449 45.722244877)"
"C_nov 2015","2.748","S01763","LO","CO","Como Camerlata (FN)","13075","Como","Saronno - Como","420","270","10","1380","71","0","1120","260","0","61","10","2015","Fer","Invernale","9.079423298","4.578441339","POINT (9.079423298 45.78441339)"
"C_Novembre2023","2.818","S01753","LO","MI","Vanzaghello","15249","Vanzaghello","Saronno - Novara","280","50","6","550","36","0","550","0","0","36","0","2023","Feriale","Invernale","8.787492635","4.557757515","POINT (8.787492635 45.57757515)"
"C_nov 2015","2.749","S01765","LO","CO","Como Nord Lago","13075","Como","Saronno - Como","290","560","10","2300","71","0","2030","280","0","61","10","2015","Fer","Invernale","9.084320036","45.813688508","POINT (9.084320036 45.813688508)"
"C_nov 2017","141","S01411","LO","LC","VARENNA ESINO","97084","Varenna","TIRANO-MILANO Lc-So","150","60","7","480","53","0","130","350","0","26","27","2017","Fer","Invernale","9.286432309","46.015079717","POINT (9.286432309 46.015079717)"
"C_nov 2017","232","S01700","LO","MI","MILANO CENTRALE","15146","Milano","MILANO-BOLOGNA","2520","11790","44","27940","267","180","2710","25060","5","43","219","2017","Fer","Invernale","9.204867788","45.486276592","POINT (9.204867788 45.486276592)"
"C_Luglio2023","2.761","S01745","LO","VA","Gemonio","12074","Gemonio","Varese Nord - Laveno Momb","80","20","6","310","40","0","140","170","0","23","17","2023","Feriale","estivo","0.867388218","45.877604611","POINT (8.67388218 45.877604611)"
"C_nov 2021","136","S01405","LO","SO","DUBINO","14027","Dubino","CHIAVENNA-COLICO","50","10","3","100","29","0","100","0","0","29","0","2021","Feriale","Invernale","0.943221491","4.617287979","POINT (9.43221491 46.17287979)"
"C_nov 2015","167","S01452","LO","CO","BRENNA-ALZATE","13029","Brenna","ALBATE-MOLTENO","10","0","3","10","20","0","10","0","0","20","0","2015","Fer","Invernale","9.183346262","4.575412075","POINT (9.183346262 45.75412075)"
"C_nov 2019","2.811","S01925","LO","MI","Seveso","108040","Seveso","Milano Nord Bovisa - Seve","1700","580","25","4040","186","2200","1840","0","136","50","0","2019","Fer","Invernale","0.914058178","45.647945743","POINT (9.14058178 45.647945743)"
"C_nov 2018","5.844","S01059","LO","MI","ALBAIRATE-VERMEZZO","15005","Albairate","MILANO-MORTARA-AL","610","280","13","1930","113","950","990","0","69","44","0","2018","Fer","Invernale","8.957371048","45.404429355","POINT (8.957371048 45.404429355)"
"C_nov 2019","76","S01029","LO","VA","CASORATE SEMPIONE","12039","Casorate Sempione","DOMODOSSOLA-MILANO","190","50","5","510","33","0","510","0","0","33","0","2019","Fer","Invernale","8.743986914","45.675152648","POINT (8.743986914 45.675152648)"
"C_nov 2019","109","S01200","LO","VA","PORTO CERESIO","12113","Porto Ceresio","PORTO C.-GALLARATE","70","80","4","240","34","0","0","240","0","0","34","2019","Fer","Invernale","8.900389083","45.903750516","POINT (8.900389083 45.903750516)"
"C_nov 2020","162","S01438","LO","SO","BIANZONE","14008","Bianzone","TIRANO-MILANO So-Tir","10","0","1","10","5","0","0","10","0","4","1","2020","Feriale","Invernale","1.011252885","46.179456527","POINT (10.11252885 46.179456527)"
"C_nov 2019","218","S01601","LO","BG","TREVIGLIO OVEST","16219","Treviglio","BERGAMO-CREMONA","310","120","11","840","68","0","540","310","0","52","16","2019","Fer","Invernale","0.958031324","45.521845567","POINT (9.58031324 45.521845567)"
"C_nov 2018","242","S01711","LO","BG","ROMANO","16183","Romano di Lombardia","MILANO-VENEZIA","720","180","10","2080","65","0","950","1130","0","33","32","2018","Fer","Invernale","0.975343152","45.523917724","POINT (9.75343152 45.523917724)"
"C_nov 2020","187","S01490","LO","LC","CASSAGO-NIBIONNO-BULC.","97017","Cassago Brianza","MONZA-LECCO","20","20","6","80","38","80","0","0","38","0","0","2020","Feriale","Invernale","9.279864449","45.746319529","POINT (9.279864449 45.746319529)"
"C_nov 2022","228","S01631","LO","MI","MILANO PORTA GENOVA","15146","Milano","MILANO-MORTARA-AL","230","2110","7","6470","49","0","6470","0","0","49","0","2022","Feriale","Invernale","9.169330605","45.453458231","POINT (9.169330605 45.453458231)"
"C_nov 2015","222","S01605","LO","CR","CREMA","19035","Crema","BERGAMO-CREMONA","290","340","5","1170","37","0","1170","0","0","37","0","2015","FER","Invernale","9.694241457","45.366939013","POINT (9.694241457 45.366939013)"
"C_Novembre2023","228","S01631","LO","MI","MILANO PORTA GENOVA","15146","Milano","MILANO-MORTARA-AL","100","2980","7","5220","48","0","5220","0","0","48","0","2023","Feriale","Invernale","9.169330605","45.453458231","POINT (9.169330605 45.453458231)"
"C_nov 2018","2.728","S01771","LO","BS","Capo di Ponte","17035","Capo di Ponte","Breno - Edolo","40","30","4","80","17","0","30","50","0","4","13","2018","Fer","Invernale","10.346501697","46.030817614","POINT (10.346501697 46.030817614)"
"C_nov 2016","2.856","S01648","LO","MI","MILANO REPUBBLICA","15146","Milano","PASSANTE","1490","5180","40","13520","361","13520","0","0","361","0","0","2016","Fer","Invernale","9.198815201","45.480365497","POINT (9.198815201 45.480365497)"
"C_nov 2017","2.729","S01076","LO","VA","Caronno Pertusella","12034","Caronno Pertusella","Milano Nord Cadorna - Sar","680","150","16","1640","139","1640","0","0","139","0","0","2017","Fer","Invernale","9.058328414","45.598187372","POINT (9.058328414 45.598187372)"
"C_nov 2018","109","S01200","LO","VA","PORTO CERESIO","12113","Porto Ceresio","PORTO C.-GALLARATE","70","50","4","290","34","0","0","290","0","0","34","2018","Fer","Invernale","8.900389083","45.903750516","POINT (8.900389083 45.903750516)"
"C_nov 2015","2.794","S01786","LO","BS","Pilzone","17085","Iseo","Iseo - Pisogne","30","10","5","40","21","0","40","0","0","21","0","2015","Fer","Invernale","10.079163075","45.674416503","POINT (10.079163075 45.674416503)"
"C_nov 2020","164","S01440","LO","SO","TIRANO","14066","Tirano","TIRANO-MILANO So-Tir","30","20","2","140","26","0","10","140","0","4","22","2020","Feriale","Invernale","10.166987267","46.215458161","POINT (10.166987267 46.215458161)"
"C_nov 2016","83","S01037","LO","MI","RHO","15182","Rho","TORINO-MILANO","1850","1030","20","6570","177","6570","0","0","177","0","0","2016","Fer","Invernale","9.043583998","45.523927896","POINT (9.043583998 45.523927896)"
"C_nov 2021","177","S01480","LO","MI","MONZA SOBBORGHI","108033","Monza","MONZA-LECCO","200","70","6","440","40","440","0","0","40","0","0","2021","Feriale","Invernale","9.284488422","45.582043348","POINT (9.284488422 45.582043348)"
"C_nov 2015","134","S01403","LO","SO","NOVATE MEZZOLA","14046","Novate Mezzola","CHIAVENNA-COLICO","60","10","4","130","32","0","130","0","0","32","0","2015","Fer","Invernale","9.446610911","46.216667852","POINT (9.446610911 46.216667852)"
"C_Novembre2023","126","S01320","LO","MI","DESIO","108023","Desio","CHIASSO-MILANO","980","440","16","3050","136","2940","0","110","135","0","1","2023","Feriale","Invernale","9.218522811","45.620194911","POINT (9.218522811 45.620194911)"
"C_nov 2019","226","S01610","LO","CR","MADIGNANO","19055","Madignano","BERGAMO-CREMONA","50","10","4","130","34","0","130","0","0","34","0","2019","Fer","Invernale","9.730205146","45.343905446","POINT (9.730205146 45.343905446)"
"C_nov 2019","2","S00030","PI","AL","GARBAGNA","6079","Garbagna","NOVARA-MORTARA","30","0","3","40","10","0","40","0","0","10","0","2019","Fer","Invernale","8.666334325","4.538567409","POINT (8.666334325 45.38567409)"
"C_nov 2019","259","S01822","LO","MI","MELEGNANO","15140","Melegnano","MILANO-BOLOGNA","960","290","10","2600","79","2600","0","0","79","0","0","2019","Fer","Invernale","0.009319302","45.356405865","POINT (9.319302 45.356405865)"
"C_nov 2019","2.738","S01934","LO","MI","Ceriano Laghetto-Solaro","108018","Ceriano Laghetto","Saronno - Seregno","130","30","8","420","64","420","0","0","64","0","0","2019","Fer","Invernale","9.079931416","4.562488063","POINT (9.079931416 45.62488063)"
"C_Luglio2023","135","S01404","LO","SO","VERCEIA","14075","Verceia","CHIAVENNA-COLICO","10","10","4","20","29","0","20","0","0","29","0","2023","Feriale","estivo","9.458448611","46.202905061","POINT (9.458448611 46.202905061)"
"C_nov 2020","72","S01025","PI","NO","DORMELLETTO","3062","Dormelletto","DOMODOSSOLA-MILANO","30","20","5","60","33","0","60","0","0","33","0","2020","Feriale","Invernale","0.857439962","4.573009066","POINT (8.57439962 45.73009066)"
"C_nov 2018","260","S01823","LO","MI","S.ZENONE AL LAMBRO","15202","San Zenone al Lambro","MILANO-BOLOGNA","590","110","8","1330","75","1330","0","0","75","0","0","2018","Fer","Invernale","9.361288898","45.337904599","POINT (9.361288898 45.337904599)"
"C_nov 2019","289","S01867","LO","PV","MIRADOLO TERME","18093","Miradolo Terme","PAVIA-CASALPUST.","100","10","4","160","22","0","160","0","0","22","0","2019","Fer","Invernale","9.449985524","45.162088065","POINT (9.449985524 45.162088065)"
"C_nov 2017","103","S01140","LO","VA","SANGIANO","12141","Sangiano","LUINO-GALLARATE","40","20","3","80","18","0","80","0","0","18","0","2017","Fer","Invernale","8.630805498","45.874544577","POINT (8.630805498 45.874544577)"
"C_Novembre2023","2.732","S01098","LO","CO","Caslino d'Erba","13052","Caslino d'Erba","Seveso - Asso","10","10","1","50","30","0","50","0","0","30","0","2023","Feriale","Invernale","9.232326937","45.835130456","POINT (9.232326937 45.835130456)"
"C_Novembre2023","259","S01822","LO","MI","MELEGNANO","15140","Melegnano","MILANO-BOLOGNA","1100","320","10","2620","78","2620","0","0","78","0","0","2023","Feriale","Invernale","0.009319302","45.356405865","POINT (9.319302 45.356405865)"
"C_nov 2015","2.792","S01776","LO","BS","Pian di Borno","17206","Piancogno","Pisogne - Breno","20","10","3","40","19","0","40","0","0","19","0","2015","Fer","Invernale","10.221581526","45.915836231","POINT (10.221581526 45.915836231)"
"C_Novembre2023","2.975","S01206","LO","VA","Cantello Gaggiolo","12030","Cantello","Mendrisio-Varese","190","50","6","750","56","750","0","0","56","0","0","2023","Feriale","Invernale","8.906974756","45.837723396","POINT (8.906974756 45.837723396)"
"C_nov 2018","96","S01118","LO","VA","LAVENO MOMBELLO","12087","Laveno-Mombello","LUINO-GALLARATE","90","60","3","310","31","0","310","0","0","31","0","2018","Fer","Invernale","8.624617825","45.903348381","POINT (8.624617825 45.903348381)"
"C_nov 2018","120","S01310","LO","CO","ALBATE-CAMERLATA","13075","Como","CHIASSO-MILANO","180","110","12","570","99","510","60","0","76","23","0","2018","Fer","Invernale","0.907349887","45.777443385","POINT (9.07349887 45.777443385)"
"C_nov 2018","2.858","S01643","LO","MI","MILANO LANCETTI","15146","Milano","PASSANTE","1070","1980","41","5630","361","5630","0","0","361","0","0","2018","Fer","Invernale","9.177354467","45.493471578","POINT (9.177354467 45.493471578)"
"C_nov 2019","265","S01828","LO","LO","CODOGNO","98019","Codogno","MILANO-BOLOGNA","900","380","13","2460","90","0","1570","900","0","69","21","2019","Fer","Invernale","9.701405698","45.154978635","POINT (9.701405698 45.154978635)"
"C_nov 2016","290","S01868","LO","PV","CHIGNOLO PO","18048","Chignolo Po","PAVIA-CASALPUST.","80","10","5","140","28","0","140","0","0","28","0","2016","Fer","Invernale","9.494226195","45.161018526","POINT (9.494226195 45.161018526)"
"C_nov 2019","72","S01025","PI","NO","DORMELLETTO","3062","Dormelletto","DOMODOSSOLA-MILANO","50","40","5","200","33","0","200","0","0","33","0","2019","Fer","Invernale","0.857439962","4.573009066","POINT (8.57439962 45.73009066)"
"C_nov 2022","227","S01630","LO","MI","MILANO S. CRISTOFORO","15146","Milano","MILANO-MORTARA-AL","330","560","14","2070","114","1110","970","0","67","47","0","2022","Feriale","Invernale","9.130288258","45.442478529","POINT (9.130288258 45.442478529)"
"C_Novembre2023","42","S00400","LO","PV","SAIRANO-ZINASCO","18190","Zinasco","CAVA C.-TORREBER","50","30","5","140","24","0","140","0","0","24","0","2023","Feriale","Invernale","9.030186913","45.133877321","POINT (9.030186913 45.133877321)"
"C_nov 2017","2.792","S01776","LO","BS","Pian di Borno","17206","Piancogno","Pisogne - Breno","20","10","2","50","19","0","50","0","0","19","0","2017","Fer","Invernale","10.221581526","45.915836231","POINT (10.221581526 45.915836231)"
"C_nov 2015","325","S01948","EM","PC","CASTEL S.GIOVANNI","33013","Castel San Giovanni","ALESS.-PIACENZA","30","10","1","140","18","0","140","0","0","18","0","2015","Fer","Invernale","9.436615112","4.506320024","POINT (9.436615112 45.06320024)"
"C_nov 2015","130","S01326","LO","MI","MILANO GRECO PIRELLI","15146","Milano","CHIASSO-MILANO","1520","7410","54","14940","376","9880","5070","0","237","139","0","2015","Fer","Invernale","9.214496679","45.512803065","POINT (9.214496679 45.512803065)"
"C_Luglio2023","112","S01204","LO","VA","INDUNO OLONA","12083","Induno Olona","PORTO C.-GALLARATE","220","70","9","770","77","310","0","470","43","0","34","2023","Feriale","estivo","8.838391122","45.846513143","POINT (8.838391122 45.846513143)"
"C_nov 2017","256","S01810","PI","AL","TORTONA","6174","Tortona","MILANO-GENOVA","260","10","2","760","21","0","0","760","0","0","21","2017","Fer","Invernale","0.886181929","4.490006568","POINT (8.86181929 44.90006568)"
"C_nov 2015","42","S00400","LO","PV","SAIRANO-ZINASCO","18190","Zinasco","CAVA C.-TORREBER","20","10","5","50","27","0","50","0","0","27","0","2015","FER","Invernale","9.030186913","45.133877321","POINT (9.030186913 45.133877321)"
"C_nov 2019","285","S01863","LO","PV","ALBUZZANO","18004","Albuzzano","PAVIA-CASALPUST.","20","0","4","30","21","0","30","0","0","21","0","2019","Fer","Invernale","9.261661322","4.517259006","POINT (9.261661322 45.17259006)"
"C_nov 2018","191","S01502","LO","LC","PADERNO-ROBBIATE","97062","Paderno d'Adda","SEREGNO-BERGAMO","600","180","8","1230","46","0","1230","0","0","46","0","2018","Fer","Invernale","9.439232645","4.567838448","POINT (9.439232645 45.67838448)"
"C_nov 2021","132","S01401","LO","SO","S.CASSIANO VALCHIAVENNA","14054","Prata Camportaccio","CHIAVENNA-COLICO","50","10","3","120","29","0","120","0","0","29","0","2021","Feriale","Invernale","0.093974465","4.627551067","POINT (9.3974465 46.27551067)"
"C_nov 2022","292","S01870","LO","LO","ORIO LITTA","98042","Orio Litta","PAVIA-CASALPUST.","20","10","4","50","22","0","50","0","0","22","0","2022","Feriale","Invernale","9.550621285","45.166863635","POINT (9.550621285 45.166863635)"
"C_nov 2021","2.788","S01794","LO","BS","Paderno (Franciacorta)","17130","Paderno Franciacorta","Brescia - Iseo","130","20","8","200","38","0","200","0","0","38","0","2021","Feriale","Invernale","10.087064635","45.586766511","POINT (10.087064635 45.586766511)"
"C_nov 2018","215","S01539","LO","BS","COLOGNE","17059","Cologne","LECCO-BRESCIA","50","20","3","200","31","0","200","0","0","31","0","2018","Fer","Invernale","9.935343868","45.576709508","POINT (9.935343868 45.576709508)"
"C_nov 2022","241","S01710","LO","BG","MORENGO-BARIANO","16020","Bariano","MILANO-VENEZIA","80","40","5","200","31","0","200","0","0","31","0","2022","Feriale","Invernale","9.703143454","45.521713564","POINT (9.703143454 45.521713564)"
"C_nov 2017","156","S01430","LO","SO","SONDRIO","14061","Sondrio","TIRANO-MILANO Lc-So","190","980","7","2240","63","0","1110","1130","0","36","27","2017","Fer","Invernale","0.987296139","46.167141595","POINT (9.87296139 46.167141595)"
"C_nov 2019","10","S00039","LO","PV","TORREBERETTI","18156","Torre Beretti e Castellaro","MILANO-MORTARA-AL","20","10","4","60","31","0","60","0","0","31","0","2019","Fer","Invernale","8.660466652","45.060615837","POINT (8.660466652 45.060615837)"
"C_nov 2022","2.788","S01794","LO","BS","Paderno (Franciacorta)","17130","Paderno Franciacorta","Brescia - Iseo","130","20","7","230","37","0","230","0","0","37","0","2022","Feriale","Invernale","10.087064635","45.586766511","POINT (10.087064635 45.586766511)"
"C_nov 2019","129","S01325","LO","MI","SESTO S. GIOVANNI","15209","Sesto San Giovanni","CHIASSO-MILANO","1610","3400","37","11310","291","9610","1710","0","245","46","0","2019","Fer","Invernale","9.239294385","45.541170043","POINT (9.239294385 45.541170043)"
"C_nov 2022","181","S01484","LO","MI","MACHERIO CANONICA","108029","Macherio","MONZA-LECCO","130","30","8","200","40","200","0","0","40","0","0","2022","Feriale","Invernale","9.286771042","45.645615415","POINT (9.286771042 45.645615415)"
"C_Luglio2023","218","S01601","LO","BG","TREVIGLIO OVEST","16219","Treviglio","BERGAMO-CREMONA","200","80","11","620","63","0","380","250","0","46","17","2023","Feriale","estivo","0.958031324","45.521845567","POINT (9.58031324 45.521845567)"
"C_nov 2019","2.749","S01765","LO","CO","Como Nord Lago","13075","Como","Saronno - Como","460","710","10","2260","70","0","2000","270","0","61","9","2019","Fer","Invernale","9.084320036","45.813688508","POINT (9.084320036 45.813688508)"
"C_nov 2022","253","S01806","LO","PV","PIZZALE-LUNGAVILLA","18084","Lungavilla","MILANO-GENOVA","110","20","5","170","27","0","0","170","0","0","27","2022","Feriale","Invernale","9.069006681","45.049924012","POINT (9.069006681 45.049924012)"
"C_nov 2018","2.820","S01738","LO","VA","Varese Nord","12133","Varese","Saronno - Varese Nord","900","940","12","4080","79","0","2320","1770","0","57","22","2018","Fer","Invernale","8.834307422","4.581847437","POINT (8.834307422 45.81847437)"
"C_nov 2020","81","S01035","LO","MI","PARABIAGO","15168","Parabiago","DOMODOSSOLA-MILANO","250","120","11","810","65","740","50","40","62","2","1","2020","Feriale","Invernale","8.946358229","4.555251981","POINT (8.946358229 45.55251981)"
"C_nov 2019","2.856","S01648","LO","MI","MILANO REPUBBLICA","15146","Milano","PASSANTE","2090","6160","41","16160","359","16160","0","0","359","0","0","2019","Fer","Invernale","9.198815201","45.480365497","POINT (9.198815201 45.480365497)"
"C_nov 2022","2.780","S01079","LO","MI","Milano Bruzzano","15146","Milano","Milano Nord Bovisa - Seve","150","90","16","500","128","500","0","0","128","0","0","2022","Feriale","Invernale","9.172814019","45.533621361","POINT (9.172814019 45.533621361)"
"C_Novembre2023","163","S01439","LO","SO","VILLA DI TIRANO","14078","Villa di Tirano","TIRANO-MILANO So-Tir","50","10","1","50","4","0","10","50","0","3","1","2023","Feriale","Invernale","10.130361703","46.196242159","POINT (10.130361703 46.196242159)"
"C_Novembre2023","325","S01948","EM","PC","CASTEL S.GIOVANNI","33013","Castel San Giovanni","ALESS.-PIACENZA","30","20","1","170","14","0","170","0","0","14","0","2023","Feriale","Invernale","9.436615112","4.506320024","POINT (9.436615112 45.06320024)"
"C_nov 2017","8","S00037","LO","PV","VALLE LOMELLINA","18168","Valle Lomellina","MILANO-MORTARA-AL","30","10","2","60","10","0","60","0","0","10","0","2017","Fer","Invernale","8.685911785","45.150674037","POINT (8.685911785 45.150674037)"
"C_Luglio2023","232","S01700","LO","MI","MILANO CENTRALE","15146","Milano","MILANO-BOLOGNA","2860","7490","42","29190","274","100","3770","25330","3","48","223","2023","Feriale","estivo","9.204867788","45.486276592","POINT (9.204867788 45.486276592)"
"C_nov 2020","2.765","S01093","LO","CO","Inverigo","13118","Inverigo","Seveso - Asso","50","20","7","160","44","0","160","0","0","44","0","2020","Feriale","Invernale","9.224441129","45.740269966","POINT (9.224441129 45.740269966)"
"C_nov 2017","187","S01490","LO","LC","CASSAGO-NIBIONNO-BULC.","97017","Cassago Brianza","MONZA-LECCO","170","30","5","360","36","360","0","0","36","0","0","2017","Fer","Invernale","9.279864449","45.746319529","POINT (9.279864449 45.746319529)"
"C_nov 2017","129","S01325","LO","MI","SESTO S. GIOVANNI","15209","Sesto San Giovanni","CHIASSO-MILANO","1420","3310","39","10260","311","8530","1730","0","248","63","0","2017","Fer","Invernale","9.239294385","45.541170043","POINT (9.239294385 45.541170043)"
"C_nov 2021","35","S00273","LO","PV","NICORVO","18103","Nicorvo","VERCELLI-PAVIA","10","0","2","10","22","0","10","0","0","22","0","2021","Feriale","Invernale","8.671238408","45.275537833","POINT (8.671238408 45.275537833)"
"C_nov 2016","259","S01822","LO","MI","MELEGNANO","15140","Melegnano","MILANO-BOLOGNA","910","350","10","2160","79","2160","0","0","79","0","0","2016","Fer","Invernale","0.009319302","45.356405865","POINT (9.319302 45.356405865)"
"C_nov 2022","2.776","S01783","LO","BS","Marone-Zone","17106","Marone","Iseo - Pisogne","70","10","4","170","18","0","130","40","0","12","6","2022","Feriale","Invernale","10.093296727","45.738197328","POINT (10.093296727 45.738197328)"
"C_nov 2017","164","S01440","LO","SO","TIRANO","14066","Tirano","TIRANO-MILANO So-Tir","180","120","4","600","30","0","60","540","0","9","21","2017","Fer","Invernale","10.166987267","46.215458161","POINT (10.166987267 46.215458161)"
"C_nov 2019","298","S01904","LO","CR","ROBECCO-PONTEVICO","19085","Robecco d'Oglio","BRESCIA-CREMONA","60","20","3","130","28","0","130","0","0","28","0","2019","Fer","Invernale","10.078618004","45.266299802","POINT (10.078618004 45.266299802)"
"C_nov 2015","2.817","S01751","LO","MI","Turbigo","15226","Turbigo","Saronno - Novara","290","70","6","630","45","0","630","0","0","45","0","2015","Fer","Invernale","8.738913891","45.528044364","POINT (8.738913891 45.528044364)"
"C_nov 2022","5.854","S01109","LO","MI","Cormano-Cusano Milanino","15098","Cusano Milanino","Milano Nord Bovisa - Seve","1140","340","16","2830","128","2830","0","0","128","0","0","2022","Feriale","Invernale","9.173714792","45.545195079","POINT (9.173714792 45.545195079)"
"C_nov 2018","2.802","S01792","LO","BS","Rovato Borgo","17166","Rovato","Bornato - Rovato","10","20","4","30","16","0","30","0","0","16","0","2018","Fer","Invernale","10.002190507","45.552804384","POINT (10.002190507 45.552804384)"
"C_Novembre2023","2.735","S01136","LO","VA","Castellanza","12042","Castellanza","Saronno - Novara","680","220","12","1510","80","0","1510","0","0","80","0","2023","Feriale","Invernale","8.875445238","45.610465237","POINT (8.875445238 45.610465237)"
"C_Novembre2023","242","S01711","LO","BG","ROMANO","16183","Romano di Lombardia","MILANO-VENEZIA","800","510","10","2400","69","0","980","1420","0","33","36","2023","Feriale","Invernale","0.975343152","45.523917724","POINT (9.75343152 45.523917724)"
"C_nov 2019","2.726","S01759","LO","CO","Cadorago","13036","Cadorago","Saronno - Como","290","60","8","610","61","0","610","0","0","61","0","2019","Fer","Invernale","9.041099041","45.729810407","POINT (9.041099041 45.729810407)"
"C_nov 2018","2.739","S01086","LO","MI","Cesano Maderno","108019","Cesano Maderno","Milano Nord Bovisa - Seve","2050","650","31","5540","250","3700","1840","0","199","51","0","2018","Fer","Invernale","9.141966766","45.631316886","POINT (9.141966766 45.631316886)"
"C_nov 2015","2.864","S01715","LO","MI","SEGRATE","15205","Segrate","MILANO-VENEZIA","530","510","16","1850","146","1850","0","0","146","0","0","2015","Fer","Invernale","9.291418669","45.479594282","POINT (9.291418669 45.479594282)"
"C_nov 2016","2.794","S01786","LO","BS","Pilzone","17085","Iseo","Iseo - Pisogne","20","10","4","40","20","0","40","0","0","20","0","2016","Fer","Invernale","10.079163075","45.674416503","POINT (10.079163075 45.674416503)"
"C_nov 2021","230","S01640","LO","MI","MILANO CERTOSA","15146","Milano","TORINO-MILANO","870","850","23","4680","156","4650","40","0","151","3","2","2021","Feriale","Invernale","0.913393857","45.507007737","POINT (9.13393857 45.507007737)"
"C_nov 2017","272","S01844","LO","BS","VISANO","17203","Visano","BRESCIA-PARMA","30","10","3","90","24","0","90","0","0","24","0","2017","Fer","Invernale","10.363129196","45.315389802","POINT (10.363129196 45.315389802)"
"C_nov 2017","166","S01451","LO","CO","CANTU'","13041","Cantu'","ALBATE-MOLTENO","10","20","4","60","23","0","60","0","0","23","0","2017","Fer","Invernale","9.130350159","45.752397871","POINT (9.130350159 45.752397871)"
"C_nov 2016","2.825","S01735","LO","VA","Venegono Sup.-Castiglione","12137","Venegono Superiore","Saronno - Varese Nord","200","60","8","530","57","0","530","0","0","57","0","2016","Fer","Invernale","8.890295606","45.758175712","POINT (8.890295606 45.758175712)"
"C_Novembre2023","221","S01604","LO","CR","CASALETTO VAPRIO","19020","Casaletto Vaprio","BERGAMO-CREMONA","60","20","4","180","35","0","180","0","0","35","0","2023","Feriale","Invernale","9.631769572","45.408725407","POINT (9.631769572 45.408725407)"
"C_nov 2018","89","S01062","LO","MI","ABBIATEGRASSO","15002","Abbiategrasso","MILANO-MORTARA-AL","1480","320","8","3500","46","0","3500","0","0","46","0","2018","Fer","Invernale","8.921337035","45.400715222","POINT (8.921337035 45.400715222)"
"C_nov 2019","2.784","S01740","LO","VA","Morosolo-Casciago","12038","Casciago","Varese Nord - Laveno Momb","190","60","8","360","42","0","130","240","0","21","21","2019","Fer","Invernale","8.777403493","45.826573232","POINT (8.777403493 45.826573232)"
"C_Novembre2023","270","S01842","LO","BS","VIADANA BRESCIANA","17034","Calvisano","BRESCIA-PARMA","60","30","4","150","31","0","150","0","0","31","0","2023","Feriale","Invernale","0.103318218","45.373727831","POINT (10.3318218 45.373727831)"
"C_nov 2021","224","S01607","LO","CR","SORESINA","19098","Soresina","BERGAMO-CREMONA","110","40","5","360","36","0","360","0","0","36","0","2021","Feriale","Invernale","9.856662219","45.283167819","POINT (9.856662219 45.283167819)"
"C_nov 2020","2.798","S01761","LO","CO","Portichetto-Luisago","13135","Luisago","Saronno - Como","60","50","8","210","54","0","210","0","0","54","0","2020","Feriale","Invernale","9.050289685","45.759200753","POINT (9.050289685 45.759200753)"
"C_nov 2021","325","S01948","EM","PC","CASTEL S.GIOVANNI","33013","Castel San Giovanni","ALESS.-PIACENZA","40","10","1","310","14","0","310","0","0","14","0","2021","Feriale","Invernale","9.436615112","4.506320024","POINT (9.436615112 45.06320024)"
"C_nov 2015","2.735","S01136","LO","VA","Castellanza","12042","Castellanza","Saronno - Novara","780","200","10","1750","77","0","1750","0","0","77","0","2015","Fer","Invernale","8.875445238","45.610465237","POINT (8.875445238 45.610465237)"
