"N. linea","Linea","Campagna","Tipo giorno","Viaggiatori","N. corse","viagg*km","treni*km","posti*km","Posti"
"R1","Bergamo - Brescia","c2024Luglio","Feriale","6.800","39","149.100","1.940","532.400","10.750"
"R1","Bergamo - Brescia","c2024Luglio","Festivo","4.900","34","118.800","1.660","485.200","9.960"
"R1","Bergamo - Brescia","c2024Luglio","Sabato","6.100","39","142.200","1.890","506.500","10.490"
"R1","Bergamo - Brescia","c2024Maggio","Feriale","8.600","39","189.700","1.960","536.600","10.750"
"R1","Bergamo - Brescia","c2024Maggio","Festivo","5.100","34","113.800","1.660","485.200","9.960"
"R1","Bergamo - Brescia","c2024Maggio","Sabato","6.900","40","154.800","1.950","523.500","10.750"
"R1","Bergamo - Brescia","c2024Novembre","Feriale","9.200","39","197.900","1.960","536.600","10.750"
"R1","Bergamo - Brescia","c2024Novembre","Festivo","3.200","34","37.800","520","147.300","9.960"
"R1","Bergamo - Brescia","c2024Novembre","Sabato","6.600","40","140.000","1.950","523.500","10.750"
"R1","Bergamo - Brescia","c2025Luglio","Feriale","6.300","38","137.000","1.860","970.300","19.920"
"R1","Bergamo - Brescia","c2025Luglio","Festivo","4.600","34","104.400","1.660","868.200","17.820"
"R1","Bergamo - Brescia","c2025Luglio","Sabato","6.000","40","142.600","1.950","1.021.400","20.970"
"R1","Bergamo - Brescia","c2025Maggio","Feriale","8.300","38","173.400","1.860","510.700","10.490"
"R1","Bergamo - Brescia","c2025Maggio","Festivo","5.100","34","114.800","1.660","485.200","9.960"
"R1","Bergamo - Brescia","c2025Maggio","Sabato","7.000","40","156.400","1.950","523.500","10.750"
"R1","Bergamo - Brescia","c2025Novembre","Feriale","9.400","38","195.300","1.860","510.700","10.490"
"R1","Bergamo - Brescia","c2025Novembre","Festivo","5.100","34","110.500","1.660","485.200","9.960"
"R1","Bergamo - Brescia","c2025Novembre","Sabato","6.900","40","146.300","1.950","523.500","10.750"
"R11","Colico - Chiavenna","c2024Luglio","Feriale","1.000","30","14.200","740","192.900","7.870"
"R11","Colico - Chiavenna","c2024Luglio","Festivo","900","27","13.400","660","172.200","7.080"
"R11","Colico - Chiavenna","c2024Luglio","Sabato","1.000","30","14.700","740","192.900","7.870"
"R11","Colico - Chiavenna","c2024Maggio","Feriale","1.600","30","23.500","790","239.000","9.100"
"R11","Colico - Chiavenna","c2024Maggio","Festivo","900","28","13.100","740","223.000","8.490"
"R11","Colico - Chiavenna","c2024Maggio","Sabato","1.300","30","18.500","790","239.000","9.100"
"R11","Colico - Chiavenna","c2024Novembre","Feriale","1.800","30","30.500","790","206.600","7.870"
"R11","Colico - Chiavenna","c2024Novembre","Festivo","900","28","14.100","740","192.900","7.340"
"R11","Colico - Chiavenna","c2024Novembre","Sabato","1.500","30","24.600","790","206.600","7.870"
"R11","Colico - Chiavenna","c2025Maggio","Feriale","1.700","30","28.400","790","206.600","7.870"
"R11","Colico - Chiavenna","c2025Maggio","Festivo","900","28","13.700","740","192.900","7.340"
"R11","Colico - Chiavenna","c2025Maggio","Sabato","1.500","30","24.100","790","206.600","7.870"
"R11","Colico - Chiavenna","c2025Novembre","Feriale","1.800","30","30.700","790","206.600","7.870"
"R11","Colico - Chiavenna","c2025Novembre","Festivo","800","28","11.400","740","192.900","7.340"
"R11","Colico - Chiavenna","c2025Novembre","Sabato","1.600","30","26.200","790","206.600","7.870"
"R12","Sondrio - Tirano","c2024Maggio","Feriale","200","4","3.900","110","40.200","1.550"
"R12","Sondrio - Tirano","c2024Maggio","Festivo","100","3","800","80","26.600","1.030"
"R12","Sondrio - Tirano","c2024Maggio","Sabato","200","4","2.700","110","40.200","1.550"
"R12","Sondrio - Tirano","c2024Novembre","Feriale","100","4","1.600","110","36.100","1.400"
"R12","Sondrio - Tirano","c2024Novembre","Festivo","100","1","200","30","15.700","610"
"R12","Sondrio - Tirano","c2024Novembre","Sabato","100","4","1.500","110","36.100","1.400"
"R12","Sondrio - Tirano","c2025Maggio","Feriale","200","4","1.600","110","36.100","1.400"
"R12","Sondrio - Tirano","c2025Maggio","Festivo","100","1","200","30","15.700","610"
"R12","Sondrio - Tirano","c2025Maggio","Sabato","200","4","2.000","110","36.100","1.400"
"R12","Sondrio - Tirano","c2025Novembre","Feriale","200","5","2.400","130","51.800","2.000"
"R12","Sondrio - Tirano","c2025Novembre","Festivo","100","2","500","60","31.400","1.210"
"R12","Sondrio - Tirano","c2025Novembre","Sabato","200","5","1.600","130","51.800","2.000"
"R13","Calolziocorte - Lecco - Colico - Sondrio","c2024Luglio","Feriale","3.400","27","23.300","610","209.300","8.910"
"R13","Calolziocorte - Lecco - Colico - Sondrio","c2024Luglio","Festivo","2.100","22","27.200","760","215.800","6.290"
"R13","Calolziocorte - Lecco - Colico - Sondrio","c2024Luglio","Sabato","4.200","30","29.000","770","217.100","8.590"
"R13","Calolziocorte - Lecco - Colico - Sondrio","c2024Maggio","Feriale","5.000","28","83.400","1.910","644.100","9.730"
"R13","Calolziocorte - Lecco - Colico - Sondrio","c2024Maggio","Festivo","4.000","28","67.300","2.020","684.400","9.520"
"R13","Calolziocorte - Lecco - Colico - Sondrio","c2024Maggio","Sabato","5.000","29","83.200","1.950","665.100","10.070"
"R13","Calolziocorte - Lecco - Colico - Sondrio","c2024Novembre","Feriale","4.200","28","75.600","1.910","578.200","8.470"
"R13","Calolziocorte - Lecco - Colico - Sondrio","c2024Novembre","Festivo","2.000","24","35.300","1.700","532.400","7.500"
"R13","Calolziocorte - Lecco - Colico - Sondrio","c2024Novembre","Sabato","3.900","30","67.200","1.990","598.600","8.990"
"R13","Calolziocorte - Lecco - Colico - Sondrio","c2025Maggio","Feriale","5.500","33","80.900","1.910","578.200","8.470"
"R13","Calolziocorte - Lecco - Colico - Sondrio","c2025Maggio","Festivo","4.200","27","65.300","1.960","595.300","7.990"
"R13","Calolziocorte - Lecco - Colico - Sondrio","c2025Maggio","Sabato","5.500","33","81.800","1.990","598.600","8.990"
"R13","Calolziocorte - Lecco - Colico - Sondrio","c2025Novembre","Feriale","4.700","46","76.000","2.480","753.600","14.500"
"R13","Calolziocorte - Lecco - Colico - Sondrio","c2025Novembre","Festivo","3.600","46","76.100","2.940","969.000","14.880"
"R13","Calolziocorte - Lecco - Colico - Sondrio","c2025Novembre","Sabato","5.200","49","92.900","2.760","849.000","15.230"
"R14","Bergamo - Carnate - Milano","c2024Luglio","Feriale","11.200","42","53.400","600","337.300","23.600"
"R14","Bergamo - Carnate - Milano","c2024Luglio","Festivo","6.400","37","39.700","510","287.000","20.870"
"R14","Bergamo - Carnate - Milano","c2024Luglio","Sabato","7.600","40","40.400","540","302.200","22.500"
"R14","Bergamo - Carnate - Milano","c2024Maggio","Feriale","17.000","43","288.100","1.830","1.030.900","24.290"
"R14","Bergamo - Carnate - Milano","c2024Maggio","Festivo","6.500","33","102.300","1.400","820.100","19.390"
"R14","Bergamo - Carnate - Milano","c2024Maggio","Sabato","9.200","41","158.800","1.750","994.100","23.420"
"R14","Bergamo - Carnate - Milano","c2024Novembre","Feriale","16.400","45","118.200","980","549.300","25.310"
"R14","Bergamo - Carnate - Milano","c2024Novembre","Festivo","6.700","35","59.700","720","405.700","19.740"
"R14","Bergamo - Carnate - Milano","c2024Novembre","Sabato","8.700","42","71.400","940","520.600","23.520"
"R14","Bergamo - Carnate - Milano","c2025Luglio","Feriale","11.600","43","180.800","1.820","1.021.500","24.160"
"R14","Bergamo - Carnate - Milano","c2025Luglio","Festivo","6.300","35","89.700","1.490","836.000","19.770"
"R14","Bergamo - Carnate - Milano","c2025Luglio","Sabato","7.400","43","116.000","1.820","1.024.800","24.230"
"R14","Bergamo - Carnate - Milano","c2025Maggio","Feriale","12.900","43","217.300","1.820","934.800","22.110"
"R14","Bergamo - Carnate - Milano","c2025Maggio","Festivo","6.500","33","111.600","1.400","736.000","17.410"
"R14","Bergamo - Carnate - Milano","c2025Maggio","Sabato","7.700","37","128.300","1.570","819.000","19.370"
"R14","Bergamo - Carnate - Milano","c2025Novembre","Feriale","14.000","43","224.200","1.820","1.021.500","24.160"
"R14","Bergamo - Carnate - Milano","c2025Novembre","Festivo","8.000","36","120.400","1.530","858.100","20.290"
"R14","Bergamo - Carnate - Milano","c2025Novembre","Sabato","8.500","43","149.300","1.820","1.021.500","24.160"
"R16","Asso - Milano","c2024Luglio","Feriale","15.900","52","275.700","2.470","1.286.000","26.880"
"R16","Asso - Milano","c2024Luglio","Festivo","4.700","28","79.200","1.360","659.600","13.660"
"R16","Asso - Milano","c2024Luglio","Sabato","7.600","42","122.400","1.980","936.600","19.720"
"R16","Asso - Milano","c2024Maggio","Feriale","19.900","53","344.000","2.540","1.334.000","27.580"
"R16","Asso - Milano","c2024Maggio","Festivo","5.400","30","98.100","1.500","697.500","14.000"
"R16","Asso - Milano","c2024Maggio","Sabato","10.500","42","172.300","2.040","1.058.200","21.610"
"R16","Asso - Milano","c2024Novembre","Feriale","22.200","53","382.700","2.440","1.265.600","27.420"
"R16","Asso - Milano","c2024Novembre","Festivo","5.400","24","96.500","1.210","554.800","11.010"
"R16","Asso - Milano","c2024Novembre","Sabato","9.700","43","164.500","1.970","966.500","20.850"
"R16","Asso - Milano","c2025Luglio","Feriale","17.300","57","301.800","2.690","1.423.000","30.060"
"R16","Asso - Milano","c2025Luglio","Festivo","4.100","23","64.100","1.140","607.700","12.410"
"R16","Asso - Milano","c2025Luglio","Sabato","5.200","32","93.100","1.580","896.100","18.080"
"R16","Asso - Milano","c2025Maggio","Feriale","21.900","57","365.500","2.690","1.502.600","31.700"
"R16","Asso - Milano","c2025Maggio","Festivo","6.200","31","108.600","1.490","785.300","16.340"
"R16","Asso - Milano","c2025Maggio","Sabato","10.700","48","179.500","2.290","1.220.800","25.500"
"R16","Asso - Milano","c2025Novembre","Feriale","24.900","57","418.600","2.690","1.487.900","31.380"
"R16","Asso - Milano","c2025Novembre","Festivo","4.400","27","64.100","830","522.000","16.950"
"R16","Asso - Milano","c2025Novembre","Sabato","10.100","46","165.500","2.190","1.211.600","25.470"
"R17","Como - Saronno - Milano","c2024Luglio","Feriale","17.800","61","393.400","2.810","1.360.300","29.580"
"R17","Como - Saronno - Milano","c2024Luglio","Festivo","8.400","36","200.800","1.660","925.500","20.090"
"R17","Como - Saronno - Milano","c2024Luglio","Sabato","12.000","44","272.100","2.030","1.070.400","23.230"
"R17","Como - Saronno - Milano","c2024Maggio","Feriale","22.500","63","482.400","2.900","1.410.200","30.670"
"R17","Como - Saronno - Milano","c2024Maggio","Festivo","11.100","36","284.700","1.660","971.400","21.080"
"R17","Como - Saronno - Milano","c2024Maggio","Sabato","14.300","51","335.400","2.360","1.193.600","25.900"
"R17","Como - Saronno - Milano","c2024Novembre","Feriale","25.400","65","537.200","3.000","1.494.900","32.500"
"R17","Como - Saronno - Milano","c2024Novembre","Festivo","7.800","30","182.300","1.380","810.400","17.630"
"R17","Como - Saronno - Milano","c2024Novembre","Sabato","13.300","48","306.300","2.210","1.159.500","25.220"
"R17","Como - Saronno - Milano","c2025Luglio","Feriale","17.500","57","395.700","2.630","1.426.000","30.950"
"R17","Como - Saronno - Milano","c2025Luglio","Festivo","11.100","37","261.800","1.710","986.700","21.410"
"R17","Como - Saronno - Milano","c2025Luglio","Sabato","12.500","42","298.900","1.940","1.119.400","24.290"
"R17","Como - Saronno - Milano","c2025Maggio","Feriale","23.200","63","481.500","2.910","1.548.900","33.610"
"R17","Como - Saronno - Milano","c2025Maggio","Festivo","12.800","38","294.100","1.760","1.008.300","21.880"
"R17","Como - Saronno - Milano","c2025Maggio","Sabato","16.300","47","382.500","2.170","1.243.800","26.990"
"R17","Como - Saronno - Milano","c2025Novembre","Feriale","25.600","63","520.600","2.910","1.527.500","33.150"
"R17","Como - Saronno - Milano","c2025Novembre","Festivo","12.400","38","297.700","1.760","1.004.900","21.810"
"R17","Como - Saronno - Milano","c2025Novembre","Sabato","17.600","47","342.900","2.170","1.221.700","26.560"
"R18","Como - Molteno - Lecco","c2024Maggio","Feriale","1.200","23","15.000","730","96.900","2.950"
"R18","Como - Molteno - Lecco","c2024Maggio","Sabato","800","23","10.200","730","96.900","2.950"
"R18","Como - Molteno - Lecco","c2024Novembre","Feriale","1.300","23","14.800","730","96.900","2.950"
"R18","Como - Molteno - Lecco","c2024Novembre","Sabato","700","23","8.300","730","96.900","2.950"
"R18","Como - Molteno - Lecco","c2025Luglio","Feriale","600","23","7.400","730","96.900","2.950"
"R18","Como - Molteno - Lecco","c2025Luglio","Sabato","500","23","6.300","730","96.900","2.950"
"R18","Como - Molteno - Lecco","c2025Maggio","Feriale","1.200","23","14.100","730","96.900","2.950"
"R18","Como - Molteno - Lecco","c2025Maggio","Sabato","800","23","8.900","730","96.900","2.950"
"R18","Como - Molteno - Lecco","c2025Novembre","Feriale","1.300","23","15.800","730","96.900","2.950"
"R18","Como - Molteno - Lecco","c2025Novembre","Sabato","800","23","8.700","730","96.900","2.950"
"R2","Bergamo - Treviglio","c2024Luglio","Feriale","3.600","35","48.900","770","514.500","23.520"
"R2","Bergamo - Treviglio","c2024Luglio","Festivo","2.400","32","37.100","710","451.900","20.650"
"R2","Bergamo - Treviglio","c2024Luglio","Sabato","2.700","32","35.300","710","466.100","21.310"
"R2","Bergamo - Treviglio","c2024Maggio","Feriale","4.900","35","65.000","770","514.500","23.520"
"R2","Bergamo - Treviglio","c2024Maggio","Festivo","3.000","32","45.500","710","461.400","21.090"
"R2","Bergamo - Treviglio","c2024Maggio","Sabato","3.700","32","49.000","710","474.700","21.700"
"R2","Bergamo - Treviglio","c2024Novembre","Feriale","5.200","35","68.700","770","514.500","23.520"
"R2","Bergamo - Treviglio","c2024Novembre","Festivo","2.100","30","29.400","660","436.600","19.960"
"R2","Bergamo - Treviglio","c2024Novembre","Sabato","3.900","32","52.000","700","465.200","21.310"
"R2","Bergamo - Treviglio","c2025Luglio","Feriale","6.800","35","101.600","770","432.600","19.770"
"R2","Bergamo - Treviglio","c2025Luglio","Festivo","3.400","31","49.800","680","458.900","20.980"
"R2","Bergamo - Treviglio","c2025Luglio","Sabato","3.800","29","55.800","640","424.900","19.420"
"R2","Bergamo - Treviglio","c2025Maggio","Feriale","5.200","35","71.600","770","514.500","23.520"
"R2","Bergamo - Treviglio","c2025Maggio","Festivo","3.200","29","49.700","640","416.700","19.050"
"R2","Bergamo - Treviglio","c2025Maggio","Sabato","4.600","30","67.800","660","448.800","20.510"
"R2","Bergamo - Treviglio","c2025Novembre","Feriale","5.400","35","73.800","770","514.500","23.520"
"R2","Bergamo - Treviglio","c2025Novembre","Festivo","3.300","32","48.400","710","456.900","20.880"
"R2","Bergamo - Treviglio","c2025Novembre","Sabato","4.100","31","58.500","680","452.600","20.690"
"R21","Luino - Gallarate","c2024Luglio","Feriale","1.800","14","26.300","460","197.800","5.340"
"R21","Luino - Gallarate","c2024Luglio","Festivo","500","8","4.700","220","48.600","1.750"
"R21","Luino - Gallarate","c2024Luglio","Sabato","800","11","8.400","390","155.900","4.000"
"R21","Luino - Gallarate","c2024Maggio","Feriale","2.200","13","62.700","830","316.500","4.670"
"R21","Luino - Gallarate","c2024Maggio","Festivo","500","7","8.100","400","89.600","1.580"
"R21","Luino - Gallarate","c2024Maggio","Sabato","800","11","17.800","660","219.600","3.620"
"R21","Luino - Gallarate","c2024Novembre","Feriale","2.200","13","56.000","830","347.500","5.160"
"R21","Luino - Gallarate","c2024Novembre","Festivo","500","8","7.000","400","89.600","1.840"
"R21","Luino - Gallarate","c2024Novembre","Sabato","1.000","14","21.800","800","271.200","4.520"
"R21","Luino - Gallarate","c2025Luglio","Feriale","2.000","19","45.000","1.190","409.600","6.390"
"R21","Luino - Gallarate","c2025Luglio","Festivo","600","10","10.600","540","162.300","3.040"
"R21","Luino - Gallarate","c2025Luglio","Sabato","700","13","14.200","760","221.400","3.810"
"R21","Luino - Gallarate","c2025Maggio","Feriale","2.100","20","47.200","1.170","407.100","6.690"
"R21","Luino - Gallarate","c2025Maggio","Festivo","500","10","8.900","540","162.300","3.040"
"R21","Luino - Gallarate","c2025Maggio","Sabato","800","13","14.800","760","227.400","3.940"
"R21","Luino - Gallarate","c2025Novembre","Feriale","2.100","18","49.600","1.140","401.700","6.220"
"R21","Luino - Gallarate","c2025Novembre","Festivo","400","10","6.800","540","162.300","3.040"
"R21","Luino - Gallarate","c2025Novembre","Sabato","900","14","17.800","800","235.300","4.120"
"R22","Varese - Saronno - Milano","c2024Luglio","Feriale","20.600","67","422.100","3.740","2.114.300","37.700"
"R22","Varese - Saronno - Milano","c2024Luglio","Festivo","7.700","32","176.700","1.980","1.094.100","17.410"
"R22","Varese - Saronno - Milano","c2024Luglio","Sabato","12.100","52","251.300","2.990","1.650.100","28.540"
"R22","Varese - Saronno - Milano","c2024Maggio","Feriale","25.900","67","509.800","3.740","2.100.700","37.430"
"R22","Varese - Saronno - Milano","c2024Maggio","Festivo","8.900","37","201.400","2.230","1.184.400","19.480"
"R22","Varese - Saronno - Milano","c2024Maggio","Sabato","15.300","53","305.500","3.120","1.736.100","29.450"
"R22","Varese - Saronno - Milano","c2024Novembre","Feriale","29.000","67","578.700","3.740","2.109.800","37.620"
"R22","Varese - Saronno - Milano","c2024Novembre","Festivo","9.500","35","209.600","2.130","1.115.800","18.130"
"R22","Varese - Saronno - Milano","c2024Novembre","Sabato","16.000","56","319.900","3.220","1.788.400","31.030"
"R22","Varese - Saronno - Milano","c2025Luglio","Feriale","16.700","62","317.900","3.230","1.703.700","32.470"
"R22","Varese - Saronno - Milano","c2025Luglio","Festivo","5.900","30","106.400","1.590","887.800","16.810"
"R22","Varese - Saronno - Milano","c2025Luglio","Sabato","8.000","36","143.800","1.910","1.048.300","19.740"
"R22","Varese - Saronno - Milano","c2025Maggio","Feriale","21.800","64","387.900","3.230","1.736.600","34.240"
"R22","Varese - Saronno - Milano","c2025Maggio","Festivo","8.000","36","140.800","1.910","1.011.500","19.290"
"R22","Varese - Saronno - Milano","c2025Maggio","Sabato","11.200","45","202.400","2.350","1.241.100","23.500"
"R22","Varese - Saronno - Milano","c2025Novembre","Feriale","24.200","64","432.700","3.210","1.718.500","34.130"
"R22","Varese - Saronno - Milano","c2025Novembre","Festivo","8.800","37","175.600","1.930","1.003.100","19.540"
"R22","Varese - Saronno - Milano","c2025Novembre","Sabato","11.700","43","209.900","2.230","1.225.200","23.360"
"R23","Domodossola - Gallarate - Milano","c2024Luglio","Feriale","3.800","18","45.700","460","259.100","10.360"
"R23","Domodossola - Gallarate - Milano","c2024Luglio","Festivo","500","5","5.400","180","98.700","2.880"
"R23","Domodossola - Gallarate - Milano","c2024Luglio","Sabato","2.900","20","34.300","510","290.000","11.510"
"R23","Domodossola - Gallarate - Milano","c2024Maggio","Feriale","7.500","30","246.600","2.550","1.338.500","16.120"
"R23","Domodossola - Gallarate - Milano","c2024Maggio","Festivo","2.700","16","87.900","1.640","829.700","8.300"
"R23","Domodossola - Gallarate - Milano","c2024Maggio","Sabato","4.900","29","157.800","2.470","1.304.100","15.670"
"R23","Domodossola - Gallarate - Milano","c2024Novembre","Feriale","8.500","30","132.100","1.160","661.000","16.120"
"R23","Domodossola - Gallarate - Milano","c2024Novembre","Festivo","2.700","16","14.300","320","180.700","8.300"
"R23","Domodossola - Gallarate - Milano","c2024Novembre","Sabato","5.000","30","78.600","1.160","656.100","16.260"
"R23","Domodossola - Gallarate - Milano","c2025Luglio","Feriale","7.900","35","234.500","2.250","1.290.700","20.130"
"R23","Domodossola - Gallarate - Milano","c2025Luglio","Festivo","3.900","26","126.100","1.670","957.500","14.960"
"R23","Domodossola - Gallarate - Milano","c2025Luglio","Sabato","5.300","34","173.600","2.190","1.253.600","19.560"
"R23","Domodossola - Gallarate - Milano","c2025Maggio","Feriale","7.000","35","146.000","2.870","1.629.300","19.870"
"R23","Domodossola - Gallarate - Milano","c2025Maggio","Festivo","2.300","16","28.600","1.520","869.300","8.630"
"R23","Domodossola - Gallarate - Milano","c2025Maggio","Sabato","5.100","32","99.200","2.670","1.530.300","18.410"
"R23","Domodossola - Gallarate - Milano","c2025Novembre","Feriale","6.600","35","152.000","2.870","1.629.300","19.870"
"R23","Domodossola - Gallarate - Milano","c2025Novembre","Festivo","3.600","28","54.600","2.630","1.461.400","15.580"
"R23","Domodossola - Gallarate - Milano","c2025Novembre","Sabato","5.200","36","97.400","3.150","1.806.000","20.710"
"R25","Mortara - Novara","c2024Luglio","Feriale","500","10","8.100","310","0","0"
"R25","Mortara - Novara","c2024Luglio","Festivo","100","2","1.200","70","0","0"
"R25","Mortara - Novara","c2024Luglio","Sabato","100","4","1.500","120","0","0"
"R25","Mortara - Novara","c2024Novembre","Feriale","700","8","9.300","260","13.000","480"
"R25","Mortara - Novara","c2024Novembre","Sabato","100","1","100","30","0","0"
"R27","Novara - Saronno - Milano","c2024Luglio","Feriale","10.400","36","258.700","2.210","1.088.600","17.800"
"R27","Novara - Saronno - Milano","c2024Luglio","Festivo","4.700","26","115.400","1.600","876.500","14.330"
"R27","Novara - Saronno - Milano","c2024Luglio","Sabato","5.400","26","136.700","1.600","876.500","14.330"
"R27","Novara - Saronno - Milano","c2024Maggio","Feriale","12.700","36","297.300","2.210","1.072.100","17.530"
"R27","Novara - Saronno - Milano","c2024Maggio","Festivo","5.100","27","127.500","1.660","904.500","14.790"
"R27","Novara - Saronno - Milano","c2024Maggio","Sabato","5.500","26","130.900","1.600","811.100","13.260"
"R27","Novara - Saronno - Milano","c2024Novembre","Feriale","14.100","36","342.800","2.210","1.103.500","18.040"
"R27","Novara - Saronno - Milano","c2024Novembre","Festivo","5.200","25","135.000","1.530","847.600","13.860"
"R27","Novara - Saronno - Milano","c2024Novembre","Sabato","7.400","32","181.700","1.960","1.045.400","17.090"
"R27","Novara - Saronno - Milano","c2025Luglio","Feriale","9.800","35","249.400","2.150","1.116.700","18.260"
"R27","Novara - Saronno - Milano","c2025Luglio","Festivo","4.000","23","102.500","1.410","787.100","12.870"
"R27","Novara - Saronno - Milano","c2025Luglio","Sabato","5.100","28","124.800","1.720","951.300","15.560"
"R27","Novara - Saronno - Milano","c2025Maggio","Feriale","12.600","36","300.700","2.210","1.158.000","18.930"
"R27","Novara - Saronno - Milano","c2025Maggio","Festivo","4.500","28","99.600","1.620","885.900","15.270"
"R27","Novara - Saronno - Milano","c2025Maggio","Sabato","6.900","32","164.900","1.910","1.055.700","17.660"
"R27","Novara - Saronno - Milano","c2025Novembre","Feriale","12.300","31","303.700","1.900","1.013.900","16.580"
"R27","Novara - Saronno - Milano","c2025Novembre","Festivo","4.100","20","101.400","1.230","703.600","11.510"
"R27","Novara - Saronno - Milano","c2025Novembre","Sabato","6.500","29","150.300","1.780","993.200","16.240"
"R28","Malpensa - Saronno - Milano Cle","c2024Luglio","Feriale","14.400","45","476.500","2.470","1.022.000","18.640"
"R28","Malpensa - Saronno - Milano Cle","c2024Luglio","Festivo","9.700","45","343.600","2.470","1.045.000","19.040"
"R28","Malpensa - Saronno - Milano Cle","c2024Luglio","Sabato","11.000","45","380.600","2.470","1.050.600","19.160"
"R28","Malpensa - Saronno - Milano Cle","c2024Maggio","Feriale","14.800","45","486.200","2.560","923.000","16.340"
"R28","Malpensa - Saronno - Milano Cle","c2024Maggio","Festivo","9.800","45","352.300","2.560","1.055.000","18.640"
"R28","Malpensa - Saronno - Milano Cle","c2024Maggio","Sabato","11.300","42","400.900","2.380","936.200","16.570"
"R28","Malpensa - Saronno - Milano Cle","c2024Novembre","Feriale","15.400","45","501.200","2.560","1.015.400","17.950"
"R28","Malpensa - Saronno - Milano Cle","c2024Novembre","Festivo","12.700","43","489.100","2.440","1.002.200","17.720"
"R28","Malpensa - Saronno - Milano Cle","c2024Novembre","Sabato","9.500","43","334.300","2.440","1.028.600","18.180"
"R28","Malpensa - Saronno - Milano Cle","c2025Luglio","Feriale","13.200","44","426.900","2.490","1.033.900","18.300"
"R28","Malpensa - Saronno - Milano Cle","c2025Luglio","Festivo","8.400","39","286.100","2.210","926.800","16.390"
"R28","Malpensa - Saronno - Milano Cle","c2025Luglio","Sabato","8.100","38","268.100","2.150","952.100","16.850"
"R28","Malpensa - Saronno - Milano Cle","c2025Maggio","Feriale","16.900","45","559.600","2.490","1.025.000","18.620"
"R28","Malpensa - Saronno - Milano Cle","c2025Maggio","Festivo","14.300","45","511.800","2.560","1.054.100","18.620"
"R28","Malpensa - Saronno - Milano Cle","c2025Maggio","Sabato","13.300","45","469.100","2.560","1.054.100","18.620"
"R28","Malpensa - Saronno - Milano Cle","c2025Novembre","Feriale","13.000","48","332.400","2.390","1.373.600","27.470"
"R28","Malpensa - Saronno - Milano Cle","c2025Novembre","Festivo","9.800","46","296.100","2.610","1.497.600","26.460"
"R28","Malpensa - Saronno - Milano Cle","c2025Novembre","Sabato","10.100","46","288.400","2.550","1.464.600","26.460"
"R3","Brescia - Iseo - Breno - Edolo","c2024Luglio","Feriale","4.300","35","74.300","2.090","326.100","5.080"
"R3","Brescia - Iseo - Breno - Edolo","c2024Luglio","Festivo","1.300","10","29.000","770","169.100","2.170"
"R3","Brescia - Iseo - Breno - Edolo","c2024Luglio","Sabato","3.500","26","76.200","1.930","271.100","3.680"
"R3","Brescia - Iseo - Breno - Edolo","c2024Maggio","Feriale","6.300","37","105.700","2.340","380.400","6.000"
"R3","Brescia - Iseo - Breno - Edolo","c2024Maggio","Festivo","2.800","18","54.600","1.360","185.100","2.560"
"R3","Brescia - Iseo - Breno - Edolo","c2024Maggio","Sabato","5.000","26","88.900","1.930","285.000","3.890"
"R3","Brescia - Iseo - Breno - Edolo","c2024Novembre","Feriale","5.600","39","93.200","1.810","302.500","6.730"
"R3","Brescia - Iseo - Breno - Edolo","c2024Novembre","Festivo","3.100","15","40.000","1.050","156.900","2.380"
"R3","Brescia - Iseo - Breno - Edolo","c2024Novembre","Sabato","3.900","26","83.000","1.930","304.600","4.370"
"R3","Brescia - Iseo - Breno - Edolo","c2025Luglio","Feriale","2.600","37","26.400","810","151.200","6.750"
"R3","Brescia - Iseo - Breno - Edolo","c2025Luglio","Festivo","1.300","11","9.600","210","49.200","2.680"
"R3","Brescia - Iseo - Breno - Edolo","c2025Luglio","Sabato","2.200","24","21.700","460","87.400","4.520"
"R3","Brescia - Iseo - Breno - Edolo","c2025Maggio","Feriale","3.700","37","37.500","810","151.200","6.750"
"R3","Brescia - Iseo - Breno - Edolo","c2025Maggio","Festivo","1.500","17","14.100","360","63.900","2.990"
"R3","Brescia - Iseo - Breno - Edolo","c2025Maggio","Sabato","3.000","24","27.100","460","87.400","4.520"
"R3","Brescia - Iseo - Breno - Edolo","c2025Novembre","Feriale","3.600","21","85.900","1.780","329.600","3.920"
"R3","Brescia - Iseo - Breno - Edolo","c2025Novembre","Festivo","1.100","12","33.200","1.160","196.100","2.000"
"R3","Brescia - Iseo - Breno - Edolo","c2025Novembre","Sabato","2.600","19","59.600","1.630","293.400","3.430"
"R31","Mortara - Milano","c2024Luglio","Feriale","17.400","48","459.500","2.480","1.576.000","30.570"
"R31","Mortara - Milano","c2024Luglio","Festivo","8.100","33","217.900","1.450","832.700","19.130"
"R31","Mortara - Milano","c2024Luglio","Sabato","11.500","41","296.900","2.020","1.284.100","26.240"
"R31","Mortara - Milano","c2024Maggio","Feriale","19.200","48","498.600","2.550","1.476.600","27.910"
"R31","Mortara - Milano","c2024Maggio","Festivo","9.500","33","256.900","1.470","848.700","19.130"
"R31","Mortara - Milano","c2024Maggio","Sabato","14.400","43","386.900","2.150","1.260.700","25.140"
"R31","Mortara - Milano","c2024Novembre","Feriale","21.200","48","543.200","2.520","1.481.400","28.220"
"R31","Mortara - Milano","c2024Novembre","Festivo","11.500","33","283.000","1.470","847.100","19.090"
"R31","Mortara - Milano","c2024Novembre","Sabato","14.100","41","371.400","2.070","1.203.800","23.980"
"R31","Mortara - Milano","c2025Luglio","Feriale","21.000","48","98.100","450","252.100","28.360"
"R31","Mortara - Milano","c2025Luglio","Festivo","10.600","34","67.200","360","204.200","19.560"
"R31","Mortara - Milano","c2025Luglio","Sabato","13.200","40","58.600","360","200.800","22.520"
"R31","Mortara - Milano","c2025Maggio","Feriale","19.000","48","0","0","0","28.300"
"R31","Mortara - Milano","c2025Maggio","Festivo","8.700","34","0","0","0","19.600"
"R31","Mortara - Milano","c2025Maggio","Sabato","11.900","38","0","0","0","21.940"
"R31","Mortara - Milano","c2025Novembre","Feriale","22.700","48","98.300","450","268.200","28.150"
"R31","Mortara - Milano","c2025Novembre","Festivo","10.700","34","58.000","360","210.800","19.850"
"R31","Mortara - Milano","c2025Novembre","Sabato","16.300","43","102.300","450","273.800","26.510"
"R34","Stradella - Pavia - Milano","c2024Luglio","Feriale","5.300","26","93.000","1.320","416.600","8.270"
"R34","Stradella - Pavia - Milano","c2024Luglio","Festivo","1.600","12","29.300","610","213.300","4.240"
"R34","Stradella - Pavia - Milano","c2024Luglio","Sabato","3.700","26","66.900","1.320","434.900","8.630"
"R34","Stradella - Pavia - Milano","c2024Maggio","Feriale","6.200","26","168.900","2.020","650.000","8.270"
"R34","Stradella - Pavia - Milano","c2024Maggio","Festivo","1.900","12","58.200","950","343.800","4.240"
"R34","Stradella - Pavia - Milano","c2024Maggio","Sabato","3.600","26","99.700","2.020","710.000","9.160"
"R34","Stradella - Pavia - Milano","c2024Novembre","Feriale","7.300","26","190.600","2.020","650.000","8.270"
"R34","Stradella - Pavia - Milano","c2024Novembre","Festivo","2.100","12","54.400","950","343.800","4.240"
"R34","Stradella - Pavia - Milano","c2024Novembre","Sabato","3.700","26","103.300","2.020","780.900","9.950"
"R34","Stradella - Pavia - Milano","c2025Luglio","Feriale","6.000","27","154.500","1.990","641.200","8.530"
"R34","Stradella - Pavia - Milano","c2025Luglio","Festivo","1.700","19","35.000","950","325.200","6.070"
"R34","Stradella - Pavia - Milano","c2025Luglio","Sabato","2.900","26","70.400","1.740","553.700","8.450"
"R34","Stradella - Pavia - Milano","c2025Maggio","Feriale","6.800","26","163.800","2.020","650.000","8.270"
"R34","Stradella - Pavia - Milano","c2025Maggio","Festivo","2.100","12","47.400","880","326.200","4.240"
"R34","Stradella - Pavia - Milano","c2025Maggio","Sabato","4.400","26","113.800","2.020","674.400","8.630"
"R34","Stradella - Pavia - Milano","c2025Novembre","Feriale","7.900","26","192.100","2.020","650.000","8.270"
"R34","Stradella - Pavia - Milano","c2025Novembre","Festivo","2.400","12","52.800","950","343.800","4.240"
"R34","Stradella - Pavia - Milano","c2025Novembre","Sabato","4.700","26","124.400","1.950","656.800","8.630"
"R35","Pavia - Torreberetti - Alessandria","c2024Luglio","Feriale","2.400","29","19.600","910","152.400","4.880"
"R35","Pavia - Torreberetti - Alessandria","c2024Luglio","Festivo","1.100","14","11.900","450","74.400","2.360"
"R35","Pavia - Torreberetti - Alessandria","c2024Luglio","Sabato","1.700","24","15.100","750","125.800","4.040"
"R35","Pavia - Torreberetti - Alessandria","c2024Maggio","Feriale","2.900","29","51.700","1.820","333.200","5.330"
"R35","Pavia - Torreberetti - Alessandria","c2024Maggio","Festivo","1.300","16","27.900","1.020","208.000","3.290"
"R35","Pavia - Torreberetti - Alessandria","c2024Maggio","Sabato","2.400","27","42.900","1.690","302.400","4.840"
"R35","Pavia - Torreberetti - Alessandria","c2024Novembre","Feriale","2.700","29","52.700","1.820","314.200","5.030"
"R35","Pavia - Torreberetti - Alessandria","c2024Novembre","Festivo","1.000","16","22.000","1.020","179.500","2.840"
"R35","Pavia - Torreberetti - Alessandria","c2024Novembre","Sabato","1.800","28","34.600","1.760","303.600","4.860"
"R35","Pavia - Torreberetti - Alessandria","c2025Luglio","Feriale","2.800","29","44.400","1.650","276.200","4.880"
"R35","Pavia - Torreberetti - Alessandria","c2025Luglio","Festivo","1.200","16","26.300","890","148.800","2.690"
"R35","Pavia - Torreberetti - Alessandria","c2025Luglio","Sabato","2.000","24","32.700","1.400","233.700","4.040"
"R35","Pavia - Torreberetti - Alessandria","c2025Maggio","Feriale","3.200","29","54.900","1.650","276.200","4.880"
"R35","Pavia - Torreberetti - Alessandria","c2025Maggio","Festivo","1.900","16","27.900","890","148.800","2.690"
"R35","Pavia - Torreberetti - Alessandria","c2025Maggio","Sabato","2.800","29","43.300","1.650","276.200","4.880"
"R35","Pavia - Torreberetti - Alessandria","c2025Novembre","Feriale","3.400","29","57.600","1.780","297.500","4.880"
"R35","Pavia - Torreberetti - Alessandria","c2025Novembre","Festivo","1.700","16","34.500","1.020","170.000","2.690"
"R35","Pavia - Torreberetti - Alessandria","c2025Novembre","Sabato","2.400","29","46.000","1.780","297.500","4.880"
"R36","Pavia - Mortara - Vercelli","c2024Maggio","Feriale","2.900","31","52.500","1.860","340.900","5.660"
"R36","Pavia - Mortara - Vercelli","c2024Maggio","Festivo","1.100","16","23.100","990","184.800","2.990"
"R36","Pavia - Mortara - Vercelli","c2024Maggio","Sabato","1.600","29","31.500","1.730","309.400","5.180"
"R36","Pavia - Mortara - Vercelli","c2024Novembre","Feriale","2.800","31","51.400","1.860","331.200","5.510"
"R36","Pavia - Mortara - Vercelli","c2024Novembre","Festivo","1.000","14","18.100","890","167.600","2.660"
"R36","Pavia - Mortara - Vercelli","c2024Novembre","Sabato","1.700","29","32.700","1.730","309.400","5.180"
"R36","Pavia - Mortara - Vercelli","c2025Luglio","Feriale","2.500","31","35.500","1.860","311.700","5.210"
"R36","Pavia - Mortara - Vercelli","c2025Luglio","Festivo","1.000","15","14.300","740","123.000","2.530"
"R36","Pavia - Mortara - Vercelli","c2025Luglio","Sabato","1.600","27","30.300","1.600","268.100","4.540"
"R36","Pavia - Mortara - Vercelli","c2025Maggio","Feriale","3.000","31","49.800","1.860","311.700","5.210"
"R36","Pavia - Mortara - Vercelli","c2025Maggio","Festivo","900","15","15.200","920","154.400","2.530"
"R36","Pavia - Mortara - Vercelli","c2025Maggio","Sabato","1.800","28","29.300","1.670","279.000","4.710"
"R36","Pavia - Mortara - Vercelli","c2025Novembre","Feriale","3.500","31","61.100","1.860","311.700","5.210"
"R36","Pavia - Mortara - Vercelli","c2025Novembre","Festivo","800","14","7.000","340","56.600","2.360"
"R36","Pavia - Mortara - Vercelli","c2025Novembre","Sabato","1.600","28","21.200","1.210","203.000","4.710"
"R37","Pavia - Codogno","c2024Luglio","Feriale","2.400","25","28.200","1.150","192.500","4.210"
"R37","Pavia - Codogno","c2024Luglio","Festivo","1.100","17","11.300","780","130.300","2.860"
"R37","Pavia - Codogno","c2024Luglio","Sabato","1.600","23","19.800","1.130","188.600","3.870"
"R37","Pavia - Codogno","c2024Maggio","Feriale","3.000","24","42.400","1.260","244.400","4.640"
"R37","Pavia - Codogno","c2024Maggio","Festivo","1.500","18","18.400","920","172.400","3.330"
"R37","Pavia - Codogno","c2024Maggio","Sabato","2.000","23","29.800","1.210","236.600","4.470"
"R37","Pavia - Codogno","c2024Novembre","Feriale","3.200","28","48.700","1.460","279.200","5.310"
"R37","Pavia - Codogno","c2024Novembre","Festivo","1.400","20","16.800","1.020","188.000","3.670"
"R37","Pavia - Codogno","c2024Novembre","Sabato","1.700","26","23.300","1.340","259.000","4.970"
"R37","Pavia - Codogno","c2025Luglio","Feriale","2.500","28","30.600","1.460","245.200","4.710"
"R37","Pavia - Codogno","c2025Luglio","Festivo","1.100","16","11.300","830","138.800","2.690"
"R37","Pavia - Codogno","c2025Luglio","Sabato","1.700","26","21.100","1.340","225.000","4.370"
"R37","Pavia - Codogno","c2025Maggio","Feriale","3.600","28","48.300","1.460","245.200","4.710"
"R37","Pavia - Codogno","c2025Maggio","Festivo","1.800","20","21.600","1.020","170.000","3.370"
"R37","Pavia - Codogno","c2025Maggio","Sabato","2.400","28","31.000","1.460","245.200","4.710"
"R37","Pavia - Codogno","c2025Novembre","Feriale","3.700","28","51.000","1.460","245.200","4.710"
"R37","Pavia - Codogno","c2025Novembre","Festivo","1.400","18","17.400","900","149.800","3.030"
"R37","Pavia - Codogno","c2025Novembre","Sabato","2.800","28","31.900","1.460","245.200","4.710"
"R38","Piacenza - Lodi - Milano","c2024Luglio","Feriale","10.700","38","299.200","2.660","1.070.300","15.390"
"R38","Piacenza - Lodi - Milano","c2024Luglio","Festivo","4.900","30","146.400","2.120","744.900","10.530"
"R38","Piacenza - Lodi - Milano","c2024Luglio","Sabato","5.100","30","156.300","2.120","709.500","10.040"
"R38","Piacenza - Lodi - Milano","c2024Maggio","Feriale","11.800","38","353.100","2.730","1.166.300","16.320"
"R38","Piacenza - Lodi - Milano","c2024Maggio","Festivo","4.400","30","138.400","2.150","801.500","11.190"
"R38","Piacenza - Lodi - Milano","c2024Maggio","Sabato","5.400","30","157.200","2.080","791.100","11.620"
"R38","Piacenza - Lodi - Milano","c2024Novembre","Feriale","13.900","38","395.900","2.720","1.211.300","16.980"
"R38","Piacenza - Lodi - Milano","c2024Novembre","Festivo","4.900","30","144.100","2.150","829.900","11.590"
"R38","Piacenza - Lodi - Milano","c2024Novembre","Sabato","6.600","30","183.100","2.140","799.700","11.230"
"R38","Piacenza - Lodi - Milano","c2025Luglio","Feriale","13.700","38","346.100","2.720","1.099.400","15.390"
"R38","Piacenza - Lodi - Milano","c2025Luglio","Festivo","6.400","29","179.800","2.080","713.000","9.960"
"R38","Piacenza - Lodi - Milano","c2025Luglio","Sabato","8.000","30","225.800","2.150","718.900","10.040"
"R38","Piacenza - Lodi - Milano","c2025Maggio","Feriale","13.500","39","349.100","2.720","1.109.500","15.520"
"R38","Piacenza - Lodi - Milano","c2025Maggio","Festivo","7.900","30","199.300","2.150","744.800","10.400"
"R38","Piacenza - Lodi - Milano","c2025Maggio","Sabato","6.600","30","185.200","2.150","718.900","10.040"
"R38","Piacenza - Lodi - Milano","c2025Novembre","Feriale","16.200","38","412.700","2.720","1.099.400","15.390"
"R38","Piacenza - Lodi - Milano","c2025Novembre","Festivo","6.400","29","165.800","2.070","708.700","9.960"
"R38","Piacenza - Lodi - Milano","c2025Novembre","Sabato","7.700","30","200.500","2.150","718.900","10.040"
"R39","Codogno - Cremona","c2024Luglio","Feriale","200","6","2.500","170","37.900","1.390"
"R39","Codogno - Cremona","c2024Luglio","Festivo","200","5","1.500","140","33.300","1.220"
"R39","Codogno - Cremona","c2024Luglio","Sabato","200","6","2.100","170","33.900","1.250"
"R39","Codogno - Cremona","c2024Maggio","Feriale","300","6","4.200","170","39.900","1.460"
"R39","Codogno - Cremona","c2024Maggio","Festivo","200","5","1.700","140","33.300","1.220"
"R39","Codogno - Cremona","c2024Maggio","Sabato","300","6","4.600","170","36.000","1.320"
"R39","Codogno - Cremona","c2024Novembre","Feriale","300","6","3.600","170","39.900","1.460"
"R39","Codogno - Cremona","c2024Novembre","Festivo","200","5","1.800","140","33.300","1.220"
"R39","Codogno - Cremona","c2024Novembre","Sabato","200","6","2.100","170","36.000","1.320"
"R39","Codogno - Cremona","c2025Luglio","Feriale","200","6","2.500","170","37.900","1.390"
"R39","Codogno - Cremona","c2025Luglio","Festivo","200","5","1.700","140","33.300","1.220"
"R39","Codogno - Cremona","c2025Luglio","Sabato","200","6","1.700","170","37.900","1.390"
"R39","Codogno - Cremona","c2025Maggio","Feriale","300","6","3.700","170","37.900","1.390"
"R39","Codogno - Cremona","c2025Maggio","Festivo","200","5","3.200","140","33.300","1.220"
"R39","Codogno - Cremona","c2025Maggio","Sabato","300","6","2.800","170","37.900","1.390"
"R39","Codogno - Cremona","c2025Novembre","Feriale","300","6","4.100","170","37.900","1.390"
"R39","Codogno - Cremona","c2025Novembre","Festivo","100","5","1.300","140","33.300","1.220"
"R39","Codogno - Cremona","c2025Novembre","Sabato","300","6","2.900","170","37.900","1.390"
"R4","Brescia - Treviglio - Milano","c2024Luglio","Feriale","7.400","34","92.600","1.140","387.600","12.040"
"R4","Brescia - Treviglio - Milano","c2024Luglio","Festivo","2.900","25","37.700","820","308.700","9.370"
"R4","Brescia - Treviglio - Milano","c2024Luglio","Sabato","4.100","27","49.200","880","340.400","10.520"
"R4","Brescia - Treviglio - Milano","c2024Maggio","Feriale","9.000","33","292.000","2.740","949.900","11.470"
"R4","Brescia - Treviglio - Milano","c2024Maggio","Festivo","3.200","25","106.600","2.080","776.200","9.370"
"R4","Brescia - Treviglio - Milano","c2024Maggio","Sabato","4.400","27","137.000","2.240","871.500","10.520"
"R4","Brescia - Treviglio - Milano","c2024Novembre","Feriale","10.400","33","330.500","2.740","949.900","11.470"
"R4","Brescia - Treviglio - Milano","c2024Novembre","Festivo","4.300","25","110.300","1.990","728.600","9.370"
"R4","Brescia - Treviglio - Milano","c2024Novembre","Sabato","5.200","27","159.300","2.240","871.500","10.520"
"R4","Brescia - Treviglio - Milano","c2025Luglio","Feriale","6.600","33","202.400","2.740","1.469.400","17.760"
"R4","Brescia - Treviglio - Milano","c2025Luglio","Festivo","3.100","24","86.800","1.990","1.074.200","12.990"
"R4","Brescia - Treviglio - Milano","c2025Luglio","Sabato","4.500","27","126.300","2.240","1.217.200","14.710"
"R4","Brescia - Treviglio - Milano","c2025Maggio","Feriale","8.600","33","257.000","2.740","949.100","11.470"
"R4","Brescia - Treviglio - Milano","c2025Maggio","Festivo","3.000","24","86.000","1.990","727.500","8.800"
"R4","Brescia - Treviglio - Milano","c2025Maggio","Sabato","4.400","26","125.500","2.160","822.800","9.950"
"R4","Brescia - Treviglio - Milano","c2025Novembre","Feriale","9.600","32","289.600","2.650","899.600","10.890"
"R4","Brescia - Treviglio - Milano","c2025Novembre","Festivo","3.500","25","111.000","2.070","747.700","9.060"
"R4","Brescia - Treviglio - Milano","c2025Novembre","Sabato","5.200","27","148.600","2.240","868.800","10.520"
"R40","Cremona - Mantova","c2024Luglio","Feriale","200","8","1.700","160","40.800","2.100"
"R40","Cremona - Mantova","c2024Luglio","Festivo","100","3","500","70","16.900","790"
"R40","Cremona - Mantova","c2024Luglio","Sabato","200","8","1.300","160","36.900","1.810"
"R40","Cremona - Mantova","c2024Maggio","Feriale","500","8","8.400","290","74.300","2.100"
"R40","Cremona - Mantova","c2024Maggio","Festivo","100","3","800","110","26.500","790"
"R40","Cremona - Mantova","c2024Maggio","Sabato","300","8","5.200","290","63.700","1.810"
"R40","Cremona - Mantova","c2024Novembre","Feriale","500","8","8.500","180","45.600","2.100"
"R40","Cremona - Mantova","c2024Novembre","Festivo","100","3","500","70","16.900","790"
"R40","Cremona - Mantova","c2024Novembre","Sabato","400","8","3.500","180","39.500","1.770"
"R40","Cremona - Mantova","c2025Luglio","Feriale","200","8","3.200","290","74.300","2.100"
"R40","Cremona - Mantova","c2025Luglio","Festivo","100","3","1.000","110","26.500","790"
"R40","Cremona - Mantova","c2025Luglio","Sabato","200","8","2.600","290","74.300","2.100"
"R40","Cremona - Mantova","c2025Maggio","Feriale","500","8","9.100","290","74.300","2.100"
"R40","Cremona - Mantova","c2025Maggio","Festivo","100","3","1.000","110","26.500","790"
"R40","Cremona - Mantova","c2025Maggio","Sabato","300","8","4.800","290","74.300","2.100"
"R40","Cremona - Mantova","c2025Novembre","Feriale","600","8","10.900","290","74.300","2.100"
"R40","Cremona - Mantova","c2025Novembre","Festivo","100","3","1.100","110","26.500","790"
"R40","Cremona - Mantova","c2025Novembre","Sabato","400","8","6.100","290","74.300","2.100"
"R41","Voghera - Piacenza","c2024Luglio","Feriale","400","6","9.100","360","91.800","1.580"
"R41","Voghera - Piacenza","c2024Luglio","Sabato","400","6","9.600","360","91.800","1.580"
"R41","Voghera - Piacenza","c2024Maggio","Feriale","500","6","9.300","360","91.800","1.580"
"R41","Voghera - Piacenza","c2024Maggio","Sabato","400","6","8.200","360","91.800","1.580"
"R41","Voghera - Piacenza","c2024Novembre","Feriale","500","6","9.600","360","91.800","1.580"
"R41","Voghera - Piacenza","c2024Novembre","Sabato","400","6","8.200","360","91.800","1.580"
"R41","Voghera - Piacenza","c2025Luglio","Feriale","400","6","8.500","360","91.800","1.580"
"R41","Voghera - Piacenza","c2025Luglio","Sabato","400","6","8.300","360","91.800","1.580"
"R41","Voghera - Piacenza","c2025Maggio","Feriale","400","6","9.100","360","91.800","1.580"
"R41","Voghera - Piacenza","c2025Maggio","Sabato","400","6","8.200","360","91.800","1.580"
"R41","Voghera - Piacenza","c2025Novembre","Feriale","500","6","9.900","360","91.800","1.580"
"R41","Voghera - Piacenza","c2025Novembre","Sabato","400","6","7.700","360","91.800","1.580"
"R5","Brescia - Cremona","c2024Luglio","Feriale","2.200","32","55.000","1.660","433.700","8.390"
"R5","Brescia - Cremona","c2024Luglio","Festivo","1.400","19","32.800","960","275.500","5.510"
"R5","Brescia - Cremona","c2024Luglio","Sabato","2.300","33","55.500","1.660","459.600","9.180"
"R5","Brescia - Cremona","c2024Maggio","Feriale","3.000","32","75.400","1.660","433.700","8.390"
"R5","Brescia - Cremona","c2024Maggio","Festivo","1.700","18","67.200","1.170","386.400","4.980"
"R5","Brescia - Cremona","c2024Maggio","Sabato","2.500","32","68.000","1.870","570.500","8.650"
"R5","Brescia - Cremona","c2024Novembre","Feriale","3.400","32","88.100","1.660","433.700","8.390"
"R5","Brescia - Cremona","c2024Novembre","Festivo","1.700","20","54.500","1.270","436.100","5.770"
"R5","Brescia - Cremona","c2024Novembre","Sabato","2.600","34","66.100","2.030","645.800","9.440"
"R5","Brescia - Cremona","c2025Luglio","Feriale","2.400","33","59.000","1.760","511.400","9.180"
"R5","Brescia - Cremona","c2025Luglio","Festivo","1.700","18","70.400","1.170","386.400","4.980"
"R5","Brescia - Cremona","c2025Luglio","Sabato","2.500","32","79.100","1.870","570.500","8.650"
"R5","Brescia - Cremona","c2025Maggio","Feriale","3.300","33","77.500","1.760","459.600","8.650"
"R5","Brescia - Cremona","c2025Maggio","Festivo","1.600","19","36.700","990","293.200","5.510"
"R5","Brescia - Cremona","c2025Maggio","Sabato","2.800","33","62.700","1.690","477.400","9.180"
"R5","Brescia - Cremona","c2025Novembre","Feriale","3.800","33","96.300","1.760","459.600","8.650"
"R5","Brescia - Cremona","c2025Novembre","Festivo","2.300","28","80.000","1.930","679.900","8.130"
"R5","Brescia - Cremona","c2025Novembre","Sabato","3.300","34","93.600","2.230","758.800","9.700"
"R6","Cremona - Treviglio","c2024Luglio","Feriale","3.900","35","62.000","1.890","567.600","11.460"
"R6","Cremona - Treviglio","c2024Luglio","Festivo","100","2","2.200","130","33.900","530"
"R6","Cremona - Treviglio","c2024Luglio","Sabato","2.900","32","63.200","1.960","511.200","8.390"
"R6","Cremona - Treviglio","c2024Maggio","Feriale","5.400","36","150.400","2.780","1.054.800","12.700"
"R6","Cremona - Treviglio","c2024Maggio","Festivo","2.600","32","59.700","2.110","552.300","8.390"
"R6","Cremona - Treviglio","c2024Maggio","Sabato","3.500","32","74.000","2.110","552.300","8.390"
"R6","Cremona - Treviglio","c2024Novembre","Feriale","5.400","36","151.400","2.780","1.014.000","12.350"
"R6","Cremona - Treviglio","c2024Novembre","Festivo","2.800","31","65.500","2.010","524.500","8.130"
"R6","Cremona - Treviglio","c2024Novembre","Sabato","3.600","32","77.900","2.110","552.300","8.390"
"R6","Cremona - Treviglio","c2025Luglio","Feriale","4.600","36","125.100","2.870","804.900","9.960"
"R6","Cremona - Treviglio","c2025Luglio","Festivo","2.800","32","60.600","2.110","552.300","8.390"
"R6","Cremona - Treviglio","c2025Luglio","Sabato","3.300","32","75.400","2.110","552.300","8.390"
"R6","Cremona - Treviglio","c2025Maggio","Feriale","5.400","36","138.600","2.780","914.800","11.210"
"R6","Cremona - Treviglio","c2025Maggio","Festivo","3.000","32","64.100","2.110","552.300","8.390"
"R6","Cremona - Treviglio","c2025Maggio","Sabato","3.800","32","81.400","2.110","552.300","8.390"
"R6","Cremona - Treviglio","c2025Novembre","Feriale","6.200","36","172.600","2.870","881.700","10.690"
"R6","Cremona - Treviglio","c2025Novembre","Festivo","3.100","32","68.200","2.110","552.300","8.390"
"R6","Cremona - Treviglio","c2025Novembre","Sabato","4.100","32","90.800","2.110","552.300","8.390"
"R7","Lecco - Bergamo","c2024Luglio","Feriale","2.500","31","19.200","380","99.100","8.130"
"R7","Lecco - Bergamo","c2024Luglio","Festivo","2.200","32","23.700","470","148.600","9.020"
"R7","Lecco - Bergamo","c2024Luglio","Sabato","2.700","33","29.900","470","148.600","9.280"
"R7","Lecco - Bergamo","c2024Maggio","Feriale","2.600","31","38.300","790","236.700","9.400"
"R7","Lecco - Bergamo","c2024Maggio","Festivo","2.300","32","44.200","890","303.400","10.250"
"R7","Lecco - Bergamo","c2024Maggio","Sabato","2.700","33","49.900","920","311.000","10.550"
"R7","Lecco - Bergamo","c2024Novembre","Feriale","2.900","31","20.200","380","99.100","8.130"
"R7","Lecco - Bergamo","c2024Novembre","Festivo","2.200","32","23.500","510","173.400","9.020"
"R7","Lecco - Bergamo","c2024Novembre","Sabato","2.700","33","27.700","510","173.400","9.280"
"R7","Lecco - Bergamo","c2025Luglio","Feriale","2.400","31","37.800","790","204.700","8.130"
"R7","Lecco - Bergamo","c2025Luglio","Festivo","2.100","32","45.300","890","272.400","9.020"
"R7","Lecco - Bergamo","c2025Luglio","Sabato","2.400","33","50.200","920","279.000","9.280"
"R7","Lecco - Bergamo","c2025Maggio","Feriale","3.000","31","45.400","790","204.700","8.130"
"R7","Lecco - Bergamo","c2025Maggio","Festivo","2.400","32","50.700","890","272.400","9.020"
"R7","Lecco - Bergamo","c2025Maggio","Sabato","3.200","33","61.600","920","279.000","9.280"
"R7","Lecco - Bergamo","c2025Novembre","Feriale","2.800","31","39.000","790","204.700","8.130"
"R7","Lecco - Bergamo","c2025Novembre","Festivo","2.000","32","34.600","890","272.400","9.020"
"R7","Lecco - Bergamo","c2025Novembre","Sabato","2.700","33","47.100","920","279.000","9.280"
"R8","Brescia - Parma","c2024Luglio","Feriale","5.200","35","105.400","3.000","503.400","5.890"
"R8","Brescia - Parma","c2024Luglio","Festivo","3.700","24","91.500","2.000","335.000","4.040"
"R8","Brescia - Parma","c2024Luglio","Sabato","4.100","33","94.400","2.820","472.800","5.550"
"R8","Brescia - Parma","c2024Maggio","Feriale","5.300","35","118.700","3.000","503.400","5.890"
"R8","Brescia - Parma","c2024Maggio","Festivo","4.600","24","111.700","2.040","341.600","4.040"
"R8","Brescia - Parma","c2024Maggio","Sabato","4.800","34","107.600","2.910","488.100","5.720"
"R8","Brescia - Parma","c2024Novembre","Feriale","5.600","35","127.500","3.000","503.400","5.890"
"R8","Brescia - Parma","c2024Novembre","Festivo","4.000","23","100.900","1.950","326.300","3.870"
"R8","Brescia - Parma","c2024Novembre","Sabato","5.100","35","115.700","3.000","502.400","5.890"
"R8","Brescia - Parma","c2025Luglio","Feriale","5.400","35","51.800","1.330","222.800","5.890"
"R8","Brescia - Parma","c2025Luglio","Festivo","2.700","21","27.700","840","141.100","3.530"
"R8","Brescia - Parma","c2025Luglio","Sabato","4.200","33","44.000","1.250","209.200","5.550"
"R8","Brescia - Parma","c2025Maggio","Feriale","5.900","35","122.800","3.000","503.400","5.890"
"R8","Brescia - Parma","c2025Maggio","Festivo","4.500","25","106.200","2.090","350.300","4.210"
"R8","Brescia - Parma","c2025Maggio","Sabato","6.000","35","124.600","3.000","503.400","5.890"
"R8","Brescia - Parma","c2025Novembre","Feriale","5.300","35","117.700","3.000","503.400","5.890"
"R8","Brescia - Parma","c2025Novembre","Festivo","3.300","25","86.700","2.090","350.300","4.210"
"R8","Brescia - Parma","c2025Novembre","Sabato","4.800","34","120.500","2.910","488.100","5.720"
"R9","Rovato - Bornato - Iseo","c2025Novembre","Festivo","100","5","600","190","44.300","1.220"
"RE1","Laveno - Varese - Saronno - Milano","c2024Luglio","Feriale","7.900","18","254.100","1.300","746.800","10.360"
"RE1","Laveno - Varese - Saronno - Milano","c2024Luglio","Festivo","3.000","15","93.200","1.090","648.700","9.000"
"RE1","Laveno - Varese - Saronno - Milano","c2024Luglio","Sabato","3.000","13","90.300","940","565.900","7.850"
"RE1","Laveno - Varese - Saronno - Milano","c2024Maggio","Feriale","9.500","18","298.500","1.300","746.800","10.360"
"RE1","Laveno - Varese - Saronno - Milano","c2024Maggio","Festivo","3.000","14","92.500","1.020","599.600","8.310"
"RE1","Laveno - Varese - Saronno - Milano","c2024Maggio","Sabato","3.500","13","104.100","940","565.900","7.850"
"RE1","Laveno - Varese - Saronno - Milano","c2024Novembre","Feriale","11.100","18","348.000","1.300","746.800","10.360"
"RE1","Laveno - Varese - Saronno - Milano","c2024Novembre","Festivo","3.400","13","103.500","940","565.700","7.850"
"RE1","Laveno - Varese - Saronno - Milano","c2024Novembre","Sabato","3.600","13","107.100","940","565.900","7.850"
"RE1","Laveno - Varese - Saronno - Milano","c2025Luglio","Feriale","9.700","31","283.900","2.240","1.286.200","17.830"
"RE1","Laveno - Varese - Saronno - Milano","c2025Luglio","Festivo","4.700","25","135.200","1.810","1.031.800","14.310"
"RE1","Laveno - Varese - Saronno - Milano","c2025Luglio","Sabato","5.000","26","138.500","1.880","1.080.500","14.980"
"RE1","Laveno - Varese - Saronno - Milano","c2025Maggio","Feriale","13.000","31","344.000","2.240","1.286.200","17.830"
"RE1","Laveno - Varese - Saronno - Milano","c2025Maggio","Festivo","6.100","27","161.100","1.950","1.099.500","15.240"
"RE1","Laveno - Varese - Saronno - Milano","c2025Maggio","Sabato","7.300","26","172.900","1.880","1.080.500","14.980"
"RE1","Laveno - Varese - Saronno - Milano","c2025Novembre","Feriale","14.000","31","389.200","2.220","1.273.300","17.830"
"RE1","Laveno - Varese - Saronno - Milano","c2025Novembre","Festivo","6.500","34","181.300","1.940","1.105.200","19.480"
"RE1","Laveno - Varese - Saronno - Milano","c2025Novembre","Sabato","6.600","25","173.900","1.810","1.037.200","14.380"
"RE11","Mantova - Cremona - Codogno - Milano","c2024Luglio","Feriale","6.400","24","108.900","880","570.100","14.960"
"RE11","Mantova - Cremona - Codogno - Milano","c2024Luglio","Festivo","4.400","23","83.600","880","570.100","14.690"
"RE11","Mantova - Cremona - Codogno - Milano","c2024Luglio","Sabato","5.000","24","87.700","880","570.100","14.960"
"RE11","Mantova - Cremona - Codogno - Milano","c2024Maggio","Feriale","7.900","24","418.600","2.800","1.765.600","14.960"
"RE11","Mantova - Cremona - Codogno - Milano","c2024Maggio","Festivo","5.300","23","334.100","2.730","1.748.900","14.690"
"RE11","Mantova - Cremona - Codogno - Milano","c2024Maggio","Sabato","5.200","24","304.300","2.800","1.765.600","14.960"
"RE11","Mantova - Cremona - Codogno - Milano","c2024Novembre","Feriale","8.300","24","223.600","1.500","971.400","15.220"
"RE11","Mantova - Cremona - Codogno - Milano","c2024Novembre","Festivo","5.900","23","220.000","1.490","942.500","14.690"
"RE11","Mantova - Cremona - Codogno - Milano","c2024Novembre","Sabato","6.500","24","202.000","1.500","948.700","14.960"
"RE11","Mantova - Cremona - Codogno - Milano","c2025Luglio","Feriale","6.800","28","332.900","3.080","1.861.300","16.820"
"RE11","Mantova - Cremona - Codogno - Milano","c2025Luglio","Festivo","4.800","24","264.800","2.820","1.687.900","14.370"
"RE11","Mantova - Cremona - Codogno - Milano","c2025Luglio","Sabato","4.200","27","224.900","2.910","1.813.400","16.790"
"RE11","Mantova - Cremona - Codogno - Milano","c2025Maggio","Feriale","7.700","26","396.700","2.970","1.914.400","16.660"
"RE11","Mantova - Cremona - Codogno - Milano","c2025Maggio","Festivo","5.000","22","299.300","2.610","1.659.000","13.970"
"RE11","Mantova - Cremona - Codogno - Milano","c2025Maggio","Sabato","5.300","24","306.100","2.760","1.738.400","14.960"
"RE11","Mantova - Cremona - Codogno - Milano","c2025Novembre","Feriale","8.300","26","408.300","2.970","1.914.400","16.660"
"RE11","Mantova - Cremona - Codogno - Milano","c2025Novembre","Festivo","5.800","25","366.600","2.910","1.850.100","15.920"
"RE11","Mantova - Cremona - Codogno - Milano","c2025Novembre","Sabato","6.400","26","354.400","2.970","1.883.700","16.330"
"RE13","Alessandria - Pavia - Milano","c2024Luglio","Feriale","9.200","31","213.200","1.630","924.000","17.740"
"RE13","Alessandria - Pavia - Milano","c2024Luglio","Festivo","4.700","19","123.000","930","536.000","10.980"
"RE13","Alessandria - Pavia - Milano","c2024Luglio","Sabato","7.000","28","173.400","1.660","953.300","16.160"
"RE13","Alessandria - Pavia - Milano","c2024Maggio","Feriale","10.400","29","425.300","2.610","1.474.100","16.470"
"RE13","Alessandria - Pavia - Milano","c2024Maggio","Festivo","5.300","19","271.000","2.200","1.275.500","10.980"
"RE13","Alessandria - Pavia - Milano","c2024Maggio","Sabato","6.600","24","312.800","2.370","1.287.500","13.010"
"RE13","Alessandria - Pavia - Milano","c2024Novembre","Feriale","11.000","30","342.100","1.730","990.300","17.160"
"RE13","Alessandria - Pavia - Milano","c2024Novembre","Festivo","4.600","15","250.400","1.270","726.800","8.630"
"RE13","Alessandria - Pavia - Milano","c2024Novembre","Sabato","6.600","24","268.600","1.470","843.100","13.810"
"RE13","Alessandria - Pavia - Milano","c2025Luglio","Feriale","7.300","28","332.100","1.970","1.091.700","15.120"
"RE13","Alessandria - Pavia - Milano","c2025Luglio","Festivo","4.900","16","276.000","1.780","1.022.100","9.210"
"RE13","Alessandria - Pavia - Milano","c2025Luglio","Sabato","8.500","25","388.500","2.030","1.132.700","13.440"
"RE13","Alessandria - Pavia - Milano","c2025Maggio","Feriale","9.800","32","377.500","2.650","1.485.700","16.920"
"RE13","Alessandria - Pavia - Milano","c2025Maggio","Festivo","4.300","17","213.700","1.880","1.080.300","9.780"
"RE13","Alessandria - Pavia - Milano","c2025Maggio","Sabato","7.500","27","317.600","2.710","1.556.000","14.960"
"RE13","Alessandria - Pavia - Milano","c2025Novembre","Feriale","10.400","30","396.300","2.650","1.509.900","17.160"
"RE13","Alessandria - Pavia - Milano","c2025Novembre","Festivo","4.400","15","231.400","1.330","763.000","8.630"
"RE13","Alessandria - Pavia - Milano","c2025Novembre","Sabato","6.500","24","295.100","2.160","1.238.700","13.810"
"RE2","Bergamo - Milano (via Treviglio)","c2024Luglio","Feriale","15.400","55","183.900","960","614.700","35.560"
"RE2","Bergamo - Milano (via Treviglio)","c2024Luglio","Festivo","9.300","37","130.200","640","410.000","24.140"
"RE2","Bergamo - Milano (via Treviglio)","c2024Luglio","Sabato","10.900","38","146.700","650","436.000","25.510"
"RE2","Bergamo - Milano (via Treviglio)","c2024Maggio","Feriale","17.900","55","715.400","3.090","1.985.600","35.550"
"RE2","Bergamo - Milano (via Treviglio)","c2024Maggio","Festivo","11.200","37","485.300","1.990","1.304.200","24.320"
"RE2","Bergamo - Milano (via Treviglio)","c2024Maggio","Sabato","11.300","38","462.200","2.040","1.378.400","25.700"
"RE2","Bergamo - Milano (via Treviglio)","c2024Novembre","Feriale","18.800","57","296.100","1.460","934.600","36.720"
"RE2","Bergamo - Milano (via Treviglio)","c2024Novembre","Festivo","9.800","37","185.900","1.020","679.000","24.600"
"RE2","Bergamo - Milano (via Treviglio)","c2024Novembre","Sabato","12.500","39","222.200","1.020","683.000","25.970"
"RE2","Bergamo - Milano (via Treviglio)","c2025Luglio","Feriale","17.500","55","688.100","3.090","1.764.100","31.470"
"RE2","Bergamo - Milano (via Treviglio)","c2025Luglio","Festivo","9.900","36","437.400","1.940","1.301.500","24.260"
"RE2","Bergamo - Milano (via Treviglio)","c2025Luglio","Sabato","11.200","38","476.900","2.040","1.360.600","25.360"
"RE2","Bergamo - Milano (via Treviglio)","c2025Maggio","Feriale","17.700","55","579.600","2.610","1.705.700","35.560"
"RE2","Bergamo - Milano (via Treviglio)","c2025Maggio","Festivo","10.100","36","446.600","1.940","1.257.600","23.450"
"RE2","Bergamo - Milano (via Treviglio)","c2025Maggio","Sabato","12.600","37","529.800","1.990","1.355.800","25.280"
"RE2","Bergamo - Milano (via Treviglio)","c2025Novembre","Feriale","17.800","55","691.100","3.090","1.986.700","35.560"
"RE2","Bergamo - Milano (via Treviglio)","c2025Novembre","Festivo","10.000","38","441.800","2.040","1.335.800","24.890"
"RE2","Bergamo - Milano (via Treviglio)","c2025Novembre","Sabato","13.200","38","573.700","2.040","1.339.900","24.960"
"RE3","Brescia - Iseo - Edolo","c2024Luglio","Feriale","1.800","12","43.300","1.240","218.200","2.130"
"RE3","Brescia - Iseo - Edolo","c2024Luglio","Festivo","800","7","27.500","720","174.800","1.710"
"RE3","Brescia - Iseo - Edolo","c2024Luglio","Sabato","1.500","12","52.800","1.240","299.500","2.920"
"RE3","Brescia - Iseo - Edolo","c2024Maggio","Feriale","1.800","12","53.100","1.240","223.300","2.180"
"RE3","Brescia - Iseo - Edolo","c2024Maggio","Festivo","1.300","12","40.000","1.240","299.500","2.920"
"RE3","Brescia - Iseo - Edolo","c2024Maggio","Sabato","1.400","12","40.200","1.240","299.500","2.920"
"RE3","Brescia - Iseo - Edolo","c2024Novembre","Feriale","1.400","12","38.800","820","146.500","2.200"
"RE3","Brescia - Iseo - Edolo","c2024Novembre","Festivo","1.300","13","50.600","1.330","322.500","3.160"
"RE3","Brescia - Iseo - Edolo","c2024Novembre","Sabato","1.300","12","42.400","1.240","299.500","2.920"
"RE3","Brescia - Iseo - Edolo","c2025Luglio","Feriale","900","13","10.800","230","40.100","2.640"
"RE3","Brescia - Iseo - Edolo","c2025Luglio","Festivo","700","9","7.000","190","45.900","2.190"
"RE3","Brescia - Iseo - Edolo","c2025Luglio","Sabato","1.100","12","13.600","230","45.100","2.390"
"RE3","Brescia - Iseo - Edolo","c2025Maggio","Feriale","900","13","10.300","230","40.100","2.640"
"RE3","Brescia - Iseo - Edolo","c2025Maggio","Festivo","900","14","10.900","270","54.300","2.880"
"RE3","Brescia - Iseo - Edolo","c2025Maggio","Sabato","900","11","12.700","230","45.100","2.150"
"RE3","Brescia - Iseo - Edolo","c2025Novembre","Feriale","1.700","13","51.200","1.310","276.400","2.770"
"RE3","Brescia - Iseo - Edolo","c2025Novembre","Festivo","1.400","18","46.600","1.790","380.200","3.850"
"RE3","Brescia - Iseo - Edolo","c2025Novembre","Sabato","1.100","11","35.300","1.100","226.500","2.280"
"RE4","Domodossola - Milano","c2024Luglio","Feriale","5.200","22","84.300","570","327.200","12.660"
"RE4","Domodossola - Milano","c2024Luglio","Festivo","3.900","18","61.000","440","247.300","10.360"
"RE4","Domodossola - Milano","c2024Luglio","Sabato","3.900","20","61.500","470","266.900","11.510"
"RE4","Domodossola - Milano","c2024Maggio","Feriale","8.600","22","515.600","2.440","1.402.400","12.660"
"RE4","Domodossola - Milano","c2024Maggio","Festivo","6.500","18","428.900","2.230","1.261.400","10.220"
"RE4","Domodossola - Milano","c2024Maggio","Sabato","5.900","18","362.900","2.230","1.261.400","10.220"
"RE4","Domodossola - Milano","c2024Novembre","Feriale","9.600","32","410.700","2.440","1.402.400","18.410"
"RE4","Domodossola - Milano","c2024Novembre","Festivo","8.600","28","463.000","2.470","1.419.900","16.110"
"RE4","Domodossola - Milano","c2024Novembre","Sabato","8.000","32","346.100","2.470","1.419.900","18.410"
"RE4","Domodossola - Milano","c2025Luglio","Feriale","6.100","24","276.200","1.640","939.700","13.810"
"RE4","Domodossola - Milano","c2025Luglio","Festivo","4.600","22","208.500","1.500","852.400","12.520"
"RE4","Domodossola - Milano","c2025Luglio","Sabato","4.800","22","229.800","1.500","861.400","12.660"
"RE4","Domodossola - Milano","c2025Maggio","Feriale","8.700","25","432.200","2.760","1.433.700","12.930"
"RE4","Domodossola - Milano","c2025Maggio","Festivo","6.500","24","324.600","2.730","1.438.400","12.170"
"RE4","Domodossola - Milano","c2025Maggio","Sabato","7.200","23","391.900","2.790","1.600.900","13.230"
"RE4","Domodossola - Milano","c2025Novembre","Feriale","7.100","24","390.900","2.690","1.546.500","13.810"
"RE4","Domodossola - Milano","c2025Novembre","Festivo","5.600","22","326.700","2.720","1.564.000","12.660"
"RE4","Domodossola - Milano","c2025Novembre","Sabato","5.500","22","304.800","2.720","1.564.000","12.660"
"RE5","Porto Ceresio - Varese - Gallarate - Milano","c2024Luglio","Feriale","12.300","38","288.500","2.550","1.441.600","21.620"
"RE5","Porto Ceresio - Varese - Gallarate - Milano","c2024Luglio","Festivo","7.100","34","169.700","2.320","1.286.000","18.950"
"RE5","Porto Ceresio - Varese - Gallarate - Milano","c2024Luglio","Sabato","8.200","34","212.800","2.320","1.286.000","18.950"
"RE5","Porto Ceresio - Varese - Gallarate - Milano","c2024Maggio","Feriale","14.000","38","332.500","2.550","1.507.800","22.510"
"RE5","Porto Ceresio - Varese - Gallarate - Milano","c2024Maggio","Festivo","7.100","34","178.700","2.320","1.368.700","20.110"
"RE5","Porto Ceresio - Varese - Gallarate - Milano","c2024Maggio","Sabato","9.200","34","222.000","2.320","1.375.800","20.210"
"RE5","Porto Ceresio - Varese - Gallarate - Milano","c2024Novembre","Feriale","14.800","38","351.000","2.550","1.507.800","22.510"
"RE5","Porto Ceresio - Varese - Gallarate - Milano","c2024Novembre","Festivo","8.300","33","178.300","2.250","1.332.900","19.610"
"RE5","Porto Ceresio - Varese - Gallarate - Milano","c2024Novembre","Sabato","10.200","34","228.500","2.320","1.375.800","20.210"
"RE5","Porto Ceresio - Varese - Gallarate - Milano","c2025Luglio","Feriale","12.300","38","239.300","2.550","1.433.300","21.450"
"RE5","Porto Ceresio - Varese - Gallarate - Milano","c2025Luglio","Festivo","6.400","30","115.400","2.000","1.134.800","17.060"
"RE5","Porto Ceresio - Varese - Gallarate - Milano","c2025Luglio","Sabato","8.500","29","180.100","1.970","1.109.100","16.460"
"RE5","Porto Ceresio - Varese - Gallarate - Milano","c2025Maggio","Feriale","17.100","38","362.300","2.550","1.435.800","21.500"
"RE5","Porto Ceresio - Varese - Gallarate - Milano","c2025Maggio","Festivo","9.600","36","214.800","2.320","1.301.300","19.150"
"RE5","Porto Ceresio - Varese - Gallarate - Milano","c2025Maggio","Sabato","12.000","34","263.500","2.320","1.301.300","19.150"
"RE5","Porto Ceresio - Varese - Gallarate - Milano","c2025Novembre","Feriale","14.700","39","303.300","2.670","1.504.800","22.100"
"RE5","Porto Ceresio - Varese - Gallarate - Milano","c2025Novembre","Festivo","8.600","35","194.500","2.440","1.370.200","19.750"
"RE5","Porto Ceresio - Varese - Gallarate - Milano","c2025Novembre","Sabato","10.200","34","207.500","2.380","1.335.800","19.150"
"RE6","Verona - Brescia - Milano","c2024Luglio","Feriale","35.400","40","732.400","1.770","1.370.700","30.780"
"RE6","Verona - Brescia - Milano","c2024Luglio","Festivo","38.300","43","949.600","2.100","1.699.600","34.990"
"RE6","Verona - Brescia - Milano","c2024Luglio","Sabato","41.500","40","1.002.400","1.910","1.581.400","33.270"
"RE6","Verona - Brescia - Milano","c2024Maggio","Feriale","35.800","39","2.347.800","5.370","4.129.200","29.890"
"RE6","Verona - Brescia - Milano","c2024Maggio","Festivo","40.900","46","2.994.300","6.300","5.276.200","38.580"
"RE6","Verona - Brescia - Milano","c2024Maggio","Sabato","40.800","38","2.891.500","5.390","4.466.200","31.500"
"RE6","Verona - Brescia - Milano","c2024Novembre","Feriale","35.700","41","2.104.600","5.310","4.117.900","31.670"
"RE6","Verona - Brescia - Milano","c2024Novembre","Festivo","41.500","42","2.722.900","5.690","4.621.600","34.110"
"RE6","Verona - Brescia - Milano","c2024Novembre","Sabato","38.200","38","2.568.100","5.320","4.409.000","31.500"
"RE6","Verona - Brescia - Milano","c2025Luglio","Feriale","38.500","42","2.469.200","6.070","4.565.700","31.930"
"RE6","Verona - Brescia - Milano","c2025Luglio","Festivo","42.400","45","2.859.300","6.600","5.250.700","36.140"
"RE6","Verona - Brescia - Milano","c2025Luglio","Sabato","42.800","39","2.937.300","5.780","4.636.600","31.760"
"RE6","Verona - Brescia - Milano","c2025Maggio","Feriale","40.500","42","2.298.100","6.080","4.577.300","31.930"
"RE6","Verona - Brescia - Milano","c2025Maggio","Festivo","44.300","46","2.915.600","6.680","5.322.800","37.030"
"RE6","Verona - Brescia - Milano","c2025Maggio","Sabato","48.100","43","3.118.000","6.320","5.113.400","35.300"
"RE6","Verona - Brescia - Milano","c2025Novembre","Feriale","36.100","41","2.175.100","5.900","4.341.600","30.780"
"RE6","Verona - Brescia - Milano","c2025Novembre","Festivo","33.000","46","2.036.000","6.260","4.735.400","34.900"
"RE6","Verona - Brescia - Milano","c2025Novembre","Sabato","39.300","43","2.357.900","6.210","4.984.400","35.170"
"RE7","Como - Saronno - Milano","c2024Luglio","Feriale","1.300","4","33.400","190","87.100","1.920"
"RE7","Como - Saronno - Milano","c2024Luglio","Festivo","800","4","24.500","190","101.900","2.220"
"RE7","Como - Saronno - Milano","c2024Luglio","Sabato","400","2","10.600","100","40.600","880"
"RE7","Como - Saronno - Milano","c2024Maggio","Feriale","1.600","4","41.500","190","83.500","1.840"
"RE7","Como - Saronno - Milano","c2024Maggio","Festivo","800","4","26.400","190","117.200","2.550"
"RE7","Como - Saronno - Milano","c2024Maggio","Sabato","500","2","10.100","100","34.800","760"
"RE7","Como - Saronno - Milano","c2024Novembre","Feriale","1.500","4","38.500","180","74.200","1.730"
"RE7","Como - Saronno - Milano","c2024Novembre","Festivo","400","3","10.700","140","72.900","1.590"
"RE7","Como - Saronno - Milano","c2024Novembre","Sabato","400","2","8.200","100","40.600","880"
"RE7","Como - Saronno - Milano","c2025Luglio","Feriale","1.100","4","23.100","180","79.600","1.860"
"RE7","Como - Saronno - Milano","c2025Luglio","Festivo","200","2","6.200","100","39.200","860"
"RE7","Como - Saronno - Milano","c2025Luglio","Sabato","200","1","5.800","50","26.600","580"
"RE7","Como - Saronno - Milano","c2025Maggio","Feriale","1.300","4","29.600","180","84.600","1.970"
"RE7","Como - Saronno - Milano","c2025Maggio","Festivo","300","2","7.200","100","55.300","1.200"
"RE7","Como - Saronno - Milano","c2025Maggio","Sabato","400","2","8.900","100","48.200","1.050"
"RE7","Como - Saronno - Milano","c2025Novembre","Feriale","1.300","4","32.300","180","84.600","1.970"
"RE7","Como - Saronno - Milano","c2025Novembre","Festivo","500","2","14.600","100","41.500","910"
"RE7","Como - Saronno - Milano","c2025Novembre","Sabato","400","2","8.600","100","48.200","1.050"
"RE8","Tirano - Sondrio - Lecco - Milano Cle","c2024Luglio","Feriale","16.300","37","353.600","1.330","729.900","20.670"
"RE8","Tirano - Sondrio - Lecco - Milano Cle","c2024Luglio","Festivo","7.800","21","194.100","900","477.800","10.940"
"RE8","Tirano - Sondrio - Lecco - Milano Cle","c2024Luglio","Sabato","19.100","49","487.200","1.740","951.700","26.620"
"RE8","Tirano - Sondrio - Lecco - Milano Cle","c2024Maggio","Feriale","17.900","36","932.200","4.490","2.302.300","18.310"
"RE8","Tirano - Sondrio - Lecco - Milano Cle","c2024Maggio","Festivo","14.600","31","879.500","4.280","2.210.300","15.560"
"RE8","Tirano - Sondrio - Lecco - Milano Cle","c2024Maggio","Sabato","16.400","31","964.600","4.220","2.148.700","15.630"
"RE8","Tirano - Sondrio - Lecco - Milano Cle","c2024Novembre","Feriale","16.700","40","748.500","4.250","2.340.800","21.420"
"RE8","Tirano - Sondrio - Lecco - Milano Cle","c2024Novembre","Festivo","13.100","33","723.100","3.790","2.116.800","18.290"
"RE8","Tirano - Sondrio - Lecco - Milano Cle","c2024Novembre","Sabato","13.800","34","694.900","3.790","2.052.400","18.290"
"RE8","Tirano - Sondrio - Lecco - Milano Cle","c2025Luglio","Feriale","11.200","40","228.700","1.150","582.700","21.440"
"RE8","Tirano - Sondrio - Lecco - Milano Cle","c2025Luglio","Festivo","9.600","36","200.300","930","555.400","21.330"
"RE8","Tirano - Sondrio - Lecco - Milano Cle","c2025Luglio","Sabato","8.500","37","207.400","990","544.400","20.760"
"RE8","Tirano - Sondrio - Lecco - Milano Cle","c2025Maggio","Feriale","20.300","46","1.014.100","5.060","2.798.300","21.150"
"RE8","Tirano - Sondrio - Lecco - Milano Cle","c2025Maggio","Festivo","18.100","40","1.060.000","4.990","2.833.600","20.110"
"RE8","Tirano - Sondrio - Lecco - Milano Cle","c2025Maggio","Sabato","21.500","37","1.231.000","5.050","2.835.300","20.110"
"RE8","Tirano - Sondrio - Lecco - Milano Cle","c2025Novembre","Feriale","17.000","40","830.100","5.000","2.772.500","21.150"
"RE8","Tirano - Sondrio - Lecco - Milano Cle","c2025Novembre","Festivo","13.800","35","760.100","4.870","2.756.200","19.500"
"RE8","Tirano - Sondrio - Lecco - Milano Cle","c2025Novembre","Sabato","16.900","37","933.700","4.940","2.745.700","20.110"
"RE80","Locarno - Chiasso - Como - Milano Cle","c2024Luglio","Feriale","20.300","29","305.200","640","323.900","14.730"
"RE80","Locarno - Chiasso - Como - Milano Cle","c2024Luglio","Festivo","4.900","9","62.100","110","50.800","4.510"
"RE80","Locarno - Chiasso - Como - Milano Cle","c2024Luglio","Sabato","12.200","14","168.300","260","127.000","7.010"
"RE80","Locarno - Chiasso - Como - Milano Cle","c2024Maggio","Feriale","23.300","31","776.900","1.570","791.200","15.730"
"RE80","Locarno - Chiasso - Como - Milano Cle","c2024Maggio","Festivo","2.000","5","63.100","260","127.000","2.510"
"RE80","Locarno - Chiasso - Como - Milano Cle","c2024Maggio","Sabato","11.100","10","393.800","510","253.900","5.010"
"RE80","Locarno - Chiasso - Como - Milano Cle","c2024Novembre","Feriale","16.500","28","364.700","950","482.400","14.230"
"RE80","Locarno - Chiasso - Como - Milano Cle","c2024Novembre","Festivo","2.700","8","57.200","220","109.100","4.010"
"RE80","Locarno - Chiasso - Como - Milano Cle","c2024Novembre","Sabato","2.300","4","61.600","150","70.200","2.010"
"RE80","Locarno - Chiasso - Como - Milano Cle","c2025Luglio","Feriale","24.900","37","609.600","2.170","74.300","6.600"
"RE80","Locarno - Chiasso - Como - Milano Cle","c2025Luglio","Festivo","14.700","24","447.200","1.240","25.400","5.510"
"RE80","Locarno - Chiasso - Como - Milano Cle","c2025Luglio","Sabato","19.000","31","496.400","1.850","0","3.510"
"RE80","Locarno - Chiasso - Como - Milano Cle","c2025Maggio","Feriale","27.500","37","589.600","1.730","80.500","9.730"
"RE80","Locarno - Chiasso - Como - Milano Cle","c2025Maggio","Festivo","22.500","34","482.300","1.370","0","6.510"
"RE80","Locarno - Chiasso - Como - Milano Cle","c2025Maggio","Sabato","25.600","33","614.200","1.520","0","8.010"
"RE80","Locarno - Chiasso - Como - Milano Cle","c2025Novembre","Feriale","26.300","40","993.800","4.010","1.919.200","19.000"
"RE80","Locarno - Chiasso - Como - Milano Cle","c2025Novembre","Festivo","20.400","35","913.000","3.770","1.830.600","17.010"
"RE80","Locarno - Chiasso - Como - Milano Cle","c2025Novembre","Sabato","23.300","37","1.029.600","3.870","1.867.600","17.760"
"S1","S1 Saronno - Milano Passante - Lodi","c2024Luglio","Feriale","28.300","70","308.800","3.550","1.865.800","37.070"
"S1","S1 Saronno - Milano Passante - Lodi","c2024Luglio","Festivo","11.800","56","125.000","2.450","1.320.100","30.280"
"S1","S1 Saronno - Milano Passante - Lodi","c2024Luglio","Sabato","17.500","60","171.200","3.040","1.599.300","31.640"
"S1","S1 Saronno - Milano Passante - Lodi","c2024Maggio","Feriale","37.100","70","385.300","3.660","1.955.000","37.510"
"S1","S1 Saronno - Milano Passante - Lodi","c2024Maggio","Festivo","16.500","69","174.300","3.120","1.676.200","37.310"
"S1","S1 Saronno - Milano Passante - Lodi","c2024Maggio","Sabato","19.900","59","197.900","3.080","1.617.100","30.880"
"S1","S1 Saronno - Milano Passante - Lodi","c2024Novembre","Feriale","36.200","70","392.300","3.660","1.875.900","35.890"
"S1","S1 Saronno - Milano Passante - Lodi","c2024Novembre","Festivo","11.800","54","126.100","2.430","1.255.400","28.010"
"S1","S1 Saronno - Milano Passante - Lodi","c2024Novembre","Sabato","24.000","69","252.700","3.610","1.892.200","36.160"
"S1","S1 Saronno - Milano Passante - Lodi","c2025Luglio","Feriale","26.100","70","262.800","3.660","1.892.900","36.230"
"S1","S1 Saronno - Milano Passante - Lodi","c2025Luglio","Festivo","12.500","62","130.000","2.770","1.518.800","34.240"
"S1","S1 Saronno - Milano Passante - Lodi","c2025Luglio","Sabato","18.600","69","177.600","3.610","1.925.100","36.790"
"S1","S1 Saronno - Milano Passante - Lodi","c2025Maggio","Feriale","33.000","70","336.100","3.660","2.117.000","40.510"
"S1","S1 Saronno - Milano Passante - Lodi","c2025Maggio","Festivo","15.400","70","168.000","3.170","1.814.600","39.890"
"S1","S1 Saronno - Milano Passante - Lodi","c2025Maggio","Sabato","22.600","70","215.400","3.660","2.070.100","39.630"
"S1","S1 Saronno - Milano Passante - Lodi","c2025Novembre","Feriale","35.500","70","361.100","3.660","2.014.900","38.500"
"S1","S1 Saronno - Milano Passante - Lodi","c2025Novembre","Festivo","16.000","70","164.900","3.170","1.709.200","37.770"
"S1","S1 Saronno - Milano Passante - Lodi","c2025Novembre","Sabato","22.500","67","214.100","3.520","1.974.300","37.690"
"S10","S10 Albate - Como - Mendrisio - Bellinzona","c2024Luglio","Feriale","100","2","400","10","1.600","350"
"S10","S10 Albate - Como - Mendrisio - Bellinzona","c2025Luglio","Feriale","100","3","200","40","0","0"
"S10","S10 Albate - Como - Mendrisio - Bellinzona","c2025Luglio","Festivo","0","4","0","30","0","180"
"S10","S10 Albate - Como - Mendrisio - Bellinzona","c2025Luglio","Sabato","100","4","400","30","800","180"
"S10","S10 Albate - Como - Mendrisio - Bellinzona","c2025Maggio","Feriale","600","9","2.700","70","0","0"
"S10","S10 Albate - Como - Mendrisio - Bellinzona","c2025Maggio","Festivo","300","11","1.500","60","0","0"
"S10","S10 Albate - Como - Mendrisio - Bellinzona","c2025Maggio","Sabato","100","1","200","20","0","0"
"S10","S10 Albate - Como - Mendrisio - Bellinzona","c2025Novembre","Feriale","600","20","3.300","140","25.100","3.770"
"S10","S10 Albate - Como - Mendrisio - Bellinzona","c2025Novembre","Festivo","600","15","3.200","130","20.900","2.590"
"S10","S10 Albate - Como - Mendrisio - Bellinzona","c2025Novembre","Sabato","200","11","1.000","70","10.900","1.900"
"S11","S11 Chiasso - Seregno - Milano Pta Garibaldi","c2024Luglio","Feriale","25.300","69","201.700","1.660","988.400","41.080"
"S11","S11 Chiasso - Seregno - Milano Pta Garibaldi","c2024Luglio","Festivo","12.000","65","140.700","1.820","1.081.500","38.710"
"S11","S11 Chiasso - Seregno - Milano Pta Garibaldi","c2024Luglio","Sabato","15.400","62","188.200","1.770","1.052.900","37.060"
"S11","S11 Chiasso - Seregno - Milano Pta Garibaldi","c2024Maggio","Feriale","31.500","72","486.900","3.890","2.248.300","41.670"
"S11","S11 Chiasso - Seregno - Milano Pta Garibaldi","c2024Maggio","Festivo","14.600","63","271.600","3.090","1.796.300","36.620"
"S11","S11 Chiasso - Seregno - Milano Pta Garibaldi","c2024Maggio","Sabato","21.100","71","375.600","3.460","2.050.100","42.080"
"S11","S11 Chiasso - Seregno - Milano Pta Garibaldi","c2024Novembre","Feriale","29.900","73","446.500","3.710","2.151.000","42.490"
"S11","S11 Chiasso - Seregno - Milano Pta Garibaldi","c2024Novembre","Festivo","12.400","62","225.000","2.990","1.739.500","36.100"
"S11","S11 Chiasso - Seregno - Milano Pta Garibaldi","c2024Novembre","Sabato","28.700","95","491.500","4.720","2.691.900","54.190"
"S11","S11 Chiasso - Seregno - Milano Pta Garibaldi","c2025Luglio","Feriale","24.100","70","385.900","3.820","2.150.400","39.370"
"S11","S11 Chiasso - Seregno - Milano Pta Garibaldi","c2025Luglio","Festivo","12.700","63","237.400","2.920","1.658.900","35.810"
"S11","S11 Chiasso - Seregno - Milano Pta Garibaldi","c2025Luglio","Sabato","15.400","65","278.000","3.110","1.763.100","36.970"
"S11","S11 Chiasso - Seregno - Milano Pta Garibaldi","c2025Maggio","Feriale","28.700","73","445.600","3.770","2.158.400","41.870"
"S11","S11 Chiasso - Seregno - Milano Pta Garibaldi","c2025Maggio","Festivo","13.500","62","240.100","2.960","1.696.200","35.630"
"S11","S11 Chiasso - Seregno - Milano Pta Garibaldi","c2025Maggio","Sabato","17.200","70","303.900","3.270","1.834.400","39.400"
"S11","S11 Chiasso - Seregno - Milano Pta Garibaldi","c2025Novembre","Feriale","32.500","74","500.700","3.960","2.226.300","41.640"
"S11","S11 Chiasso - Seregno - Milano Pta Garibaldi","c2025Novembre","Festivo","16.600","68","285.500","3.320","1.883.100","38.650"
"S11","S11 Chiasso - Seregno - Milano Pta Garibaldi","c2025Novembre","Sabato","20.200","63","333.700","3.060","1.757.400","36.200"
"S12","S12 Melegnano - Milano Passante - Milano Bovisa","c2024Luglio","Feriale","3.300","22","20.200","590","274.500","10.370"
"S12","S12 Melegnano - Milano Passante - Milano Bovisa","c2024Maggio","Feriale","1.200","8","7.500","180","97.500","4.350"
"S12","S12 Melegnano - Milano Passante - Milano Bovisa","c2024Novembre","Feriale","3.900","21","25.600","560","261.600","9.900"
"S12","S12 Melegnano - Milano Passante - Milano Bovisa","c2025Luglio","Feriale","8.800","60","61.700","1.350","321.900","14.370"
"S12","S12 Melegnano - Milano Passante - Milano Bovisa","c2025Maggio","Feriale","10.100","60","72.800","1.350","336.300","15.010"
"S12","S12 Melegnano - Milano Passante - Milano Bovisa","c2025Novembre","Feriale","10.700","60","75.000","1.350","309.400","13.810"
"S13","S13 Pavia - Milano Passante - Milano Bovisa","c2024Luglio","Feriale","23.400","72","233.400","2.460","1.555.500","45.690"
"S13","S13 Pavia - Milano Passante - Milano Bovisa","c2024Luglio","Festivo","10.700","61","118.200","1.700","1.075.300","38.740"
"S13","S13 Pavia - Milano Passante - Milano Bovisa","c2024Luglio","Sabato","14.700","72","160.800","2.040","1.293.200","45.750"
"S13","S13 Pavia - Milano Passante - Milano Bovisa","c2024Maggio","Feriale","26.700","72","385.400","2.900","1.790.500","44.570"
"S13","S13 Pavia - Milano Passante - Milano Bovisa","c2024Maggio","Festivo","14.000","68","217.100","2.740","1.723.500","42.900"
"S13","S13 Pavia - Milano Passante - Milano Bovisa","c2024Maggio","Sabato","16.900","68","246.800","2.740","1.737.700","43.250"
"S13","S13 Pavia - Milano Passante - Milano Bovisa","c2024Novembre","Feriale","30.300","72","424.900","3.410","2.157.400","45.650"
"S13","S13 Pavia - Milano Passante - Milano Bovisa","c2024Novembre","Festivo","14.000","71","205.900","2.740","1.735.000","44.990"
"S13","S13 Pavia - Milano Passante - Milano Bovisa","c2024Novembre","Sabato","17.500","72","257.500","2.780","1.713.500","44.310"
"S13","S13 Pavia - Milano Passante - Milano Bovisa","c2025Luglio","Feriale","22.500","72","356.400","3.410","2.163.000","45.770"
"S13","S13 Pavia - Milano Passante - Milano Bovisa","c2025Luglio","Festivo","13.100","68","190.900","2.620","1.669.300","43.370"
"S13","S13 Pavia - Milano Passante - Milano Bovisa","c2025Luglio","Sabato","15.100","72","218.700","2.780","1.771.500","45.900"
"S13","S13 Pavia - Milano Passante - Milano Bovisa","c2025Maggio","Feriale","25.200","72","366.900","3.360","2.125.200","45.650"
"S13","S13 Pavia - Milano Passante - Milano Bovisa","c2025Maggio","Festivo","13.700","72","206.800","2.780","1.761.900","45.660"
"S13","S13 Pavia - Milano Passante - Milano Bovisa","c2025Maggio","Sabato","17.000","72","244.900","2.780","1.761.600","45.650"
"S13","S13 Pavia - Milano Passante - Milano Bovisa","c2025Novembre","Feriale","27.200","74","421.000","3.490","1.949.600","41.390"
"S13","S13 Pavia - Milano Passante - Milano Bovisa","c2025Novembre","Festivo","13.800","71","205.600","2.740","1.600.300","41.500"
"S13","S13 Pavia - Milano Passante - Milano Bovisa","c2025Novembre","Sabato","18.400","72","262.300","2.780","1.664.700","43.270"
"S2","S2 Mariano Comense - Milano Passante - Milano Rogoredo","c2024Luglio","Feriale","12.600","63","98.900","1.750","912.200","32.830"
"S2","S2 Mariano Comense - Milano Passante - Milano Rogoredo","c2024Maggio","Feriale","16.900","63","128.800","1.750","826.300","29.710"
"S2","S2 Mariano Comense - Milano Passante - Milano Rogoredo","c2024Maggio","Sabato","200","1","1.800","30","8.300","310"
"S2","S2 Mariano Comense - Milano Passante - Milano Rogoredo","c2024Novembre","Feriale","16.700","63","126.300","1.750","918.600","33.050"
"S2","S2 Mariano Comense - Milano Passante - Milano Rogoredo","c2024Novembre","Sabato","200","1","2.000","30","11.200","410"
"S2","S2 Mariano Comense - Milano Passante - Milano Rogoredo","c2025Luglio","Feriale","12.300","62","96.100","1.720","980.100","35.340"
"S2","S2 Mariano Comense - Milano Passante - Milano Rogoredo","c2025Maggio","Feriale","15.600","61","117.800","1.700","964.300","34.780"
"S2","S2 Mariano Comense - Milano Passante - Milano Rogoredo","c2025Novembre","Feriale","16.900","62","125.100","1.720","902.400","32.460"
"S3","S3 Saronno - Milano Cadorna","c2024Luglio","Feriale","16.800","76","153.500","1.610","998.000","47.180"
"S3","S3 Saronno - Milano Cadorna","c2024Luglio","Festivo","9.200","71","84.200","1.510","816.800","38.610"
"S3","S3 Saronno - Milano Cadorna","c2024Luglio","Sabato","8.400","61","74.700","1.300","677.200","32.010"
"S3","S3 Saronno - Milano Cadorna","c2024Maggio","Feriale","18.600","72","167.700","1.530","906.100","42.830"
"S3","S3 Saronno - Milano Cadorna","c2024Maggio","Festivo","8.700","69","75.400","1.460","785.200","37.110"
"S3","S3 Saronno - Milano Cadorna","c2024Maggio","Sabato","11.000","65","101.600","1.380","788.200","37.260"
"S3","S3 Saronno - Milano Cadorna","c2024Novembre","Feriale","21.300","73","189.100","1.450","855.800","43.320"
"S3","S3 Saronno - Milano Cadorna","c2024Novembre","Festivo","10.200","67","93.200","1.420","801.900","37.940"
"S3","S3 Saronno - Milano Cadorna","c2024Novembre","Sabato","11.600","67","108.700","1.420","776.700","36.790"
"S3","S3 Saronno - Milano Cadorna","c2025Luglio","Feriale","15.000","72","134.200","1.490","807.200","38.150"
"S3","S3 Saronno - Milano Cadorna","c2025Luglio","Festivo","6.100","51","50.300","1.040","546.600","25.840"
"S3","S3 Saronno - Milano Cadorna","c2025Luglio","Sabato","6.400","48","54.000","980","521.900","24.670"
"S3","S3 Saronno - Milano Cadorna","c2025Maggio","Feriale","19.400","76","168.800","1.550","859.700","40.640"
"S3","S3 Saronno - Milano Cadorna","c2025Maggio","Festivo","9.500","74","83.200","1.550","879.400","41.570"
"S3","S3 Saronno - Milano Cadorna","c2025Maggio","Sabato","9.800","63","86.700","1.340","716.400","33.870"
"S3","S3 Saronno - Milano Cadorna","c2025Novembre","Feriale","20.800","73","183.400","1.550","848.300","40.100"
"S3","S3 Saronno - Milano Cadorna","c2025Novembre","Festivo","9.800","69","82.300","1.460","852.400","40.290"
"S3","S3 Saronno - Milano Cadorna","c2025Novembre","Sabato","11.700","66","103.000","1.400","751.100","35.500"
"S30","Cadenazzo - Luino - Gallarate","c2024Luglio","Feriale","700","10","4.400","160","29.900","1.880"
"S30","Cadenazzo - Luino - Gallarate","c2024Luglio","Festivo","400","5","2.500","110","24.100","1.130"
"S30","Cadenazzo - Luino - Gallarate","c2024Luglio","Sabato","500","7","3.200","130","28.000","1.470"
"S30","Cadenazzo - Luino - Gallarate","c2024Maggio","Feriale","900","11","19.300","510","31.000","680"
"S30","Cadenazzo - Luino - Gallarate","c2024Maggio","Festivo","500","6","8.200","280","51.600","1.130"
"S30","Cadenazzo - Luino - Gallarate","c2024Maggio","Sabato","300","5","4.100","230","51.600","1.130"
"S30","Cadenazzo - Luino - Gallarate","c2024Novembre","Feriale","1.000","11","15.900","370","70.300","2.060"
"S30","Cadenazzo - Luino - Gallarate","c2024Novembre","Festivo","300","5","3.800","230","51.600","1.130"
"S30","Cadenazzo - Luino - Gallarate","c2024Novembre","Sabato","400","6","6.400","280","59.500","1.300"
"S30","Cadenazzo - Luino - Gallarate","c2025Luglio","Feriale","1.300","12","30.200","950","0","0"
"S30","Cadenazzo - Luino - Gallarate","c2025Luglio","Festivo","500","9","9.900","400","75.100","1.640"
"S30","Cadenazzo - Luino - Gallarate","c2025Luglio","Sabato","1.300","15","32.200","1.140","13.900","310"
"S30","Cadenazzo - Luino - Gallarate","c2025Maggio","Feriale","1.100","12","17.400","650","55.600","1.380"
"S30","Cadenazzo - Luino - Gallarate","c2025Maggio","Festivo","800","13","15.100","640","54.700","1.640"
"S30","Cadenazzo - Luino - Gallarate","c2025Maggio","Sabato","1.100","15","20.200","670","67.600","2.030"
"S30","Cadenazzo - Luino - Gallarate","c2025Novembre","Feriale","1.200","12","26.700","920","157.000","2.070"
"S30","Cadenazzo - Luino - Gallarate","c2025Novembre","Festivo","900","14","22.500","870","161.600","2.680"
"S30","Cadenazzo - Luino - Gallarate","c2025Novembre","Sabato","1.500","16","33.900","1.220","214.600","2.890"
"S31","Brescia-Iseo","c2025Novembre","Feriale","2.100","30","28.200","780","136.600","5.320"
"S31","Brescia-Iseo","c2025Novembre","Festivo","1.000","25","13.100","650","122.300","4.760"
"S31","Brescia-Iseo","c2025Novembre","Sabato","3.100","45","42.200","1.160","196.400","7.640"
"S4","S4 Camnago Lentate - Milano Cadorna","c2024Luglio","Feriale","20.400","74","201.000","1.740","1.016.100","43.330"
"S4","S4 Camnago Lentate - Milano Cadorna","c2024Luglio","Festivo","10.400","66","98.000","1.560","853.900","36.340"
"S4","S4 Camnago Lentate - Milano Cadorna","c2024Luglio","Sabato","13.200","66","125.000","1.550","855.800","36.510"
"S4","S4 Camnago Lentate - Milano Cadorna","c2024Maggio","Feriale","22.500","72","216.400","1.690","988.400","42.150"
"S4","S4 Camnago Lentate - Milano Cadorna","c2024Maggio","Festivo","11.500","68","107.800","1.600","848.500","36.150"
"S4","S4 Camnago Lentate - Milano Cadorna","c2024Maggio","Sabato","16.800","71","153.100","1.670","954.100","40.700"
"S4","S4 Camnago Lentate - Milano Cadorna","c2024Novembre","Feriale","24.000","72","232.200","1.690","988.900","42.170"
"S4","S4 Camnago Lentate - Milano Cadorna","c2024Novembre","Festivo","11.200","62","105.200","1.460","825.500","35.130"
"S4","S4 Camnago Lentate - Milano Cadorna","c2024Novembre","Sabato","16.100","70","146.400","1.640","914.600","39.140"
"S4","S4 Camnago Lentate - Milano Cadorna","c2025Luglio","Feriale","18.300","69","182.000","1.610","899.600","38.740"
"S4","S4 Camnago Lentate - Milano Cadorna","c2025Luglio","Festivo","7.700","55","68.800","1.270","653.900","27.830"
"S4","S4 Camnago Lentate - Milano Cadorna","c2025Luglio","Sabato","10.500","58","100.500","1.370","711.800","30.290"
"S4","S4 Camnago Lentate - Milano Cadorna","c2025Maggio","Feriale","22.500","76","218.800","1.730","967.100","41.350"
"S4","S4 Camnago Lentate - Milano Cadorna","c2025Maggio","Festivo","11.500","70","109.500","1.650","908.500","38.660"
"S4","S4 Camnago Lentate - Milano Cadorna","c2025Maggio","Sabato","14.800","66","137.000","1.560","837.900","35.660"
"S4","S4 Camnago Lentate - Milano Cadorna","c2025Novembre","Feriale","23.700","71","228.400","1.660","916.800","39.210"
"S4","S4 Camnago Lentate - Milano Cadorna","c2025Novembre","Festivo","12.600","70","92.500","1.090","599.900","39.130"
"S4","S4 Camnago Lentate - Milano Cadorna","c2025Novembre","Sabato","15.900","66","155.800","1.540","838.500","36.120"
"S40","S40 Albate - Como - Mendrisio - Varese","c2024Luglio","Feriale","2.200","27","27.700","730","125.100","4.650"
"S40","S40 Albate - Como - Mendrisio - Varese","c2024Luglio","Sabato","300","10","3.900","270","45.700","1.730"
"S40","S40 Albate - Como - Mendrisio - Varese","c2024Maggio","Feriale","2.100","23","28.400","690","0","0"
"S40","S40 Albate - Como - Mendrisio - Varese","c2024Maggio","Sabato","800","14","8.000","420","0","0"
"S40","S40 Albate - Como - Mendrisio - Varese","c2024Novembre","Feriale","2.600","28","37.400","840","142.900","4.820"
"S40","S40 Albate - Como - Mendrisio - Varese","c2024Novembre","Sabato","400","4","3.600","120","20.300","690"
"S40","S40 Albate - Como - Mendrisio - Varese","c2025Luglio","Feriale","1.100","17","9.600","300","10.200","350"
"S40","S40 Albate - Como - Mendrisio - Varese","c2025Luglio","Sabato","400","13","4.200","220","0","0"
"S40","S40 Albate - Como - Mendrisio - Varese","c2025Maggio","Feriale","2.400","29","24.500","730","101.500","3.450"
"S40","S40 Albate - Como - Mendrisio - Varese","c2025Maggio","Sabato","600","21","5.100","400","25.400","870"
"S40","S40 Albate - Como - Mendrisio - Varese","c2025Novembre","Feriale","4.000","31","27.700","760","129.700","5.340"
"S40","S40 Albate - Como - Mendrisio - Varese","c2025Novembre","Sabato","1.000","20","6.400","400","68.700","3.450"
"S5","S5 Varese - Milano Passante - Treviglio","c2024Luglio","Feriale","48.700","76","596.500","4.380","2.872.400","48.830"
"S5","S5 Varese - Milano Passante - Treviglio","c2024Luglio","Festivo","21.300","63","257.100","3.760","2.125.700","35.370"
"S5","S5 Varese - Milano Passante - Treviglio","c2024Luglio","Sabato","34.500","70","406.100","4.050","2.263.800","39.070"
"S5","S5 Varese - Milano Passante - Treviglio","c2024Maggio","Feriale","55.500","75","911.700","6.440","4.098.400","48.010"
"S5","S5 Varese - Milano Passante - Treviglio","c2024Maggio","Festivo","26.600","71","449.000","6.090","3.422.400","39.890"
"S5","S5 Varese - Milano Passante - Treviglio","c2024Maggio","Sabato","40.100","74","641.600","6.420","3.558.300","41.180"
"S5","S5 Varese - Milano Passante - Treviglio","c2024Novembre","Feriale","58.400","76","875.300","5.350","3.352.400","47.030"
"S5","S5 Varese - Milano Passante - Treviglio","c2024Novembre","Festivo","31.500","73","484.000","5.100","2.964.800","41.850"
"S5","S5 Varese - Milano Passante - Treviglio","c2024Novembre","Sabato","44.800","73","655.700","5.220","2.883.100","40.650"
"S5","S5 Varese - Milano Passante - Treviglio","c2025Luglio","Feriale","44.900","79","760.500","6.750","4.182.300","49.520"
"S5","S5 Varese - Milano Passante - Treviglio","c2025Luglio","Festivo","16.500","57","277.100","4.460","2.561.800","31.880"
"S5","S5 Varese - Milano Passante - Treviglio","c2025Luglio","Sabato","18.000","46","296.600","3.670","2.089.800","26.380"
"S5","S5 Varese - Milano Passante - Treviglio","c2025Maggio","Feriale","53.100","80","896.900","6.750","4.182.300","49.520"
"S5","S5 Varese - Milano Passante - Treviglio","c2025Maggio","Festivo","32.800","94","494.400","6.680","3.767.700","44.720"
"S5","S5 Varese - Milano Passante - Treviglio","c2025Maggio","Sabato","38.100","78","642.800","6.390","3.613.100","42.910"
"S5","S5 Varese - Milano Passante - Treviglio","c2025Novembre","Feriale","58.400","80","955.100","6.760","4.188.500","50.340"
"S5","S5 Varese - Milano Passante - Treviglio","c2025Novembre","Festivo","30.800","85","504.500","6.850","3.905.900","48.490"
"S5","S5 Varese - Milano Passante - Treviglio","c2025Novembre","Sabato","43.300","78","722.500","6.610","3.609.700","42.990"
"S50","S50 Varese - Mendrisio - Bellinzona","c2024Luglio","Feriale","3.100","19","1.800","30","4.900","4.540"
"S50","S50 Varese - Mendrisio - Bellinzona","c2024Luglio","Festivo","1.400","13","100","20","3.600","3.260"
"S50","S50 Varese - Mendrisio - Bellinzona","c2024Luglio","Sabato","900","9","200","20","2.500","2.180"
"S50","S50 Varese - Mendrisio - Bellinzona","c2024Maggio","Feriale","3.900","21","76.500","1.050","221.800","4.010"
"S50","S50 Varese - Mendrisio - Bellinzona","c2024Maggio","Festivo","1.000","8","21.100","430","105.400","2.010"
"S50","S50 Varese - Mendrisio - Bellinzona","c2024Maggio","Sabato","400","2","8.000","120","29.200","510"
"S50","S50 Varese - Mendrisio - Bellinzona","c2024Novembre","Feriale","2.900","14","0","0","0","3.440"
"S50","S50 Varese - Mendrisio - Bellinzona","c2024Novembre","Festivo","300","4","500","60","10.100","930"
"S50","S50 Varese - Mendrisio - Bellinzona","c2024Novembre","Sabato","500","4","0","0","0","1.010"
"S50","S50 Varese - Mendrisio - Bellinzona","c2025Luglio","Feriale","3.900","30","69.700","1.540","375.800","7.120"
"S50","S50 Varese - Mendrisio - Bellinzona","c2025Luglio","Festivo","500","7","11.900","260","61.800","1.260"
"S50","S50 Varese - Mendrisio - Bellinzona","c2025Luglio","Sabato","1.900","13","38.300","700","147.500","2.760"
"S50","S50 Varese - Mendrisio - Bellinzona","c2025Maggio","Feriale","6.100","39","97.900","2.110","497.100","9.040"
"S50","S50 Varese - Mendrisio - Bellinzona","c2025Maggio","Festivo","3.100","27","55.300","1.500","364.100","6.260"
"S50","S50 Varese - Mendrisio - Bellinzona","c2025Maggio","Sabato","3.700","29","62.000","1.650","407.000","7.010"
"S50","S50 Varese - Mendrisio - Bellinzona","c2025Novembre","Feriale","6.500","37","114.700","1.940","469.900","9.040"
"S50","S50 Varese - Mendrisio - Bellinzona","c2025Novembre","Festivo","3.500","31","63.000","1.680","418.400","7.760"
"S50","S50 Varese - Mendrisio - Bellinzona","c2025Novembre","Sabato","3.900","33","62.100","1.850","457.000","8.180"
"S6","S6 Novara - Milano Passante - Treviglio","c2024Luglio","Feriale","33.300","74","514.600","4.590","2.894.000","46.350"
"S6","S6 Novara - Milano Passante - Treviglio","c2024Luglio","Festivo","14.000","59","226.500","3.370","1.908.900","33.260"
"S6","S6 Novara - Milano Passante - Treviglio","c2024Luglio","Sabato","17.300","64","269.300","3.550","2.060.900","36.800"
"S6","S6 Novara - Milano Passante - Treviglio","c2024Maggio","Feriale","39.200","73","630.200","4.910","3.094.200","46.050"
"S6","S6 Novara - Milano Passante - Treviglio","c2024Maggio","Festivo","17.100","71","270.900","4.090","2.359.100","40.780"
"S6","S6 Novara - Milano Passante - Treviglio","c2024Maggio","Sabato","22.100","65","356.800","3.770","2.217.700","38.120"
"S6","S6 Novara - Milano Passante - Treviglio","c2024Novembre","Feriale","41.600","73","679.300","4.910","3.021.200","44.850"
"S6","S6 Novara - Milano Passante - Treviglio","c2024Novembre","Festivo","18.200","74","283.500","4.150","2.374.000","41.550"
"S6","S6 Novara - Milano Passante - Treviglio","c2024Novembre","Sabato","27.100","73","429.200","4.210","2.406.900","41.550"
"S6","S6 Novara - Milano Passante - Treviglio","c2025Luglio","Feriale","34.300","73","567.500","4.790","3.003.500","45.590"
"S6","S6 Novara - Milano Passante - Treviglio","c2025Luglio","Festivo","13.500","55","213.900","3.190","1.795.600","31.030"
"S6","S6 Novara - Milano Passante - Treviglio","c2025Luglio","Sabato","18.800","65","301.000","3.710","1.995.100","34.930"
"S6","S6 Novara - Milano Passante - Treviglio","c2025Maggio","Feriale","41.900","73","697.300","4.910","3.094.300","46.050"
"S6","S6 Novara - Milano Passante - Treviglio","c2025Maggio","Festivo","16.600","68","280.600","3.910","2.231.500","38.610"
"S6","S6 Novara - Milano Passante - Treviglio","c2025Maggio","Sabato","22.100","63","351.700","3.630","2.095.700","36.170"
"S6","S6 Novara - Milano Passante - Treviglio","c2025Novembre","Feriale","42.600","73","732.700","4.910","3.067.500","45.590"
"S6","S6 Novara - Milano Passante - Treviglio","c2025Novembre","Festivo","19.100","73","309.200","4.210","2.336.100","40.410"
"S6","S6 Novara - Milano Passante - Treviglio","c2025Novembre","Sabato","26.100","72","413.500","4.150","2.310.400","40.000"
"S7","S7 Lecco - Molteno - Monza - Milano","c2024Maggio","Feriale","11.900","40","159.100","2.130","629.900","11.590"
"S7","S7 Lecco - Molteno - Monza - Milano","c2024Maggio","Festivo","4.100","22","59.600","1.250","302.100","5.350"
"S7","S7 Lecco - Molteno - Monza - Milano","c2024Maggio","Sabato","7.100","36","100.000","1.960","488.700","9.000"
"S7","S7 Lecco - Molteno - Monza - Milano","c2024Novembre","Feriale","12.900","40","168.400","2.130","657.200","12.070"
"S7","S7 Lecco - Molteno - Monza - Milano","c2024Novembre","Festivo","3.900","22","55.300","1.250","302.100","5.350"
"S7","S7 Lecco - Molteno - Monza - Milano","c2024Novembre","Sabato","6.600","36","87.100","1.960","488.600","9.000"
"S7","S7 Lecco - Molteno - Monza - Milano","c2025Luglio","Feriale","8.000","40","110.200","2.130","657.300","12.070"
"S7","S7 Lecco - Molteno - Monza - Milano","c2025Luglio","Festivo","3.300","22","53.000","1.250","302.100","5.350"
"S7","S7 Lecco - Molteno - Monza - Milano","c2025Luglio","Sabato","4.400","35","66.300","1.930","481.600","8.750"
"S7","S7 Lecco - Molteno - Monza - Milano","c2025Maggio","Feriale","11.100","40","144.500","2.130","657.300","12.070"
"S7","S7 Lecco - Molteno - Monza - Milano","c2025Maggio","Festivo","3.800","22","51.500","1.250","302.100","5.350"
"S7","S7 Lecco - Molteno - Monza - Milano","c2025Maggio","Sabato","6.700","36","95.300","1.960","488.700","9.000"
"S7","S7 Lecco - Molteno - Monza - Milano","c2025Novembre","Feriale","12.700","40","169.400","2.130","657.300","12.070"
"S7","S7 Lecco - Molteno - Monza - Milano","c2025Novembre","Festivo","4.700","22","86.700","1.250","302.100","5.350"
"S7","S7 Lecco - Molteno - Monza - Milano","c2025Novembre","Sabato","6.500","36","92.600","1.960","488.700","9.000"
"S8","S8 Lecco - Carnate - Milano Pta Garibaldi","c2024Luglio","Feriale","36.100","74","495.700","2.630","1.686.500","46.860"
"S8","S8 Lecco - Carnate - Milano Pta Garibaldi","c2024Luglio","Festivo","11.500","35","166.900","1.190","523.100","15.450"
"S8","S8 Lecco - Carnate - Milano Pta Garibaldi","c2024Luglio","Sabato","25.800","72","399.000","2.570","1.135.900","31.800"
"S8","S8 Lecco - Carnate - Milano Pta Garibaldi","c2024Maggio","Feriale","38.400","73","709.800","3.620","2.263.400","45.690"
"S8","S8 Lecco - Carnate - Milano Pta Garibaldi","c2024Maggio","Festivo","15.000","37","322.800","1.840","792.800","16.010"
"S8","S8 Lecco - Carnate - Milano Pta Garibaldi","c2024Maggio","Sabato","28.200","71","555.700","3.520","1.627.300","32.920"
"S8","S8 Lecco - Carnate - Milano Pta Garibaldi","c2024Novembre","Feriale","42.400","72","804.100","3.560","2.216.100","44.910"
"S8","S8 Lecco - Carnate - Milano Pta Garibaldi","c2024Novembre","Festivo","12.400","38","248.000","1.880","816.600","16.560"
"S8","S8 Lecco - Carnate - Milano Pta Garibaldi","c2024Novembre","Sabato","27.400","72","510.800","3.560","1.560.100","31.620"
"S8","S8 Lecco - Carnate - Milano Pta Garibaldi","c2025Luglio","Feriale","40.900","71","765.900","3.510","2.194.600","44.470"
"S8","S8 Lecco - Carnate - Milano Pta Garibaldi","c2025Luglio","Festivo","15.100","37","261.600","1.830","792.600","16.060"
"S8","S8 Lecco - Carnate - Milano Pta Garibaldi","c2025Luglio","Sabato","32.000","72","644.300","3.560","1.557.800","31.570"
"S8","S8 Lecco - Carnate - Milano Pta Garibaldi","c2025Maggio","Feriale","47.200","72","787.700","3.560","2.216.400","44.910"
"S8","S8 Lecco - Carnate - Milano Pta Garibaldi","c2025Maggio","Festivo","15.500","39","290.100","1.930","816.700","16.560"
"S8","S8 Lecco - Carnate - Milano Pta Garibaldi","c2025Maggio","Sabato","30.000","72","518.700","3.510","1.545.400","31.620"
"S8","S8 Lecco - Carnate - Milano Pta Garibaldi","c2025Novembre","Feriale","51.600","73","917.700","3.610","2.241.100","45.350"
"S8","S8 Lecco - Carnate - Milano Pta Garibaldi","c2025Novembre","Festivo","17.000","38","314.100","1.880","814.800","16.520"
"S8","S8 Lecco - Carnate - Milano Pta Garibaldi","c2025Novembre","Sabato","30.500","72","563.900","3.560","1.560.300","31.620"
"S9","S9 Saronno - Seregno - Milano S.Cristoforo - Albairate","c2024Luglio","Feriale","13.300","115","66.800","1.810","957.400","61.500"
"S9","S9 Saronno - Seregno - Milano S.Cristoforo - Albairate","c2024Luglio","Festivo","1.300","33","7.300","490","276.000","18.890"
"S9","S9 Saronno - Seregno - Milano S.Cristoforo - Albairate","c2024Luglio","Sabato","5.200","77","33.800","1.190","655.200","42.810"
"S9","S9 Saronno - Seregno - Milano S.Cristoforo - Albairate","c2024Maggio","Feriale","28.800","72","374.800","4.330","1.802.500","30.010"
"S9","S9 Saronno - Seregno - Milano S.Cristoforo - Albairate","c2024Maggio","Festivo","12.100","64","157.700","3.920","1.715.400","28.030"
"S9","S9 Saronno - Seregno - Milano S.Cristoforo - Albairate","c2024Maggio","Sabato","9.400","41","130.100","2.510","1.124.100","18.410"
"S9","S9 Saronno - Seregno - Milano S.Cristoforo - Albairate","c2024Novembre","Feriale","30.600","72","352.700","4.330","2.038.100","33.990"
"S9","S9 Saronno - Seregno - Milano S.Cristoforo - Albairate","c2024Novembre","Festivo","9.000","53","106.900","3.170","1.577.100","26.440"
"S9","S9 Saronno - Seregno - Milano S.Cristoforo - Albairate","c2024Novembre","Sabato","13.800","61","168.100","3.700","1.746.300","28.830"
"S9","S9 Saronno - Seregno - Milano S.Cristoforo - Albairate","c2025Luglio","Feriale","17.700","66","228.600","3.780","1.759.100","30.640"
"S9","S9 Saronno - Seregno - Milano S.Cristoforo - Albairate","c2025Luglio","Festivo","6.700","34","79.200","1.860","786.500","14.370"
"S9","S9 Saronno - Seregno - Milano S.Cristoforo - Albairate","c2025Luglio","Sabato","6.400","32","46.400","1.450","702.300","15.480"
"S9","S9 Saronno - Seregno - Milano S.Cristoforo - Albairate","c2025Maggio","Feriale","25.900","72","295.300","4.160","1.950.100","33.740"
"S9","S9 Saronno - Seregno - Milano S.Cristoforo - Albairate","c2025Maggio","Festivo","9.400","56","108.500","3.330","1.551.500","26.160"
"S9","S9 Saronno - Seregno - Milano S.Cristoforo - Albairate","c2025Maggio","Sabato","14.000","52","152.100","3.030","1.411.900","24.310"
"S9","S9 Saronno - Seregno - Milano S.Cristoforo - Albairate","c2025Novembre","Feriale","30.800","72","348.500","4.210","1.991.300","34.070"
"S9","S9 Saronno - Seregno - Milano S.Cristoforo - Albairate","c2025Novembre","Festivo","11.800","70","131.600","3.760","1.777.300","33.110"
"S9","S9 Saronno - Seregno - Milano S.Cristoforo - Albairate","c2025Novembre","Sabato","11.600","62","129.000","3.090","1.455.600","29.280"
"XP1","Malpensa - Milano Cadorna","c2024Luglio","Feriale","13.000","78","461.800","4.060","1.756.700","33.840"
"XP1","Malpensa - Milano Cadorna","c2024Luglio","Festivo","10.900","78","420.300","4.060","1.744.700","33.610"
"XP1","Malpensa - Milano Cadorna","c2024Luglio","Sabato","10.700","76","405.300","3.950","1.704.700","32.840"
"XP1","Malpensa - Milano Cadorna","c2024Maggio","Feriale","12.600","78","435.000","4.060","1.172.300","22.580"
"XP1","Malpensa - Milano Cadorna","c2024Maggio","Festivo","10.500","78","396.800","4.060","1.172.300","22.580"
"XP1","Malpensa - Milano Cadorna","c2024Maggio","Sabato","9.400","78","327.400","4.060","1.172.300","22.580"
"XP1","Malpensa - Milano Cadorna","c2024Novembre","Feriale","13.500","77","464.200","4.000","1.702.700","32.800"
"XP1","Malpensa - Milano Cadorna","c2024Novembre","Festivo","11.800","73","462.600","3.800","1.666.800","32.110"
"XP1","Malpensa - Milano Cadorna","c2024Novembre","Sabato","9.900","77","362.100","4.000","1.742.700","33.570"
"XP1","Malpensa - Milano Cadorna","c2025Luglio","Feriale","9.700","82","278.600","3.990","1.763.600","35.890"
"XP1","Malpensa - Milano Cadorna","c2025Luglio","Festivo","7.700","77","251.400","4.000","1.771.300","34.120"
"XP1","Malpensa - Milano Cadorna","c2025Luglio","Sabato","7.500","72","231.000","3.740","1.656.200","31.900"
"XP1","Malpensa - Milano Cadorna","c2025Maggio","Feriale","8.900","78","137.700","1.890","839.800","34.220"
"XP1","Malpensa - Milano Cadorna","c2025Maggio","Festivo","7.200","78","135.000","1.890","839.800","34.220"
"XP1","Malpensa - Milano Cadorna","c2025Maggio","Sabato","6.600","78","99.200","1.890","839.800","34.220"
"XP1","Malpensa - Milano Cadorna","c2025Novembre","Feriale","9.100","77","259.900","3.290","1.457.300","34.120"
"XP1","Malpensa - Milano Cadorna","c2025Novembre","Festivo","7.700","77","264.300","3.740","1.653.100","34.120"
"XP1","Malpensa - Milano Cadorna","c2025Novembre","Sabato","6.300","77","184.600","3.550","1.571.600","34.120"
"XP2","Malpensa - Milano Centrale","c2024Luglio","Feriale","5.900","24","226.900","1.380","501.600","8.750"
"XP2","Malpensa - Milano Centrale","c2024Luglio","Festivo","4.900","23","200.500","1.320","489.000","8.530"
"XP2","Malpensa - Milano Centrale","c2024Luglio","Sabato","5.200","24","203.500","1.380","515.400","8.990"
"XP2","Malpensa - Milano Centrale","c2024Maggio","Feriale","6.100","24","225.100","1.380","448.800","7.830"
"XP2","Malpensa - Milano Centrale","c2024Maggio","Festivo","5.000","24","190.800","1.380","501.600","8.750"
"XP2","Malpensa - Milano Centrale","c2024Maggio","Sabato","5.500","23","205.800","1.320","475.200","8.290"
"XP2","Malpensa - Milano Centrale","c2024Novembre","Feriale","6.200","24","225.400","1.380","488.400","8.520"
"XP2","Malpensa - Milano Centrale","c2024Novembre","Festivo","6.700","24","271.500","1.380","501.600","8.750"
"XP2","Malpensa - Milano Centrale","c2024Novembre","Sabato","4.900","24","182.600","1.380","501.600","8.750"
"XP2","Malpensa - Milano Centrale","c2025Luglio","Feriale","6.100","27","213.200","1.380","545.800","9.510"
"XP2","Malpensa - Milano Centrale","c2025Luglio","Festivo","4.400","21","171.200","1.210","514.500","8.970"
"XP2","Malpensa - Milano Centrale","c2025Luglio","Sabato","4.400","23","164.500","1.330","609.800","10.630"
"XP2","Malpensa - Milano Centrale","c2025Maggio","Feriale","7.100","24","267.600","1.380","501.600","8.750"
"XP2","Malpensa - Milano Centrale","c2025Maggio","Festivo","6.700","24","271.600","1.380","501.600","8.750"
"XP2","Malpensa - Milano Centrale","c2025Maggio","Sabato","6.900","24","269.700","1.380","501.600","8.750"
"XP2","Malpensa - Milano Centrale","c2025Novembre","Feriale","5.700","29","166.300","1.520","872.600","16.680"
"XP2","Malpensa - Milano Centrale","c2025Novembre","Festivo","5.000","28","157.600","1.610","921.100","16.110"
"XP2","Malpensa - Milano Centrale","c2025Novembre","Sabato","5.300","29","173.100","1.660","954.100","16.680"
